<COLLADA xmlns="http://www.collada.org/2005/11/COLLADASchema" version="1.4.1">
  <asset>
    <contributor/>
    <created>2025-02-28T23:33:04.025780</created>
    <modified>2025-02-28T23:33:04.025786</modified>
    <unit name="meter" meter="1.0"/>
    <up_axis>Z_UP</up_axis>
  </asset>
  <library_effects>
    <effect id="effect_finger_body_shape003" name="effect_finger_body_shape003">
      <profile_COMMON>
        <technique sid="common">
          <phong>
            <emission>
              <color>0.0 0.0 0.0 1.0</color>
            </emission>
            <ambient>
              <color>0.0 0.0 0.0 1.0</color>
            </ambient>
            <diffuse>
              <color>0.67843097448349 0.7098039984703064 0.7411760091781616 1.0</color>
            </diffuse>
            <specular>
              <color>1 1 1 1.0</color>
            </specular>
            <shininess>
              <float>0.0</float>
            </shininess>
            <reflective>
              <color>0.0 0.0 0.0 1.0</color>
            </reflective>
            <reflectivity>
              <float>0.0</float>
            </reflectivity>
            <transparent>
              <color>0.0 0.0 0.0 1.0</color>
            </transparent>
            <transparency>
              <float>1.0</float>
            </transparency>
          </phong>
        </technique>
        <extra>
          <technique profile="GOOGLEEARTH">
            <double_sided>0</double_sided>
          </technique>
        </extra>
      </profile_COMMON>
    </effect>
  </library_effects>
  <library_geometries>
    <geometry id="geometry0" name="finger_body_shape003">
      <mesh>
        <source id="cubeverts-array0">
          <float_array count="8490" id="cubeverts-array0-array">-0.07 -0.035 -0.015 -0.06 -0.035 -0.015 -0.07 -0.042 -0.015 -0.055 -0.035 -0.015 -0.01 -0.042 -0.015 -0.02 -0.035 -0.015 -0.01 -0.04 -0.015 -0.02315675 -0.02556945 -0.015 -0.02308501 -0.0256385 -0.015 -0.02322376 -0.02549579 -0.015 -0.02300883 -0.02570263 -0.015 -0.02328574 -0.02541785 -0.015 -0.02292858 -0.02576158 -0.015 -0.02284458 -0.02581506 -0.015 -0.02275723 -0.02586286 -0.015 -0.02636203 -0.02225029 -0.015 -0.02629076 -0.02231982 -0.015 -0.02642853 -0.02217617 -0.015 -0.02621502 -0.02238448 -0.015 -0.02648997 -0.02209781 -0.015 -0.02613517 -0.02244397 -0.015 -0.0233424 -0.02533597 -0.015 -0.02266689 -0.02590475 -0.015 -0.02654608 -0.02201554 -0.015 -0.02605155 -0.02249803 -0.015 -0.02339351 -0.02525051 -0.015 -0.0265966 -0.02192974 -0.015 -0.02257398 -0.02594056 -0.015 -0.02596452 -0.02254642 -0.015 -0.02343884 -0.02516184 -0.015 -0.02587447 -0.02258893 -0.015 -0.02347818 -0.02507037 -0.015 -0.02247889 -0.02597013 -0.015 -0.0257818 -0.02262538 -0.015 -0.02351137 -0.02497648 -0.015 -0.02238205 -0.02599332 -0.015 -0.02568692 -0.02265559 -0.015 -0.02353825 -0.0248806 -0.015 -0.02228389 -0.02601004 -0.015 -0.02559024 -0.02267944 -0.015 -0.02355872 -0.02478315 -0.015 -0.02218483 -0.0260202 -0.015 -0.0254922 -0.02269683 -0.015 -0.02357267 -0.02468456 -0.015 -0.02208532 -0.02602377 -0.015 -0.02539321 -0.02270767 -0.015 -0.02358005 -0.02458525 -0.015 -0.02198579 -0.02602073 -0.015 -0.02529372 -0.02271192 -0.015 -0.02358083 -0.02448568 -0.015 -0.02519418 -0.02270956 -0.015 -0.023575 -0.02438627 -0.015 -0.025095 -0.02270061 -0.015 -0.02356258 -0.02428747 -0.015 -0.02499664 -0.02268509 -0.015 -0.02354364 -0.02418972 -0.015 -0.02351825 -0.02409343 -0.015 -0.02907522 -0.01851821 -0.015 -0.02664132 -0.02184076 -0.015 -0.02900442 -0.01858823 -0.015 -0.02668004 -0.02174902 -0.015 -0.02914121 -0.01844364 -0.015 -0.02892913 -0.01865341 -0.015 -0.02671258 -0.02165491 -0.015 -0.02920212 -0.01836486 -0.015 -0.02884969 -0.01871344 -0.015 -0.02673881 -0.02155885 -0.015 -0.02489953 -0.02266307 -0.015 -0.02925766 -0.01828222 -0.015 -0.02876643 -0.01876807 -0.015 -0.02675861 -0.02146126 -0.015 -0.02930759 -0.01819606 -0.015 -0.02867974 -0.01881705 -0.015 -0.02677189 -0.02136258 -0.015 -0.02348653 -0.02399904 -0.015 -0.02935171 -0.01810679 -0.015 -0.02858999 -0.01886018 -0.015 -0.02677859 -0.02126323 -0.015 -0.02480409 -0.02263467 -0.015 -0.02938979 -0.01801479 -0.015 -0.02849757 -0.01889726 -0.015 -0.02677869 -0.02116365 -0.015 -0.02840289 -0.01892812 -0.015 -0.02677218 -0.02106428 -0.015 -0.02830638 -0.01895263 -0.015 -0.02675909 -0.02096557 -0.015 -0.02820846 -0.01897069 -0.015 -0.02673948 -0.02086794 -0.015 -0.02810955 -0.0189822 -0.015 -0.02671343 -0.02077183 -0.015 -0.02801009 -0.01898713 -0.015 -0.02668107 -0.02067766 -0.015 -0.02791053 -0.01898546 -0.015 -0.0278113 -0.01897718 -0.015 -0.02664253 -0.02058585 -0.015 -0.02771283 -0.01896233 -0.015 -0.02659798 -0.02049679 -0.015 -0.02323878 -0.0235697 -0.015 -0.02355133 -0.02311568 -0.015 -0.02317293 -0.02349501 -0.015 -0.02329953 -0.0236486 -0.015 -0.02335491 -0.02373136 -0.015 -0.02340468 -0.0238176 -0.015 -0.02344862 -0.02390696 -0.015 -0.02392353 -0.02273026 -0.015 -0.02471074 -0.02259999 -0.015 -0.02461991 -0.0225592 -0.015 -0.02453197 -0.02251247 -0.015 -0.02444734 -0.02246001 -0.015 -0.02436637 -0.02240205 -0.015 -0.02428942 -0.02233885 -0.015 -0.02124067 -0.02576609 -0.015 -0.02063242 -0.02575468 -0.015 -0.02132495 -0.02581912 -0.015 -0.0211601 -0.02570757 -0.015 -0.02108359 -0.02564384 -0.015 -0.02101147 -0.02557518 -0.015 -0.02094407 -0.02550188 -0.015 -0.02141256 -0.02586645 -0.015 -0.02031771 -0.02600367 -0.015 -0.02150312 -0.02590786 -0.015 -0.02 -0.02624881 -0.015 -0.02188668 -0.0260111 -0.015 -0.02178843 -0.02599491 -0.015 -0.02169147 -0.02597223 -0.015 -0.02159622 -0.02594318 -0.015 -0.02629289 -0.02010611 -0.015 -0.02653921 -0.01961301 -0.015 -0.02621728 -0.02004131 -0.015 -0.02636403 -0.02017579 -0.015 -0.02643039 -0.02025003 -0.015 -0.02649168 -0.02032851 -0.015 -0.02654763 -0.02041088 -0.015 -0.02685415 -0.01917954 -0.015 -0.02761557 -0.01894098 -0.015 -0.02751994 -0.01891323 -0.015 -0.02742636 -0.01887919 -0.015 -0.02733525 -0.01883902 -0.015 -0.027247 -0.01879289 -0.015 -0.027162 -0.01874101 -0.015 -0.0294664 -0.0177265 -0.015 -0.03117333 -0.01451622 -0.015 -0.029479 -0.01762772 -0.015 -0.02944727 -0.01782422 -0.015 -0.03124365 -0.01444571 -0.015 -0.03109849 -0.01458191 -0.015 -0.02948503 -0.01752833 -0.015 -0.0294217 -0.01792046 -0.015 -0.03130914 -0.0143707 -0.015 -0.03101946 -0.01464248 -0.015 -0.02948444 -0.01742875 -0.015 -0.0313695 -0.0142915 -0.015 -0.03093658 -0.01469768 -0.015 -0.02947725 -0.01732943 -0.015 -0.03142447 -0.01420848 -0.015 -0.03085022 -0.01474725 -0.015 -0.02946349 -0.01723081 -0.015 -0.03147382 -0.01412199 -0.015 -0.03076077 -0.01479099 -0.015 -0.02944321 -0.01713332 -0.015 -0.03151732 -0.01403241 -0.015 -0.0306686 -0.0148287 -0.015 -0.02941651 -0.01703739 -0.015 -0.03155478 -0.01394015 -0.015 -0.03057414 -0.01486021 -0.015 -0.02938351 -0.01694344 -0.015 -0.03158603 -0.01384561 -0.015 -0.0304778 -0.01488538 -0.015 -0.02934434 -0.01685189 -0.015 -0.03161095 -0.0137492 -0.015 -0.03038 -0.0149041 -0.015 -0.02929919 -0.01676314 -0.015 -0.03028117 -0.0149163 -0.015 -0.03018175 -0.01492191 -0.015 -0.02924824 -0.01667758 -0.015 -0.03008218 -0.01492091 -0.015 -0.02919173 -0.01659559 -0.015 -0.02883524 -0.01625118 -0.015 -0.02901054 -0.01572859 -0.015 -0.02875135 -0.01619753 -0.015 -0.02891538 -0.01631027 -0.015 -0.02899143 -0.01637456 -0.015 -0.02906305 -0.01644374 -0.015 -0.02912991 -0.01651753 -0.015 -0.02998289 -0.01491331 -0.015 -0.02926208 -0.01525551 -0.015 -0.02988433 -0.01489913 -0.015 -0.02978692 -0.01487845 -0.015 -0.02969111 -0.01485135 -0.015 -0.0295973 -0.01481795 -0.015 -0.02950591 -0.01477841 -0.015 -0.03164542 -0.01335348 -0.015 -0.03275542 -0.01018291 -0.015 -0.03163755 -0.01325422 -0.015 -0.03282525 -0.01011192 -0.015 -0.03164668 -0.01345305 -0.015 -0.03268103 -0.0102491 -0.015 -0.03162312 -0.01315569 -0.015 -0.03164134 -0.01355249 -0.015 -0.03289022 -0.01003646 -0.015 -0.03260241 -0.01031021 -0.015 -0.03160217 -0.01305834 -0.015 -0.03162941 -0.01365135 -0.015 -0.03295004 -0.009956855 -0.015 -0.03251991 -0.01036598 -0.015 -0.03157482 -0.0129626 -0.015 -0.03300445 -0.009873455 -0.015 -0.0324339 -0.01041614 -0.015 -0.03154117 -0.01286888 -0.015 -0.0330532 -0.00978663 -0.015 -0.03234474 -0.01046049 -0.015 -0.03150138 -0.0127776 -0.015 -0.03309609 -0.009696761 -0.015 -0.03225283 -0.01049883 -0.015 -0.03145562 -0.01268916 -0.015 -0.03313292 -0.009604245 -0.015 -0.03215859 -0.01053098 -0.015 -0.03140409 -0.01260395 -0.015 -0.03316353 -0.009509489 -0.015 -0.03206242 -0.01055681 -0.015 -0.03134703 -0.01252234 -0.015 -0.03128467 -0.01244471 -0.015 -0.03318778 -0.009412911 -0.015 -0.03196475 -0.0105762 -0.015 -0.0312173 -0.01237138 -0.015 -0.03320558 -0.009314937 -0.015 -0.03081634 -0.01207993 -0.015 -0.03091721 -0.01153804 -0.015 -0.0307258 -0.01203848 -0.015 -0.03090393 -0.0121273 -0.015 -0.03098819 -0.01218037 -0.015 -0.03106873 -0.01223892 -0.015 -0.03114522 -0.01230268 -0.015 -0.03186601 -0.01058907 -0.015 -0.03110046 -0.01103455 -0.015 -0.03176663 -0.01059536 -0.015 -0.03166706 -0.01059504 -0.015 -0.03156772 -0.01058812 -0.015 -0.03146906 -0.01057462 -0.015 -0.03137152 -0.0105546 -0.015 -0.03127552 -0.01052816 -0.015 -0.03311199 -0.008533089 -0.015 -0.03372003 -0.005672496 -0.015 -0.03307158 -0.008442081 -0.015 -0.03314628 -0.008626576 -0.015 -0.03378938 -0.005601037 -0.015 -0.0336461 -0.005739198 -0.015 -0.03302522 -0.008353956 -0.015 -0.03317429 -0.008722134 -0.015 -0.03385383 -0.005525133 -0.015 -0.0335679 -0.005800847 -0.015 -0.03297311 -0.008269101 -0.015 -0.0331959 -0.008819338 -0.015 -0.03391311 -0.00544512 -0.015 -0.03219764 -0.007673564 -0.015 -0.03222211 -0.007122904 -0.015 -0.03210221 -0.007645116 -0.015 -0.03229097 -0.007708281 -0.015 -0.03238179 -0.007749113 -0.015 -0.0324697 -0.00779588 -0.015 -0.03255432 -0.007848378 -0.015 -0.03263526 -0.007906374 -0.015 -0.03348578 -0.005857172 -0.015 -0.03291549 -0.00818789 -0.015 -0.03321101 -0.008917763 -0.015 -0.03396694 -0.005361351 -0.015 -0.03340011 -0.005907924 -0.015 -0.0328526 -0.008110682 -0.015 -0.0340151 -0.005274195 -0.015 -0.03321955 -0.009016972 -0.015 -0.03331126 -0.00595288 -0.015 -0.03278473 -0.008037816 -0.015 -0.03405737 -0.005184035 -0.015 -0.0332215 -0.00911653 -0.015 -0.03321962 -0.005991842 -0.015 -0.03409357 -0.005091269 -0.015 -0.03321683 -0.009215998 -0.015 -0.0331256 -0.006024639 -0.015 -0.03271218 -0.007969613 -0.015 -0.03412353 -0.004996306 -0.015 -0.03302961 -0.006051125 -0.015 -0.055 0.01417774 -0.015 -0.03416425 -0.004801472 -0.015 -0.03414713 -0.004899565 -0.015 -0.03293207 -0.006071183 -0.015 -0.03233351 -0.006598815 -0.015 -0.03283342 -0.006084726 -0.015 -0.03417483 -0.004702458 -0.015 -0.03273409 -0.006091694 -0.015 -0.03417881 -0.004602961 -0.015 -0.03263451 -0.006092057 -0.015 -0.03417619 -0.004503418 -0.015 -0.03253513 -0.006085811 -0.015 -0.03243638 -0.006072986 -0.015 -0.03295225 -0.003117839 -0.015 -0.03289984 -0.002569134 -0.015 -0.03285379 -0.003102949 -0.015 -0.0330495 -0.003139229 -0.015 -0.03314512 -0.003167024 -0.015 -0.03323869 -0.003201102 -0.015 -0.03332978 -0.003241313 -0.015 -0.03341801 -0.003287479 -0.015 -0.03392464 -0.003757249 -0.015 -0.03404854 -0.001072645 -0.015 -0.03386646 -0.003676434 -0.015 -0.0341174 -0.001000713 -0.015 -0.03397733 -0.003841746 -0.015 -0.03397506 -0.00113985 -0.015 -0.03380305 -0.003599657 -0.015 -0.03418133 -0.0009243712 -0.015 -0.03402429 -0.003929552 -0.015 -0.03389729 -0.001202032 -0.015 -0.03373469 -0.003527256 -0.015 -0.03424006 -0.0008439555 -0.015 -0.03406532 -0.004020281 -0.015 -0.03381556 -0.001258917 -0.015 -0.03366167 -0.00345955 -0.015 -0.03429332 -0.0007598204 -0.015 -0.03410025 -0.004113533 -0.015 -0.03373023 -0.001310253 -0.015 -0.03358432 -0.003396839 -0.015 -0.03350298 -0.003339397 -0.015 -0.03434088 -0.0006723369 -0.015 -0.03412891 -0.004208896 -0.015 -0.03364169 -0.001355816 -0.015 -0.03438253 -0.0005818905 -0.015 -0.03415118 -0.004305951 -0.015 -0.03355032 -0.001395403 -0.015 -0.03293722 -0.002034642 -0.015 -0.03441809 -0.0004888797 -0.015 -0.03416696 -0.004404269 -0.015 -0.03345652 -0.001428841 -0.015 -0.03444741 -0.0003937145 -0.015 -0.03336072 -0.001455982 -0.015 -0.03447034 -0.0002968141 -0.015 -0.03326332 -0.001476707 -0.015 -0.03448679 -0.0001986058 -0.015 -0.03316476 -0.001490924 -0.015 -0.0344967 -9.952219e-05 -0.015 -0.03306548 -0.00149857 -0.015 -0.0345 -4.47924e-18 -0.015 -0.03296591 -0.001499613 -0.015 -0.0344967 9.952219e-05 -0.015 -0.03448679 0.0001986058 -0.015 -0.03447034 0.0002968141 -0.015 -0.03306548 0.00149857 -0.015 -0.03293722 0.002034642 -0.015 -0.03296591 0.001499613 -0.015 -0.03316476 0.001490924 -0.015 -0.03326332 0.001476707 -0.015 -0.03336072 0.001455982 -0.015 -0.03345652 0.001428841 -0.015 -0.03355032 0.001395403 -0.015 -0.03289984 0.002569134 -0.015 -0.03389729 0.001202032 -0.015 -0.03373469 0.003527256 -0.015 -0.03381556 0.001258917 -0.015 -0.03397506 0.00113985 -0.015 -0.03380305 0.003599657 -0.015 -0.03366167 0.00345955 -0.015 -0.03373023 0.001310253 -0.015 -0.03386646 0.003676434 -0.015 -0.03404854 0.001072645 -0.015 -0.03358432 0.003396839 -0.015 -0.0341174 0.001000713 -0.015 -0.03392464 0.003757249 -0.015 -0.03350298 0.003339397 -0.015 -0.03364169 0.001355816 -0.015 -0.03397733 0.003841746 -0.015 -0.03418133 0.0009243712 -0.015 -0.03341801 0.003287479 -0.015 -0.03424006 0.0008439555 -0.015 -0.03402429 0.003929552 -0.015 -0.03332978 0.003241313 -0.015 -0.03406532 0.004020281 -0.015 -0.03429332 0.0007598204 -0.015 -0.03323869 0.003201102 -0.015 -0.03434088 0.0006723369 -0.015 -0.03410025 0.004113533 -0.015 -0.03314512 0.003167024 -0.015 -0.03412891 0.004208896 -0.015 -0.03438253 0.0005818905 -0.015 -0.0330495 0.003139229 -0.015 -0.03415118 0.004305951 -0.015 -0.03441809 0.0004888797 -0.015 -0.03295225 0.003117839 -0.015 -0.03444741 0.0003937145 -0.015 -0.03416696 0.004404269 -0.015 -0.03285379 0.003102949 -0.015 -0.03417619 0.004503418 -0.015 -0.03417881 0.004602961 -0.015 -0.03417483 0.004702458 -0.015 -0.03416425 0.004801472 -0.015 -0.03414713 0.004899565 -0.015 -0.03412353 0.004996306 -0.015 -0.03409357 0.005091269 -0.015 -0.03405737 0.005184035 -0.015 -0.03253513 0.006085811 -0.015 -0.03233351 0.006598815 -0.015 -0.03243638 0.006072986 -0.015 -0.03263451 0.006092057 -0.015 -0.03273409 0.006091694 -0.015 -0.03283342 0.006084726 -0.015 -0.03293207 0.006071183 -0.015 -0.03302961 0.006051125 -0.015 -0.03321962 0.005991842 -0.015 -0.03278473 0.008037816 -0.015 -0.0331256 0.006024639 -0.015 -0.03331126 0.00595288 -0.015 -0.03271218 0.007969613 -0.015 -0.03340011 0.005907924 -0.015 -0.0328526 0.008110682 -0.015 -0.03263526 0.007906374 -0.015 -0.03222211 0.007122904 -0.015 -0.03291549 0.00818789 -0.015 -0.03348578 0.005857172 -0.015 -0.03255432 0.007848378 -0.015 -0.03297311 0.008269101 -0.015 -0.0335679 0.005800847 -0.015 -0.0324697 0.00779588 -0.015 -0.03302522 0.008353956 -0.015 -0.0336461 0.005739198 -0.015 -0.03238179 0.007749113 -0.015 -0.03307158 0.008442081 -0.015 -0.03372003 0.005672496 -0.015 -0.03229097 0.007708281 -0.015 -0.03311199 0.008533089 -0.015 -0.03378938 0.005601037 -0.015 -0.03219764 0.007673564 -0.015 -0.03314628 0.008626576 -0.015 -0.03385383 0.005525133 -0.015 -0.03210221 0.007645116 -0.015 -0.03317429 0.008722134 -0.015 -0.03391311 0.00544512 -0.015 -0.0331959 0.008819338 -0.015 -0.03396694 0.005361351 -0.015 -0.03321101 0.008917763 -0.015 -0.0340151 0.005274195 -0.015 -0.03321955 0.009016972 -0.015 -0.0332215 0.00911653 -0.015 -0.03321683 0.009215998 -0.015 -0.03320558 0.009314937 -0.015 -0.03318778 0.009412911 -0.015 -0.03316353 0.009509489 -0.015 -0.03313292 0.009604245 -0.015 -0.03309609 0.009696761 -0.015 -0.0330532 0.00978663 -0.015 -0.03300445 0.009873455 -0.015 -0.03137152 0.0105546 -0.015 -0.03110046 0.01103455 -0.015 -0.03127552 0.01052816 -0.015 -0.03146906 0.01057462 -0.015 -0.03156772 0.01058812 -0.015 -0.03166706 0.01059504 -0.015 -0.03176663 0.01059536 -0.015 -0.03186601 0.01058907 -0.015 -0.03091721 0.01153804 -0.015 -0.03196475 0.0105762 -0.015 -0.0312173 0.01237138 -0.015 -0.03114522 0.01230268 -0.015 -0.03206242 0.01055681 -0.015 -0.03128467 0.01244471 -0.015 -0.03106873 0.01223892 -0.015 -0.03134703 0.01252234 -0.015 -0.03098819 0.01218037 -0.015 -0.03140409 0.01260395 -0.015 -0.03215859 0.01053098 -0.015 -0.03090393 0.0121273 -0.015 -0.03225283 0.01049883 -0.015 -0.03145562 0.01268916 -0.015 -0.03081634 0.01207993 -0.015 -0.03150138 0.0127776 -0.015 -0.03234474 0.01046049 -0.015 -0.0307258 0.01203848 -0.015 -0.0324339 0.01041614 -0.015 -0.03154117 0.01286888 -0.015 -0.03251991 0.01036598 -0.015 -0.03157482 0.0129626 -0.015 -0.03160217 0.01305834 -0.015 -0.03260241 0.01031021 -0.015 -0.03268103 0.0102491 -0.015 -0.03162312 0.01315569 -0.015 -0.03163755 0.01325422 -0.015 -0.03275542 0.01018291 -0.015 -0.03282525 0.01011192 -0.015 -0.03164542 0.01335348 -0.015 -0.03164668 0.01345305 -0.015 -0.03289022 0.01003646 -0.015 -0.03295004 0.009956855 -0.015 -0.03164134 0.01355249 -0.015 -0.03162941 0.01365135 -0.015 -0.03161095 0.0137492 -0.015 -0.03158603 0.01384561 -0.015 -0.03155478 0.01394015 -0.015 -0.03151732 0.01403241 -0.015 -0.03147382 0.01412199 -0.015 -0.03142447 0.01420848 -0.015 -0.0313695 0.0142915 -0.015 -0.0295973 0.01481795 -0.015 -0.02926208 0.01525551 -0.015 -0.02950591 0.01477841 -0.015 -0.02969111 0.01485135 -0.015 -0.02978692 0.01487845 -0.015 -0.02988433 0.01489913 -0.015 -0.02998289 0.01491331 -0.015 -0.03008218 0.01492091 -0.015 -0.02906305 0.01644374 -0.015 -0.02899143 0.01637456 -0.015 -0.02901054 0.01572859 -0.015 -0.02912991 0.01651753 -0.015 -0.02891538 0.01631027 -0.015 -0.02919173 0.01659559 -0.015 -0.02883524 0.01625118 -0.015 -0.02924824 0.01667758 -0.015 -0.03018175 0.01492191 -0.015 -0.02875135 0.01619753 -0.015 -0.02929919 0.01676314 -0.015 -0.03028117 0.0149163 -0.015 -0.03038 0.0149041 -0.015 -0.02934434 0.01685189 -0.015 -0.0304778 0.01488538 -0.015 -0.02938351 0.01694344 -0.015 -0.03057414 0.01486021 -0.015 -0.02941651 0.01703739 -0.015 -0.0306686 0.0148287 -0.015 -0.02944321 0.01713332 -0.015 -0.03076077 0.01479099 -0.015 -0.02946349 0.01723081 -0.015 -0.03085022 0.01474725 -0.015 -0.02947725 0.01732943 -0.015 -0.03093658 0.01469768 -0.015 -0.02948444 0.01742875 -0.015 -0.03101946 0.01464248 -0.015 -0.02948503 0.01752833 -0.015 -0.03109849 0.01458191 -0.015 -0.029479 0.01762772 -0.015 -0.03117333 0.01451622 -0.015 -0.0294664 0.0177265 -0.015 -0.03124365 0.01444571 -0.015 -0.02944727 0.01782422 -0.015 -0.03130914 0.0143707 -0.015 -0.0294217 0.01792046 -0.015 -0.02938979 0.01801479 -0.015 -0.02935171 0.01810679 -0.015 -0.027247 0.01879289 -0.015 -0.02685415 0.01917954 -0.015 -0.027162 0.01874101 -0.015 -0.02733525 0.01883902 -0.015 -0.02742636 0.01887919 -0.015 -0.02751994 0.01891323 -0.015 -0.02761557 0.01894098 -0.015 -0.02771283 0.01896233 -0.015 -0.02636403 0.02017579 -0.015 -0.02629289 0.02010611 -0.015 -0.02653921 0.01961301 -0.015 -0.02643039 0.02025003 -0.015 -0.02621728 0.02004131 -0.015 -0.02649168 0.02032851 -0.015 -0.02654763 0.02041088 -0.015 -0.02659798 0.02049679 -0.015 -0.0278113 0.01897718 -0.015 -0.02664253 0.02058585 -0.015 -0.02668107 0.02067766 -0.015 -0.02791053 0.01898546 -0.015 -0.02801009 0.01898713 -0.015 -0.02671343 0.02077183 -0.015 -0.02810955 0.0189822 -0.015 -0.02673948 0.02086794 -0.015 -0.02820846 0.01897069 -0.015 -0.02675909 0.02096557 -0.015 -0.02830638 0.01895263 -0.015 -0.02677218 0.02106428 -0.015 -0.02840289 0.01892812 -0.015 -0.02677869 0.02116365 -0.015 -0.02849757 0.01889726 -0.015 -0.02677859 0.02126323 -0.015 -0.02858999 0.01886018 -0.015 -0.02867974 0.01881705 -0.015 -0.02677189 0.02136258 -0.015 -0.02876643 0.01876807 -0.015 -0.02675861 0.02146126 -0.015 -0.02884969 0.01871344 -0.015 -0.02673881 0.02155885 -0.015 -0.02671258 0.02165491 -0.015 -0.02892913 0.01865341 -0.015 -0.02668004 0.02174902 -0.015 -0.02900442 0.01858823 -0.015 -0.02664132 0.02184076 -0.015 -0.02436637 0.02240205 -0.015 -0.02392353 0.02273026 -0.015 -0.02428942 0.02233885 -0.015 -0.02444734 0.02246001 -0.015 -0.02453197 0.02251247 -0.015 -0.02461991 0.0225592 -0.015 -0.02471074 0.02259999 -0.015 -0.02480409 0.02263467 -0.015 -0.02355133 0.02311568 -0.015 -0.02323878 0.0235697 -0.015 -0.02317293 0.02349501 -0.015 -0.02329953 0.0236486 -0.015 -0.02335491 0.02373136 -0.015 -0.02340468 0.0238176 -0.015 -0.02344862 0.02390696 -0.015 -0.02348653 0.02399904 -0.015 -0.02489953 0.02266307 -0.015 -0.02351825 0.02409343 -0.015 -0.02499664 0.02268509 -0.015 -0.02354364 0.02418972 -0.015 -0.02356258 0.02428747 -0.015 -0.025095 0.02270061 -0.015 -0.023575 0.02438627 -0.015 -0.02519418 0.02270956 -0.015 -0.02358083 0.02448568 -0.015 -0.02529372 0.02271192 -0.015 -0.02539321 0.02270767 -0.015 -0.02358005 0.02458525 -0.015 -0.0254922 0.02269683 -0.015 -0.02357267 0.02468456 -0.015 -0.02355872 0.02478315 -0.015 -0.02559024 0.02267944 -0.015 -0.02353825 0.0248806 -0.015 -0.02568692 0.02265559 -0.015 -0.02351137 0.02497648 -0.015 -0.0257818 0.02262538 -0.015 -0.02347818 0.02507037 -0.015 -0.02587447 0.02258893 -0.015 -0.02343884 0.02516184 -0.015 -0.02596452 0.02254642 -0.015 -0.02339351 0.02525051 -0.015 -0.02605155 0.02249803 -0.015 -0.02907522 0.01851821 -0.015 -0.03292893 0.03624881 -0.015 -0.02914121 0.01844364 -0.015 -0.02920212 0.01836486 -0.015 -0.02292858 0.02576158 -0.015 -0.02284458 0.02581506 -0.015 -0.02925766 0.01828222 -0.015 -0.02300883 0.02570263 -0.015 -0.02930759 0.01819606 -0.015 -0.02308501 0.0256385 -0.015 -0.02315675 0.02556945 -0.015 -0.02322376 0.02549579 -0.015 -0.02328574 0.02541785 -0.015 -0.0233424 0.02533597 -0.015 -0.02613517 0.02244397 -0.015 -0.02621502 0.02238448 -0.015 -0.02629076 0.02231982 -0.015 -0.02636203 0.02225029 -0.015 -0.02642853 0.02217617 -0.015 -0.02648997 0.02209781 -0.015 -0.02654608 0.02201554 -0.015 -0.0265966 0.02192974 -0.015 -0.02101147 0.02557518 -0.015 -0.02063242 0.02575468 -0.015 -0.02094407 0.02550188 -0.015 -0.02108359 0.02564384 -0.015 -0.0211601 0.02570757 -0.015 -0.02124067 0.02576609 -0.015 -0.02132495 0.02581912 -0.015 -0.02141256 0.02586645 -0.015 -0.02031771 0.02600367 -0.015 -0.02150312 0.02590786 -0.015 -0.02159622 0.02594318 -0.015 -0.02 0.02624881 -0.015 -0.02169147 0.02597223 -0.015 -0.02178843 0.02599491 -0.015 -0.02188668 0.0260111 -0.015 -0.02198579 0.02602073 -0.015 -0.02208532 0.02602377 -0.015 -0.02 0.03624881 -0.015 -0.02218483 0.0260202 -0.015 -0.02228389 0.02601004 -0.015 -0.02238205 0.02599332 -0.015 -0.02247889 0.02597013 -0.015 -0.02257398 0.02594056 -0.015 -0.02266689 0.02590475 -0.015 -0.02275723 0.02586286 -0.015 -0.02 0.02624881 0.015 -0.02 0.03624881 0.015 -0.02000385 0.03644511 -0.01499615 -0.03292893 0.03649415 -0.01499398 -0.02001498 0.03663562 -0.01498501 -0.03292893 0.0367389 -0.01497592 -0.02003336 0.03682539 -0.01496664 -0.03292893 0.03698246 -0.01494588 -0.020059 0.03701466 -0.014941 -0.03292893 0.03722426 -0.01490393 -0.02009195 0.03720328 -0.01490805 -0.02013223 0.03739109 -0.01486777 -0.03292893 0.03746371 -0.01485016 -0.02017989 0.03757791 -0.01482011 -0.03292893 0.03770023 -0.0147847 -0.02022914 0.03774509 -0.01477086 -0.03292893 0.03793326 -0.01470772 -0.02029094 0.0379295 -0.01470906 -0.02035987 0.03811138 -0.01464013 -0.03292893 0.03816223 -0.0146194 -0.02043681 0.03829265 -0.01456319 -0.03292893 0.03838659 -0.01451995 -0.02052335 0.03847583 -0.01447665 -0.03292893 0.03860579 -0.01440961 -0.0206157 0.03865254 -0.0143843 -0.03292893 0.03881932 -0.01428864 -0.02071799 0.03883035 -0.01428201 -0.02083808 0.0390198 -0.01416192 -0.03292893 0.03902666 -0.01415735 -0.02097037 0.03920889 -0.01402964 -0.03292893 0.03922731 -0.01401604 -0.02108718 0.03936166 -0.01391282 -0.03292893 0.03942078 -0.01386505 -0.02123687 0.03954105 -0.01376313 -0.03292893 0.03960661 -0.01370476 -0.02138281 0.03970076 -0.01361719 -0.03292893 0.03978434 -0.01353553 -0.02153553 0.039854 -0.01346447 -0.03292893 0.03995356 -0.01335779 -0.02169473 0.0400005 -0.01330527 -0.03292893 0.04011386 -0.01317197 -0.02186012 0.04013997 -0.01313988 -0.03292893 0.04026485 -0.0129785 -0.02203138 0.04027216 -0.01296862 -0.02220821 0.04039681 -0.01279179 -0.03292893 0.04040616 -0.01277785 -0.02239026 0.04051369 -0.01260974 -0.03292893 0.04053745 -0.01257051 -0.0225772 0.0406226 -0.0124228 -0.03292893 0.04065842 -0.01235698 -0.02276867 0.04072331 -0.01223133 -0.03292893 0.04076876 -0.01213778 -0.02296432 0.04081565 -0.01203568 -0.03292893 0.04086821 -0.01191342 -0.02316379 0.04089944 -0.01183621 -0.03292893 0.04095653 -0.01168445 -0.02336669 0.04097451 -0.01163331 -0.03292893 0.04103351 -0.01145142 -0.02357265 0.04104074 -0.01142735 -0.03292893 0.04109896 -0.0112149 -0.02378127 0.04109801 -0.01121872 -0.02399219 0.04114619 -0.01100781 -0.03292893 0.04115274 -0.01097545 -0.02420499 0.0411852 -0.01079501 -0.03292893 0.04119469 -0.01073365 -0.02441928 0.04121497 -0.01058072 -0.03292893 0.04122473 -0.01049009 -0.02463465 0.04123544 -0.01036535 -0.03292893 0.04124279 -0.01024534 -0.0248172 0.04124547 -0.0101828 -0.03292893 0.04124881 -0.01 -0.025 0.04124881 -0.01 -0.02031771 0.02600367 0.015 -0.02063242 0.02575468 0.015 -0.02094407 0.02550188 0.015 -0.03310241 0.03642229 -0.01499398 -0.05517348 0.01435122 -0.01499398 -0.05534654 0.01452428 -0.01497592 -0.03327547 0.03659535 -0.01497592 -0.0334477 0.03676758 -0.01494588 -0.05551877 0.01469651 -0.01494588 -0.05568975 0.01486749 -0.01490393 -0.03361868 0.03693856 -0.01490393 -0.05585907 0.01503681 -0.01485016 -0.033788 0.03710788 -0.01485016 -0.03395524 0.03727512 -0.0147847 -0.05602631 0.01520405 -0.0147847 -0.05619109 0.01536883 -0.01470772 -0.03412002 0.0374399 -0.01470772 -0.03428192 0.0376018 -0.0146194 -0.05635299 0.01553073 -0.0146194 -0.05651163 0.01568938 -0.01451995 -0.03444057 0.03776044 -0.01451995 -0.05666664 0.01584438 -0.01440961 -0.03459557 0.03791545 -0.01440961 -0.05681763 0.01599537 -0.01428864 -0.03474656 0.03806644 -0.01428864 -0.03489317 0.03821305 -0.01415735 -0.05696424 0.01614198 -0.01415735 -0.05710611 0.01628386 -0.01401604 -0.03503505 0.03835492 -0.01401604 -0.05724292 0.01642066 -0.01386505 -0.03517185 0.03849173 -0.01386505 -0.05737432 0.01655206 -0.01370476 -0.03530325 0.03862313 -0.01370476 -0.03542893 0.03874881 -0.01353553 -0.0575 0.01667774 -0.01353553 -0.05761966 0.0167974 -0.01335779 -0.03554859 0.03886847 -0.01335779 -0.03566194 0.03898182 -0.01317197 -0.05773301 0.01691075 -0.01317197 -0.05783977 0.01701751 -0.0129785 -0.0357687 0.03908858 -0.0129785 -0.05793969 0.01711743 -0.01277785 -0.03586862 0.0391885 -0.01277785 -0.03596146 0.03928134 -0.01257051 -0.05803253 0.01721027 -0.01257051 -0.05811806 0.0172958 -0.01235698 -0.03604699 0.03936687 -0.01235698 -0.03612502 0.03944489 -0.01213778 -0.05819608 0.01737383 -0.01213778 -0.05826641 0.01744415 -0.01191342 -0.03619534 0.03951522 -0.01191342 -0.05832886 0.0175066 -0.01168445 -0.03625779 0.03957767 -0.01168445 -0.03631223 0.0396321 -0.01145142 -0.05838329 0.01756104 -0.01145142 -0.05842958 0.01760732 -0.0112149 -0.03635851 0.03967839 -0.0112149 -0.03639653 0.03971641 -0.01097545 -0.0584676 0.01764534 -0.01097545 -0.0364262 0.03974608 -0.01073365 -0.05849727 0.01767501 -0.01073365 -0.05851851 0.01769625 -0.01049009 -0.03644744 0.03976732 -0.01049009 -0.03646021 0.03978009 -0.01024534 -0.05853128 0.01770902 -0.01024534 -0.03646447 0.03978434 -0.01 -0.05853553 0.01771328 -0.01 -0.02101147 0.02557518 0.015 -0.02108359 0.02564384 0.015 -0.0211601 0.02570757 0.015 -0.02124067 0.02576609 0.015 -0.02132495 0.02581912 0.015 -0.02141256 0.02586645 0.015 -0.02150312 0.02590786 0.015 -0.02159622 0.02594318 0.015 -0.02169147 0.02597223 0.015 -0.02178843 0.02599491 0.015 -0.02188668 0.0260111 0.015 -0.02198579 0.02602073 0.015 -0.02208532 0.02602377 0.015 -0.02218483 0.0260202 0.015 -0.02228389 0.02601004 0.015 -0.02238205 0.02599332 0.015 -0.02247889 0.02597013 0.015 -0.02257398 0.02594056 0.015 -0.02266689 0.02590475 0.015 -0.02275723 0.02586286 0.015 -0.02284458 0.02581506 0.015 -0.02292858 0.02576158 0.015 -0.02300883 0.02570263 0.015 -0.02308501 0.0256385 0.015 -0.02315675 0.02556945 0.015 -0.02322376 0.02549579 0.015 -0.02328574 0.02541785 0.015 -0.0233424 0.02533597 0.015 -0.02339351 0.02525051 0.015 -0.02343884 0.02516184 0.015 -0.02347818 0.02507037 0.015 -0.02351137 0.02497648 0.015 -0.02353825 0.0248806 0.015 -0.02355872 0.02478315 0.015 -0.02357267 0.02468456 0.015 -0.02358005 0.02458525 0.015 -0.02358083 0.02448568 0.015 -0.023575 0.02438627 0.015 -0.02356258 0.02428747 0.015 -0.02354364 0.02418972 0.015 -0.02351825 0.02409343 0.015 -0.02348653 0.02399904 0.015 -0.02344862 0.02390696 0.015 -0.02340468 0.0238176 0.015 -0.02335491 0.02373136 0.015 -0.02329953 0.0236486 0.015 -0.02323878 0.0235697 0.015 -0.02317293 0.02349501 0.015 -0.05524534 0.01417774 -0.01499398 -0.05524534 -0.035 -0.01499398 -0.05549009 0.01417774 -0.01497592 -0.05549009 -0.035 -0.01497592 -0.05573365 0.01417774 -0.01494588 -0.05573365 -0.035 -0.01494588 -0.05597545 0.01417774 -0.01490393 -0.05597545 -0.035 -0.01490393 -0.0562149 0.01417774 -0.01485016 -0.0562149 -0.035 -0.01485016 -0.05645142 0.01417774 -0.0147847 -0.05645142 -0.035 -0.0147847 -0.05668445 0.01417774 -0.01470772 -0.05668445 -0.035 -0.01470772 -0.05691342 0.01417774 -0.0146194 -0.05691342 -0.035 -0.0146194 -0.05713778 0.01417774 -0.01451995 -0.05713778 -0.035 -0.01451995 -0.05735698 0.01417774 -0.01440961 -0.05735698 -0.035 -0.01440961 -0.05757051 0.01417774 -0.01428864 -0.05757051 -0.035 -0.01428864 -0.05777785 0.01417774 -0.01415735 -0.05777785 -0.035 -0.01415735 -0.0579785 0.01417774 -0.01401604 -0.0579785 -0.035 -0.01401604 -0.05817197 0.01417774 -0.01386505 -0.05817197 -0.035 -0.01386505 -0.0583578 0.01417774 -0.01370476 -0.0583578 -0.035 -0.01370476 -0.05853553 0.01417774 -0.01353553 -0.05853553 -0.035 -0.01353553 -0.05870475 0.01417774 -0.01335779 -0.05870475 -0.035 -0.01335779 -0.05886505 0.01417774 -0.01317197 -0.05886505 -0.035 -0.01317197 -0.05901604 0.01417774 -0.0129785 -0.05901604 -0.035 -0.0129785 -0.05915735 0.01417774 -0.01277785 -0.05915735 -0.035 -0.01277785 -0.05928864 0.01417774 -0.01257051 -0.05928864 -0.035 -0.01257051 -0.05940961 0.01417774 -0.01235698 -0.05940961 -0.035 -0.01235698 -0.05951995 0.01417774 -0.01213778 -0.05951995 -0.035 -0.01213778 -0.0596194 0.01417774 -0.01191342 -0.0596194 -0.035 -0.01191342 -0.05970772 0.01417774 -0.01168445 -0.05970772 -0.035 -0.01168445 -0.0597847 0.01417774 -0.01145142 -0.0597847 -0.035 -0.01145142 -0.05985015 0.01417774 -0.0112149 -0.05985015 -0.035 -0.0112149 -0.05990393 0.01417774 -0.01097545 -0.05990393 -0.035 -0.01097545 -0.05994588 0.01417774 -0.01073365 -0.05994588 -0.035 -0.01073365 -0.05997593 0.01417774 -0.01049009 -0.05997593 -0.035 -0.01049009 -0.05999398 -0.035 -0.01024534 -0.05999398 0.01417774 -0.01024534 -0.06 0.01417774 -0.01 -0.06 -0.035 -0.01 -0.02355133 0.02311568 0.015 -0.02392353 0.02273026 0.015 -0.02428942 0.02233885 0.015 -0.05549009 -0.035 0.01497592 -0.06 -0.035 0.015 -0.05524534 -0.035 0.01499398 -0.05573365 -0.035 0.01494588 -0.05597545 -0.035 0.01490393 -0.0562149 -0.035 0.01485016 -0.05645142 -0.035 0.0147847 -0.05668445 -0.035 0.01470772 -0.05691342 -0.035 0.0146194 -0.05713778 -0.035 0.01451995 -0.05735698 -0.035 0.01440961 -0.05757051 -0.035 0.01428864 -0.05777785 -0.035 0.01415735 -0.0579785 -0.035 0.01401604 -0.05817197 -0.035 0.01386505 -0.0583578 -0.035 0.01370476 -0.05853553 -0.035 0.01353553 -0.05870475 -0.035 0.01335779 -0.05886505 -0.035 0.01317197 -0.05901604 -0.035 0.0129785 -0.05915735 -0.035 0.01277785 -0.05928864 -0.035 0.01257051 -0.05940961 -0.035 0.01235698 -0.05951995 -0.035 0.01213778 -0.0596194 -0.035 0.01191342 -0.05970772 -0.035 0.01168445 -0.0597847 -0.035 0.01145142 -0.07 -0.035 0.015 -0.05985015 -0.035 0.0112149 -0.05990393 -0.035 0.01097545 -0.05994588 -0.035 0.01073365 -0.05997593 -0.035 0.01049009 -0.05999398 -0.035 0.01024534 -0.06 -0.035 0.01 -0.055 -0.035 0.015 -0.02436637 0.02240205 0.015 -0.02444734 0.02246001 0.015 -0.02453197 0.02251247 0.015 -0.02461991 0.0225592 0.015 -0.02471074 0.02259999 0.015 -0.02480409 0.02263467 0.015 -0.02489953 0.02266307 0.015 -0.02499664 0.02268509 0.015 -0.025095 0.02270061 0.015 -0.02519418 0.02270956 0.015 -0.02529372 0.02271192 0.015 -0.02539321 0.02270767 0.015 -0.0254922 0.02269683 0.015 -0.02559024 0.02267944 0.015 -0.02568692 0.02265559 0.015 -0.0257818 0.02262538 0.015 -0.02587447 0.02258893 0.015 -0.02596452 0.02254642 0.015 -0.02605155 0.02249803 0.015 -0.02613517 0.02244397 0.015 -0.02621502 0.02238448 0.015 -0.02629076 0.02231982 0.015 -0.02636203 0.02225029 0.015 -0.02642853 0.02217617 0.015 -0.02648997 0.02209781 0.015 -0.02654608 0.02201554 0.015 -0.0265966 0.02192974 0.015 -0.02664132 0.02184076 0.015 -0.02668004 0.02174902 0.015 -0.02671258 0.02165491 0.015 -0.02673881 0.02155885 0.015 -0.02675861 0.02146126 0.015 -0.02677189 0.02136258 0.015 -0.02677859 0.02126323 0.015 -0.02677869 0.02116365 0.015 -0.02677218 0.02106428 0.015 -0.02675909 0.02096557 0.015 -0.02673948 0.02086794 0.015 -0.02671343 0.02077183 0.015 -0.02668107 0.02067766 0.015 -0.02664253 0.02058585 0.015 -0.02659798 0.02049679 0.015 -0.02654763 0.02041088 0.015 -0.02649168 0.02032851 0.015 -0.02643039 0.02025003 0.015 -0.02636403 0.02017579 0.015 -0.02629289 0.02010611 0.015 -0.02621728 0.02004131 0.015 -0.02653921 0.01961301 0.015 -0.02685415 0.01917954 0.015 -0.027162 0.01874101 0.015 -0.07 -0.042 0.006 -0.07 -0.042 0.015 -0.07 -0.042 -0.006 -0.07 -0.057 0.008 -0.07 -0.057 -0.008 -0.027247 0.01879289 0.015 -0.02733525 0.01883902 0.015 -0.02742636 0.01887919 0.015 -0.02751994 0.01891323 0.015 -0.02761557 0.01894098 0.015 -0.02771283 0.01896233 0.015 -0.0278113 0.01897718 0.015 -0.02791053 0.01898546 0.015 -0.02801009 0.01898713 0.015 -0.02810955 0.0189822 0.015 -0.02820846 0.01897069 0.015 -0.02830638 0.01895263 0.015 -0.02840289 0.01892812 0.015 -0.02849757 0.01889726 0.015 -0.02858999 0.01886018 0.015 -0.02867974 0.01881705 0.015 -0.02876643 0.01876807 0.015 -0.02884969 0.01871344 0.015 -0.02892913 0.01865341 0.015 -0.02900442 0.01858823 0.015 -0.02907522 0.01851821 0.015 -0.02914121 0.01844364 0.015 -0.02920212 0.01836486 0.015 -0.02925766 0.01828222 0.015 -0.02930759 0.01819606 0.015 -0.02935171 0.01810679 0.015 -0.02938979 0.01801479 0.015 -0.0294217 0.01792046 0.015 -0.02944727 0.01782422 0.015 -0.0294664 0.0177265 0.015 -0.029479 0.01762772 0.015 -0.02948503 0.01752833 0.015 -0.02948444 0.01742875 0.015 -0.02947725 0.01732943 0.015 -0.02946349 0.01723081 0.015 -0.02944321 0.01713332 0.015 -0.02941651 0.01703739 0.015 -0.02938351 0.01694344 0.015 -0.02934434 0.01685189 0.015 -0.02929919 0.01676314 0.015 -0.02924824 0.01667758 0.015 -0.02919173 0.01659559 0.015 -0.02912991 0.01651753 0.015 -0.02906305 0.01644374 0.015 -0.02899143 0.01637456 0.015 -0.02891538 0.01631027 0.015 -0.02883524 0.01625118 0.015 -0.02875135 0.01619753 0.015 -0.01 -0.042 -0.006 -0.02901054 0.01572859 0.015 -0.02926208 0.01525551 0.015 -0.02950591 0.01477841 0.015 -0.01 -0.042 0.015 -0.01 -0.042 0.006 -0.01 -0.04 0.015 -0.01 -0.057 -0.008 -0.01 -0.057 0.008 -0.0295973 0.01481795 0.015 -0.02969111 0.01485135 0.015 -0.02978692 0.01487845 0.015 -0.02988433 0.01489913 0.015 -0.02998289 0.01491331 0.015 -0.03008218 0.01492091 0.015 -0.03018175 0.01492191 0.015 -0.03028117 0.0149163 0.015 -0.03038 0.0149041 0.015 -0.0304778 0.01488538 0.015 -0.03057414 0.01486021 0.015 -0.0306686 0.0148287 0.015 -0.03076077 0.01479099 0.015 -0.03085022 0.01474725 0.015 -0.03093658 0.01469768 0.015 -0.03101946 0.01464248 0.015 -0.03109849 0.01458191 0.015 -0.03117333 0.01451622 0.015 -0.03124365 0.01444571 0.015 -0.03130914 0.0143707 0.015 -0.0313695 0.0142915 0.015 -0.03142447 0.01420848 0.015 -0.03147382 0.01412199 0.015 -0.03151732 0.01403241 0.015 -0.03155478 0.01394015 0.015 -0.03158603 0.01384561 0.015 -0.03161095 0.0137492 0.015 -0.03162941 0.01365135 0.015 -0.03164134 0.01355249 0.015 -0.03164668 0.01345305 0.015 -0.03164542 0.01335348 0.015 -0.03163755 0.01325422 0.015 -0.03162312 0.01315569 0.015 -0.03160217 0.01305834 0.015 -0.03157482 0.0129626 0.015 -0.03154117 0.01286888 0.015 -0.03150138 0.0127776 0.015 -0.03145562 0.01268916 0.015 -0.03140409 0.01260395 0.015 -0.03134703 0.01252234 0.015 -0.03128467 0.01244471 0.015 -0.0312173 0.01237138 0.015 -0.03114522 0.01230268 0.015 -0.03106873 0.01223892 0.015 -0.03098819 0.01218037 0.015 -0.03090393 0.0121273 0.015 -0.03081634 0.01207993 0.015 -0.0307258 0.01203848 0.015 -0.02 -0.035 0.015 -0.03091721 0.01153804 0.015 -0.03110046 0.01103455 0.015 -0.03127552 0.01052816 0.015 -0.02 -0.02624881 0.015 -0.03137152 0.0105546 0.015 -0.03146906 0.01057462 0.015 -0.03156772 0.01058812 0.015 -0.03166706 0.01059504 0.015 -0.03176663 0.01059536 0.015 -0.03186601 0.01058907 0.015 -0.03196475 0.0105762 0.015 -0.03206242 0.01055681 0.015 -0.03215859 0.01053098 0.015 -0.03225283 0.01049883 0.015 -0.03234474 0.01046049 0.015 -0.0324339 0.01041614 0.015 -0.03251991 0.01036598 0.015 -0.03260241 0.01031021 0.015 -0.03268103 0.0102491 0.015 -0.03275542 0.01018291 0.015 -0.03282525 0.01011192 0.015 -0.03289022 0.01003646 0.015 -0.03295004 0.009956855 0.015 -0.03300445 0.009873455 0.015 -0.0330532 0.00978663 0.015 -0.03309609 0.009696761 0.015 -0.03313292 0.009604245 0.015 -0.03316353 0.009509489 0.015 -0.03318778 0.009412911 0.015 -0.03320558 0.009314937 0.015 -0.03321683 0.009215998 0.015 -0.0332215 0.00911653 0.015 -0.03321955 0.009016972 0.015 -0.03321101 0.008917763 0.015 -0.0331959 0.008819338 0.015 -0.03317429 0.008722134 0.015 -0.03314628 0.008626576 0.015 -0.03311199 0.008533089 0.015 -0.03307158 0.008442081 0.015 -0.03302522 0.008353956 0.015 -0.03297311 0.008269101 0.015 -0.03291549 0.00818789 0.015 -0.0328526 0.008110682 0.015 -0.03278473 0.008037816 0.015 -0.03271218 0.007969613 0.015 -0.03263526 0.007906374 0.015 -0.03255432 0.007848378 0.015 -0.0324697 0.00779588 0.015 -0.03238179 0.007749113 0.015 -0.03229097 0.007708281 0.015 -0.03219764 0.007673564 0.015 -0.03210221 0.007645116 0.015 -0.02094407 -0.02550188 0.015 -0.02063242 -0.02575468 0.015 -0.02031771 -0.02600367 0.015 -0.03222211 0.007122904 0.015 -0.03233351 0.006598815 0.015 -0.03243638 0.006072986 0.015 -0.02317293 -0.02349501 0.015 -0.02323878 -0.0235697 0.015 -0.02329953 -0.0236486 0.015 -0.02335491 -0.02373136 0.015 -0.02340468 -0.0238176 0.015 -0.02344862 -0.02390696 0.015 -0.02348653 -0.02399904 0.015 -0.02351825 -0.02409343 0.015 -0.02354364 -0.02418972 0.015 -0.02356258 -0.02428747 0.015 -0.023575 -0.02438627 0.015 -0.02358083 -0.02448568 0.015 -0.02358005 -0.02458525 0.015 -0.02357267 -0.02468456 0.015 -0.02355872 -0.02478315 0.015 -0.02353825 -0.0248806 0.015 -0.02351137 -0.02497648 0.015 -0.02347818 -0.02507037 0.015 -0.02343884 -0.02516184 0.015 -0.02339351 -0.02525051 0.015 -0.0233424 -0.02533597 0.015 -0.02328574 -0.02541785 0.015 -0.02322376 -0.02549579 0.015 -0.02315675 -0.02556945 0.015 -0.02308501 -0.0256385 0.015 -0.02300883 -0.02570263 0.015 -0.02292858 -0.02576158 0.015 -0.02284458 -0.02581506 0.015 -0.02275723 -0.02586286 0.015 -0.02266689 -0.02590475 0.015 -0.02257398 -0.02594056 0.015 -0.02247889 -0.02597013 0.015 -0.02238205 -0.02599332 0.015 -0.02228389 -0.02601004 0.015 -0.02218483 -0.0260202 0.015 -0.02208532 -0.02602377 0.015 -0.02198579 -0.02602073 0.015 -0.02188668 -0.0260111 0.015 -0.02178843 -0.02599491 0.015 -0.02169147 -0.02597223 0.015 -0.02159622 -0.02594318 0.015 -0.02150312 -0.02590786 0.015 -0.02141256 -0.02586645 0.015 -0.02132495 -0.02581912 0.015 -0.02124067 -0.02576609 0.015 -0.0211601 -0.02570757 0.015 -0.02108359 -0.02564384 0.015 -0.02101147 -0.02557518 0.015 -0.03253513 0.006085811 0.015 -0.03263451 0.006092057 0.015 -0.03273409 0.006091694 0.015 -0.03283342 0.006084726 0.015 -0.03293207 0.006071183 0.015 -0.03302961 0.006051125 0.015 -0.0331256 0.006024639 0.015 -0.03321962 0.005991842 0.015 -0.03331126 0.00595288 0.015 -0.03340011 0.005907924 0.015 -0.03348578 0.005857172 0.015 -0.0335679 0.005800847 0.015 -0.0336461 0.005739198 0.015 -0.03372003 0.005672496 0.015 -0.03378938 0.005601037 0.015 -0.03385383 0.005525133 0.015 -0.03391311 0.00544512 0.015 -0.03396694 0.005361351 0.015 -0.0340151 0.005274195 0.015 -0.03405737 0.005184035 0.015 -0.03409357 0.005091269 0.015 -0.03412353 0.004996306 0.015 -0.03414713 0.004899565 0.015 -0.03416425 0.004801472 0.015 -0.03417483 0.004702458 0.015 -0.03417881 0.004602961 0.015 -0.03417619 0.004503418 0.015 -0.03416696 0.004404269 0.015 -0.03415118 0.004305951 0.015 -0.03412891 0.004208896 0.015 -0.03410025 0.004113533 0.015 -0.03406532 0.004020281 0.015 -0.03402429 0.003929552 0.015 -0.03397733 0.003841746 0.015 -0.03392464 0.003757249 0.015 -0.03386646 0.003676434 0.015 -0.03380305 0.003599657 0.015 -0.03373469 0.003527256 0.015 -0.03366167 0.00345955 0.015 -0.03358432 0.003396839 0.015 -0.03350298 0.003339397 0.015 -0.03341801 0.003287479 0.015 -0.03332978 0.003241313 0.015 -0.03323869 0.003201102 0.015 -0.03314512 0.003167024 0.015 -0.0330495 0.003139229 0.015 -0.03295225 0.003117839 0.015 -0.03285379 0.003102949 0.015 -0.02428942 -0.02233885 0.015 -0.02392353 -0.02273026 0.015 -0.02355133 -0.02311568 0.015 -0.03289984 0.002569134 0.015 -0.03293722 0.002034642 0.015 -0.03296591 0.001499613 0.015 -0.02621728 -0.02004131 0.015 -0.02629289 -0.02010611 0.015 -0.02636403 -0.02017579 0.015 -0.02643039 -0.02025003 0.015 -0.02649168 -0.02032851 0.015 -0.02654763 -0.02041088 0.015 -0.02659798 -0.02049679 0.015 -0.02664253 -0.02058585 0.015 -0.02668107 -0.02067766 0.015 -0.02671343 -0.02077183 0.015 -0.02673948 -0.02086794 0.015 -0.02675909 -0.02096557 0.015 -0.02677218 -0.02106428 0.015 -0.02677869 -0.02116365 0.015 -0.02677859 -0.02126323 0.015 -0.02677189 -0.02136258 0.015 -0.02675861 -0.02146126 0.015 -0.02673881 -0.02155885 0.015 -0.02671258 -0.02165491 0.015 -0.02668004 -0.02174902 0.015 -0.02664132 -0.02184076 0.015 -0.0265966 -0.02192974 0.015 -0.02654608 -0.02201554 0.015 -0.02648997 -0.02209781 0.015 -0.02642853 -0.02217617 0.015 -0.02636203 -0.02225029 0.015 -0.02629076 -0.02231982 0.015 -0.02621502 -0.02238448 0.015 -0.02613517 -0.02244397 0.015 -0.02605155 -0.02249803 0.015 -0.02596452 -0.02254642 0.015 -0.02587447 -0.02258893 0.015 -0.0257818 -0.02262538 0.015 -0.02568692 -0.02265559 0.015 -0.02559024 -0.02267944 0.015 -0.0254922 -0.02269683 0.015 -0.02539321 -0.02270767 0.015 -0.02529372 -0.02271192 0.015 -0.02519418 -0.02270956 0.015 -0.025095 -0.02270061 0.015 -0.02499664 -0.02268509 0.015 -0.02489953 -0.02266307 0.015 -0.02480409 -0.02263467 0.015 -0.02471074 -0.02259999 0.015 -0.02461991 -0.0225592 0.015 -0.02453197 -0.02251247 0.015 -0.02444734 -0.02246001 0.015 -0.02436637 -0.02240205 0.015 -0.03306548 0.00149857 0.015 -0.03316476 0.001490924 0.015 -0.03326332 0.001476707 0.015 -0.03336072 0.001455982 0.015 -0.03345652 0.001428841 0.015 -0.03355032 0.001395403 0.015 -0.03364169 0.001355816 0.015 -0.03373023 0.001310253 0.015 -0.03381556 0.001258917 0.015 -0.03389729 0.001202032 0.015 -0.03397506 0.00113985 0.015 -0.03404854 0.001072645 0.015 -0.0341174 0.001000713 0.015 -0.03418133 0.0009243712 0.015 -0.03424006 0.0008439555 0.015 -0.03429332 0.0007598204 0.015 -0.03434088 0.0006723369 0.015 -0.03438253 0.0005818905 0.015 -0.03441809 0.0004888797 0.015 -0.03444741 0.0003937145 0.015 -0.03447034 0.0002968141 0.015 -0.03448679 0.0001986058 0.015 -0.0344967 9.952219e-05 0.015 -0.0345 -4.47924e-18 0.015 -0.0344967 -9.952219e-05 0.015 -0.03448679 -0.0001986058 0.015 -0.03447034 -0.0002968141 0.015 -0.03444741 -0.0003937145 0.015 -0.03441809 -0.0004888797 0.015 -0.03438253 -0.0005818905 0.015 -0.03434088 -0.0006723369 0.015 -0.03429332 -0.0007598204 0.015 -0.03424006 -0.0008439555 0.015 -0.03418133 -0.0009243712 0.015 -0.0341174 -0.001000713 0.015 -0.03404854 -0.001072645 0.015 -0.03397506 -0.00113985 0.015 -0.03389729 -0.001202032 0.015 -0.03381556 -0.001258917 0.015 -0.03373023 -0.001310253 0.015 -0.03364169 -0.001355816 0.015 -0.03355032 -0.001395403 0.015 -0.03345652 -0.001428841 0.015 -0.03336072 -0.001455982 0.015 -0.03326332 -0.001476707 0.015 -0.03316476 -0.001490924 0.015 -0.03306548 -0.00149857 0.015 -0.03296591 -0.001499613 0.015 -0.027162 -0.01874101 0.015 -0.02685415 -0.01917954 0.015 -0.02653921 -0.01961301 0.015 -0.03293722 -0.002034642 0.015 -0.03289984 -0.002569134 0.015 -0.03285379 -0.003102949 0.015 -0.02875135 -0.01619753 0.015 -0.02883524 -0.01625118 0.015 -0.02891538 -0.01631027 0.015 -0.02899143 -0.01637456 0.015 -0.02906305 -0.01644374 0.015 -0.02912991 -0.01651753 0.015 -0.02919173 -0.01659559 0.015 -0.02924824 -0.01667758 0.015 -0.02929919 -0.01676314 0.015 -0.02934434 -0.01685189 0.015 -0.02938351 -0.01694344 0.015 -0.02941651 -0.01703739 0.015 -0.02944321 -0.01713332 0.015 -0.02946349 -0.01723081 0.015 -0.02947725 -0.01732943 0.015 -0.02948444 -0.01742875 0.015 -0.02948503 -0.01752833 0.015 -0.029479 -0.01762772 0.015 -0.0294664 -0.0177265 0.015 -0.02944727 -0.01782422 0.015 -0.0294217 -0.01792046 0.015 -0.02938979 -0.01801479 0.015 -0.02935171 -0.01810679 0.015 -0.02930759 -0.01819606 0.015 -0.02925766 -0.01828222 0.015 -0.02920212 -0.01836486 0.015 -0.02914121 -0.01844364 0.015 -0.02907522 -0.01851821 0.015 -0.02900442 -0.01858823 0.015 -0.02892913 -0.01865341 0.015 -0.02884969 -0.01871344 0.015 -0.02876643 -0.01876807 0.015 -0.02867974 -0.01881705 0.015 -0.02858999 -0.01886018 0.015 -0.02849757 -0.01889726 0.015 -0.02840289 -0.01892812 0.015 -0.02830638 -0.01895263 0.015 -0.02820846 -0.01897069 0.015 -0.02810955 -0.0189822 0.015 -0.02801009 -0.01898713 0.015 -0.02791053 -0.01898546 0.015 -0.0278113 -0.01897718 0.015 -0.02771283 -0.01896233 0.015 -0.02761557 -0.01894098 0.015 -0.02751994 -0.01891323 0.015 -0.02742636 -0.01887919 0.015 -0.02733525 -0.01883902 0.015 -0.027247 -0.01879289 0.015 -0.03295225 -0.003117839 0.015 -0.0330495 -0.003139229 0.015 -0.03314512 -0.003167024 0.015 -0.03323869 -0.003201102 0.015 -0.03332978 -0.003241313 0.015 -0.03341801 -0.003287479 0.015 -0.03350298 -0.003339397 0.015 -0.03358432 -0.003396839 0.015 -0.03366167 -0.00345955 0.015 -0.03373469 -0.003527256 0.015 -0.03380305 -0.003599657 0.015 -0.03386646 -0.003676434 0.015 -0.03392464 -0.003757249 0.015 -0.03397733 -0.003841746 0.015 -0.03402429 -0.003929552 0.015 -0.03406532 -0.004020281 0.015 -0.03410025 -0.004113533 0.015 -0.03412891 -0.004208896 0.015 -0.03415118 -0.004305951 0.015 -0.03416696 -0.004404269 0.015 -0.03417619 -0.004503418 0.015 -0.03417881 -0.004602961 0.015 -0.03417483 -0.004702458 0.015 -0.03416425 -0.004801472 0.015 -0.03414713 -0.004899565 0.015 -0.03412353 -0.004996306 0.015 -0.03409357 -0.005091269 0.015 -0.03405737 -0.005184035 0.015 -0.0340151 -0.005274195 0.015 -0.03396694 -0.005361351 0.015 -0.03391311 -0.00544512 0.015 -0.03385383 -0.005525133 0.015 -0.03378938 -0.005601037 0.015 -0.03372003 -0.005672496 0.015 -0.0336461 -0.005739198 0.015 -0.0335679 -0.005800847 0.015 -0.03348578 -0.005857172 0.015 -0.03340011 -0.005907924 0.015 -0.03331126 -0.00595288 0.015 -0.03321962 -0.005991842 0.015 -0.0331256 -0.006024639 0.015 -0.03302961 -0.006051125 0.015 -0.03293207 -0.006071183 0.015 -0.03283342 -0.006084726 0.015 -0.03273409 -0.006091694 0.015 -0.03263451 -0.006092057 0.015 -0.03253513 -0.006085811 0.015 -0.03243638 -0.006072986 0.015 -0.02950591 -0.01477841 0.015 -0.02926208 -0.01525551 0.015 -0.02901054 -0.01572859 0.015 -0.03233351 -0.006598815 0.015 -0.03222211 -0.007122904 0.015 -0.03210221 -0.007645116 0.015 -0.0307258 -0.01203848 0.015 -0.03081634 -0.01207993 0.015 -0.03090393 -0.0121273 0.015 -0.03098819 -0.01218037 0.015 -0.03106873 -0.01223892 0.015 -0.03114522 -0.01230268 0.015 -0.0312173 -0.01237138 0.015 -0.03128467 -0.01244471 0.015 -0.03134703 -0.01252234 0.015 -0.03140409 -0.01260395 0.015 -0.03145562 -0.01268916 0.015 -0.03150138 -0.0127776 0.015 -0.03154117 -0.01286888 0.015 -0.03157482 -0.0129626 0.015 -0.03160217 -0.01305834 0.015 -0.03162312 -0.01315569 0.015 -0.03163755 -0.01325422 0.015 -0.03164542 -0.01335348 0.015 -0.03164668 -0.01345305 0.015 -0.03164134 -0.01355249 0.015 -0.03162941 -0.01365135 0.015 -0.03161095 -0.0137492 0.015 -0.03158603 -0.01384561 0.015 -0.03155478 -0.01394015 0.015 -0.03151732 -0.01403241 0.015 -0.03147382 -0.01412199 0.015 -0.03142447 -0.01420848 0.015 -0.0313695 -0.0142915 0.015 -0.03130914 -0.0143707 0.015 -0.03124365 -0.01444571 0.015 -0.03117333 -0.01451622 0.015 -0.03109849 -0.01458191 0.015 -0.03101946 -0.01464248 0.015 -0.03093658 -0.01469768 0.015 -0.03085022 -0.01474725 0.015 -0.03076077 -0.01479099 0.015 -0.0306686 -0.0148287 0.015 -0.03057414 -0.01486021 0.015 -0.0304778 -0.01488538 0.015 -0.03038 -0.0149041 0.015 -0.03028117 -0.0149163 0.015 -0.03018175 -0.01492191 0.015 -0.03008218 -0.01492091 0.015 -0.02998289 -0.01491331 0.015 -0.02988433 -0.01489913 0.015 -0.02978692 -0.01487845 0.015 -0.02969111 -0.01485135 0.015 -0.0295973 -0.01481795 0.015 -0.03219764 -0.007673564 0.015 -0.03229097 -0.007708281 0.015 -0.03238179 -0.007749113 0.015 -0.0324697 -0.00779588 0.015 -0.03255432 -0.007848378 0.015 -0.03263526 -0.007906374 0.015 -0.03271218 -0.007969613 0.015 -0.03278473 -0.008037816 0.015 -0.0328526 -0.008110682 0.015 -0.03291549 -0.00818789 0.015 -0.03297311 -0.008269101 0.015 -0.03302522 -0.008353956 0.015 -0.03307158 -0.008442081 0.015 -0.03311199 -0.008533089 0.015 -0.03314628 -0.008626576 0.015 -0.03317429 -0.008722134 0.015 -0.0331959 -0.008819338 0.015 -0.03321101 -0.008917763 0.015 -0.03321955 -0.009016972 0.015 -0.0332215 -0.00911653 0.015 -0.03321683 -0.009215998 0.015 -0.03320558 -0.009314937 0.015 -0.03318778 -0.009412911 0.015 -0.03316353 -0.009509489 0.015 -0.03313292 -0.009604245 0.015 -0.03309609 -0.009696761 0.015 -0.0330532 -0.00978663 0.015 -0.03300445 -0.009873455 0.015 -0.03295004 -0.009956855 0.015 -0.03289022 -0.01003646 0.015 -0.03282525 -0.01011192 0.015 -0.03275542 -0.01018291 0.015 -0.03268103 -0.0102491 0.015 -0.03260241 -0.01031021 0.015 -0.03251991 -0.01036598 0.015 -0.0324339 -0.01041614 0.015 -0.03234474 -0.01046049 0.015 -0.03225283 -0.01049883 0.015 -0.03215859 -0.01053098 0.015 -0.03206242 -0.01055681 0.015 -0.03196475 -0.0105762 0.015 -0.03186601 -0.01058907 0.015 -0.03176663 -0.01059536 0.015 -0.03166706 -0.01059504 0.015 -0.03156772 -0.01058812 0.015 -0.03146906 -0.01057462 0.015 -0.03137152 -0.0105546 0.015 -0.03127552 -0.01052816 0.015 -0.03110046 -0.01103455 0.015 -0.03091721 -0.01153804 0.015 -0.02000385 0.03644511 0.01499615 -0.02001498 0.03663562 0.01498501 -0.02003336 0.03682539 0.01496664 -0.020059 0.03701466 0.014941 -0.02009195 0.03720328 0.01490805 -0.02013223 0.03739109 0.01486777 -0.02017989 0.03757791 0.01482011 -0.02022914 0.03774509 0.01477086 -0.02029094 0.0379295 0.01470906 -0.02035987 0.03811138 0.01464013 -0.02043681 0.03829265 0.01456319 -0.02052335 0.03847583 0.01447665 -0.0206157 0.03865254 0.0143843 -0.02071799 0.03883035 0.01428201 -0.02083808 0.0390198 0.01416192 -0.02097037 0.03920889 0.01402964 -0.02108718 0.03936166 0.01391282 -0.02123687 0.03954105 0.01376313 -0.02138281 0.03970076 0.01361719 -0.02153553 0.039854 0.01346447 -0.02169473 0.0400005 0.01330527 -0.02186012 0.04013997 0.01313988 -0.02203138 0.04027216 0.01296862 -0.02220821 0.04039681 0.01279179 -0.02239026 0.04051369 0.01260974 -0.0225772 0.0406226 0.0124228 -0.02276867 0.04072331 0.01223133 -0.02296432 0.04081565 0.01203568 -0.02316379 0.04089944 0.01183621 -0.02336669 0.04097451 0.01163331 -0.02357265 0.04104074 0.01142735 -0.02378127 0.04109801 0.01121872 -0.02399219 0.04114619 0.01100781 -0.02420499 0.0411852 0.01079501 -0.02441928 0.04121497 0.01058072 -0.02463465 0.04123544 0.01036535 -0.0248172 0.04124547 0.0101828 -0.025 0.04124881 0.01 -0.055 0.01417774 0.015 -0.03292893 0.03624881 0.015 -0.03292893 0.04124881 0.01 -0.03317427 0.04124279 -0.01 -0.03628673 0.03995356 -0.01 -0.0329401 0.03658984 -0.01498834 -0.03296238 0.03658838 -0.01498834 -0.03298451 0.03658546 -0.01498834 -0.03297346 0.03692818 -0.01495343 -0.03300641 0.03658111 -0.01498834 -0.0330178 0.03692382 -0.01495343 -0.03296222 0.03726554 -0.01489542 -0.03302798 0.03657533 -0.01498834 -0.03306176 0.03691656 -0.01495343 -0.03302864 0.03726119 -0.01489542 -0.03304913 0.03656815 -0.01498834 -0.03310514 0.03690644 -0.01495343 -0.03309464 0.0372525 -0.01489542 -0.03306975 0.03655961 -0.01498834 -0.03301716 0.03759491 -0.01481459 -0.03314778 0.03689351 -0.01495343 -0.03315993 0.03723951 -0.01489542 -0.03308978 0.03654973 -0.01498834 -0.03310501 0.03758625 -0.01481459 -0.03318948 0.03687782 -0.01495343 -0.03298372 0.03792231 -0.0147113 -0.03322423 0.03722229 -0.01489542 -0.03310912 0.03653857 -0.01498834 -0.0331921 0.03757187 -0.01481459 -0.03323006 0.03685943 -0.01495343 -0.03309305 0.03791515 -0.0147113 -0.03328727 0.03720089 -0.01489542 -0.03312768 0.03652616 -0.01498834 -0.03327808 0.03755183 -0.01481459 -0.03326935 0.03683843 -0.01495343 -0.03320168 0.03790084 -0.0147113 -0.03334877 0.03717541 -0.01489542 -0.03305922 0.03823655 -0.01458606 -0.03314539 0.03651257 -0.01498834 -0.03336255 0.0375262 -0.01481459 -0.03330718 0.0368149 -0.01495343 -0.03330915 0.03787947 -0.0147113 -0.03340847 0.03714597 -0.01489542 -0.03318894 0.03822377 -0.01458606 -0.03316218 0.03649785 -0.01498834 -0.03344517 0.03749511 -0.01481459 -0.0330042 0.0385479 -0.01443943 -0.0333434 0.03678895 -0.01495343 -0.03341499 0.03785111 -0.0147113 -0.03346613 0.03711269 -0.01489542 -0.03331755 0.03820254 -0.01458606 -0.03352557 0.03745868 -0.01481459 -0.0331544 0.03853806 -0.01443943 -0.03337784 0.03676069 -0.01495343 -0.03351874 0.03781589 -0.0147113 -0.03352148 0.0370757 -0.01489542 -0.0334445 0.03817294 -0.01458606 -0.03360342 0.03741706 -0.01481459 -0.03330365 0.03851841 -0.01443943 -0.03361997 0.03777396 -0.0147113 -0.03309884 0.03884117 -0.0142721 -0.03357429 0.03703518 -0.01489542 -0.03356924 0.0381351 -0.01458606 -0.03367839 0.03737045 -0.01481459 -0.03345128 0.03848904 -0.01443943 -0.03371824 0.0377255 -0.0147113 -0.03326803 0.0388245 -0.0142721 -0.03362434 0.03699129 -0.01489542 -0.03369124 0.03808918 -0.01458606 -0.03302327 0.03913067 -0.01408485 -0.03375014 0.03731903 -0.01481459 -0.03359668 0.03845008 -0.01443943 -0.03381313 0.03767071 -0.0147113 -0.03343576 0.03879681 -0.0142721 -0.03380997 0.03803539 -0.01458606 -0.03321156 0.03911833 -0.01408485 -0.03381838 0.03726303 -0.01481459 -0.03373922 0.0384017 -0.01443943 -0.03390423 0.03760984 -0.0147113 -0.03360132 0.03875821 -0.0142721 -0.03392493 0.03797394 -0.01458606 -0.03339862 0.0390937 -0.01408485 -0.03387829 0.03834409 -0.01443943 -0.03313531 0.03939749 -0.01387856 -0.03399116 0.03754314 -0.0147113 -0.03376401 0.03870886 -0.0142721 -0.03403563 0.0379051 -0.01458606 -0.03358368 0.03905689 -0.01408485 -0.0340133 0.03827752 -0.01443943 -0.0333408 0.03937725 -0.01387856 -0.03407354 0.03747089 -0.0147113 -0.03392311 0.03864898 -0.0142721 -0.0330406 0.03965975 -0.01365418 -0.03414159 0.03782917 -0.01458606 -0.03376594 0.03900805 -0.01408485 -0.03414366 0.03820225 -0.01443943 -0.03354453 0.03934362 -0.01387856 -0.03407796 0.03857881 -0.0142721 -0.03326344 0.03964514 -0.01365418 -0.03424235 0.03774648 -0.01458606 -0.03394461 0.0389474 -0.01408485 -0.03426882 0.03811862 -0.01443943 -0.03374562 0.03929673 -0.01387856 -0.03422789 0.03849867 -0.0142721 -0.03348486 0.03961599 -0.01365418 -0.03411893 0.03887519 -0.01408485 -0.03316793 0.03989516 -0.01341277 -0.03438824 0.03802699 -0.01443943 -0.03394321 0.03923679 -0.01387856 -0.03437226 0.0384089 -0.0142721 -0.03370389 0.03957242 -0.01365418 -0.03428816 0.03879174 -0.01408485 -0.0334059 0.03987173 -0.01341277 -0.03450142 0.03792773 -0.01443943 -0.03413647 0.03916405 -0.01387856 -0.03305584 0.04012529 -0.01315544 -0.03451044 0.03830988 -0.0142721 -0.03391961 0.03951462 -0.01365418 -0.03445156 0.0386974 -0.01408485 -0.03364183 0.03983278 -0.01341277 -0.03432455 0.03907884 -0.01387856 -0.0333091 0.04010869 -0.01315544 -0.03464186 0.03820203 -0.0142721 -0.03413108 0.03944284 -0.01365418 -0.03460845 0.03859257 -0.01408485 -0.0338747 0.03977848 -0.01341277 -0.03450665 0.0389815 -0.01387856 -0.03356073 0.04007556 -0.01315544 -0.03433741 0.03935738 -0.01365418 -0.03319609 0.04032491 -0.0128834 -0.03475814 0.03847771 -0.01408485 -0.03410353 0.03970906 -0.01341277 -0.034682 0.03887246 -0.01387856 -0.03380966 0.04002605 -0.01315544 -0.0345377 0.0392586 -0.01365418 -0.03346211 0.04029871 -0.0128834 -0.0349 0.0383533 -0.01408485 -0.03432733 0.03962483 -0.01341277 -0.03306871 0.04051862 -0.01259792 -0.03484984 0.03875219 -0.01387856 -0.03405482 0.03996036 -0.01315544 -0.03473111 0.03914694 -0.01365418 -0.03372585 0.04025517 -0.0128834 -0.03454514 0.03952614 -0.01341277 -0.03334767 0.04050034 -0.01259792 -0.03500946 0.03862119 -0.01387856 -0.03429515 0.03987877 -0.01315544 -0.03491679 0.03902287 -0.01365418 -0.03398617 0.04019447 -0.0128834 -0.03475602 0.03941342 -0.01341277 -0.03362484 0.04046384 -0.01259792 -0.03452964 0.03978165 -0.01315544 -0.03321928 0.04067873 -0.01230033 -0.03509397 0.03888691 -0.01365418 -0.03424196 0.04011687 -0.0128834 -0.03495909 0.03928715 -0.01341277 -0.03389902 0.04040931 -0.01259792 -0.03475727 0.03966939 -0.01315544 -0.03350839 0.04065026 -0.01230033 -0.03526187 0.03873967 -0.01365418 -0.03449214 0.04002272 -0.0128834 -0.03307898 0.04083241 -0.01199201 -0.03515346 0.03914787 -0.01341277 -0.03416906 0.04033695 -0.01259792 -0.03497707 0.03954249 -0.01315544 -0.03379502 0.04060293 -0.01230033 -0.03473561 0.0399124 -0.0128834 -0.03337844 0.04081278 -0.01199201 -0.0353383 0.03899617 -0.01341277 -0.03443378 0.04024709 -0.01259792 -0.03518811 0.03940148 -0.01315544 -0.03407794 0.04053696 -0.01230033 -0.03497136 0.03978639 -0.0128834 -0.03367598 0.04077361 -0.01199201 -0.03469206 0.04014011 -0.01259792 -0.03323706 0.04095003 -0.0116744 -0.03538946 0.03924697 -0.01315544 -0.03435594 0.04045264 -0.01230033 -0.03519835 0.03964524 -0.0128834 -0.03397032 0.04071507 -0.01199201 -0.03494278 0.04001646 -0.01259792 -0.03354388 0.04091981 -0.0116744 -0.03558028 0.03907963 -0.01315544 -0.03462783 0.0403503 -0.01230033 -0.03308646 0.04106082 -0.01134898 -0.03541563 0.03948954 -0.0128834 -0.03426019 0.04063739 -0.01199201 -0.03518489 0.03987668 -0.01259792 -0.03384806 0.04086959 -0.0116744 -0.03489244 0.04023041 -0.01230033 -0.03340084 0.04104021 -0.01134898 -0.03562226 0.03931996 -0.0128834 -0.03454437 0.04054093 -0.01199201 -0.03541733 0.03972137 -0.01259792 -0.03414831 0.04079958 -0.0116744 -0.03514864 0.04009346 -0.01230033 -0.03371321 0.04099909 -0.01134898 -0.03482163 0.04042608 -0.01199201 -0.03324911 0.04113375 -0.01101728 -0.03563912 0.03955119 -0.01259792 -0.03444333 0.04071009 -0.0116744 -0.03539534 0.03994006 -0.01230033 -0.03402221 0.04093763 -0.01134898 -0.03509079 0.04029335 -0.01199201 -0.03356791 0.04110235 -0.01101728 -0.0358493 0.03936686 -0.01259792 -0.03473187 0.04060149 -0.0116744 -0.033091 0.04119959 -0.01068083 -0.03563148 0.03977084 -0.01230033 -0.03432653 0.04085608 -0.01134898 -0.03535068 0.0401433 -0.01199201 -0.03388398 0.04105017 -0.01101728 -0.03501269 0.04047425 -0.0116744 -0.03341445 0.04117839 -0.01068083 -0.03585605 0.03958655 -0.01230033 -0.03462487 0.04075481 -0.01134898 -0.03560021 0.03997657 -0.01199201 -0.03419596 0.04097742 -0.01101728 -0.03528458 0.04032892 -0.0116744 -0.03373582 0.04113608 -0.01068083 -0.03491595 0.04063424 -0.01134898 -0.03325518 0.04122647 -0.01034121 -0.03341902 0.04122473 -0.01 -0.03583829 0.03979388 -0.01199201 -0.03450251 0.04088443 -0.01101728 -0.03554639 0.04016611 -0.0116744 -0.03405374 0.04107284 -0.01068083 -0.03519851 0.0404949 -0.01134898 -0.03358004 0.04119448 -0.01034121 -0.03366259 0.04119469 -0.01 -0.03606393 0.03959601 -0.01199201 -0.03480233 0.04077159 -0.01101728 -0.03579699 0.03998654 -0.0116744 -0.03436684 0.04098895 -0.01068083 -0.03547136 0.04033737 -0.01134898 -0.03390211 0.0411413 -0.01034121 -0.03390438 0.04115274 -0.01 -0.03414383 0.04109896 -0.01 -0.03509412 0.04063938 -0.01101728 -0.03603531 0.03979095 -0.0116744 -0.03467378 0.04088475 -0.01068083 -0.03573332 0.04016233 -0.01134898 -0.03422001 0.04106718 -0.01034121 -0.03438036 0.04103351 -0.01 -0.03537664 0.04048837 -0.01101728 -0.03497325 0.04076071 -0.01068083 -0.03598327 0.03997054 -0.01134898 -0.03453238 0.04097242 -0.01034121 -0.03461338 0.04095653 -0.01 -0.03564868 0.0403192 -0.01101728 -0.03526396 0.04061734 -0.01068083 -0.03622015 0.0397628 -0.01134898 -0.03483789 0.04085744 -0.01034121 -0.03484235 0.04086821 -0.01 -0.03506671 0.04076876 -0.01 -0.03590908 0.04013261 -0.01101728 -0.03554468 0.04045527 -0.01068083 -0.03513522 0.04072272 -0.01034121 -0.03528592 0.04065842 -0.01 -0.03615671 0.03992938 -0.01101728 -0.03581419 0.04027519 -0.01068083 -0.0354231 0.04056884 -0.01034121 -0.03549945 0.04053745 -0.01 -0.03607135 0.04007786 -0.01068083 -0.03570031 0.04039647 -0.01034121 -0.03570678 0.04040616 -0.01 -0.03590743 0.04026485 -0.01 -0.03631506 0.03986414 -0.01068083 -0.03596564 0.04020633 -0.01034121 -0.0361009 0.04011386 -0.01 -0.03621798 0.03999924 -0.01034121 -0.03646447 0.03978434 0.01 -0.05853553 0.01771328 0.01 -0.05870475 0.01753554 -0.01 -0.05999398 0.01442308 -0.01 -0.05524904 0.01441099 -0.01498834 -0.05526376 0.0143942 -0.01498834 -0.05527735 0.01437649 -0.01498834 -0.05551188 0.01462665 -0.01495343 -0.05528976 0.01435792 -0.01498834 -0.05554014 0.01459221 -0.01495343 -0.05574248 0.01487315 -0.01489542 -0.05530092 0.01433859 -0.01498834 -0.05556609 0.01455599 -0.01495343 -0.05578637 0.0148231 -0.01489542 -0.0553108 0.01431856 -0.01498834 -0.05558962 0.01451816 -0.01495343 -0.05582689 0.01477028 -0.01489542 -0.05531934 0.01429793 -0.01498834 -0.05601422 0.01506719 -0.01481459 -0.05561062 0.01447887 -0.01495343 -0.05586388 0.01471493 -0.01489542 -0.05532652 0.01427679 -0.01498834 -0.05607022 0.01499895 -0.01481459 -0.05562901 0.01443828 -0.01495343 -0.05622208 0.01532235 -0.0147113 -0.05589716 0.01465728 -0.01489542 -0.0553323 0.01425522 -0.01498834 -0.05612164 0.0149272 -0.01481459 -0.0556447 0.01439659 -0.01495343 -0.05629433 0.01523997 -0.0147113 -0.05592661 0.01459758 -0.01489542 -0.05533665 0.01423332 -0.01498834 -0.05616825 0.01485223 -0.01481459 -0.05565763 0.01435395 -0.01495343 -0.05636103 0.01515304 -0.0147113 -0.05595208 0.01453608 -0.01489542 -0.05649767 0.01549116 -0.01458606 -0.05533957 0.01421119 -0.01498834 -0.05620987 0.01477438 -0.01481459 -0.05566775 0.01431057 -0.01495343 -0.0564219 0.01506194 -0.0147113 -0.05597348 0.01447304 -0.01489542 -0.05658036 0.0153904 -0.01458606 -0.05534103 0.01418891 -0.01498834 -0.0562463 0.01469398 -0.01481459 -0.05667892 0.01575023 -0.01443943 -0.05567501 0.01426661 -0.01495343 -0.05647669 0.01496705 -0.0147113 -0.05599071 0.01440874 -0.01489542 -0.05665629 0.01528444 -0.01458606 -0.05627739 0.01461136 -0.01481459 -0.05677818 0.01563705 -0.01443943 -0.05567937 0.01422227 -0.01495343 -0.05652515 0.01486878 -0.0147113 -0.05600369 0.01434345 -0.01489542 -0.05672513 0.01517374 -0.01458606 -0.05630302 0.01452688 -0.01481459 -0.05686981 0.01551763 -0.01443943 -0.05656708 0.01476755 -0.0147113 -0.05695322 0.01589067 -0.0142721 -0.05601238 0.01427745 -0.01489542 -0.05678658 0.01505878 -0.01458606 -0.05632306 0.01444092 -0.01481459 -0.05695344 0.01539247 -0.01443943 -0.0566023 0.01466379 -0.0147113 -0.05706107 0.01575926 -0.0142721 -0.05601674 0.01421103 -0.01489542 -0.05684037 0.01494005 -0.01458606 -0.05710449 0.01614881 -0.01408485 -0.05633744 0.01435382 -0.01481459 -0.05702871 0.01526211 -0.01443943 -0.05663066 0.01455796 -0.0147113 -0.05716009 0.01562107 -0.0142721 -0.05688629 0.01481805 -0.01458606 -0.0572289 0.01600695 -0.01408485 -0.0563461 0.01426597 -0.01481459 -0.05709528 0.0151271 -0.01443943 -0.05665203 0.01445049 -0.0147113 -0.05724986 0.0154767 -0.0142721 -0.05692413 0.01469331 -0.01458606 -0.05734377 0.01585726 -0.01408485 -0.05715289 0.01498803 -0.01443943 -0.05737239 0.01625827 -0.01387856 -0.05666634 0.01434186 -0.0147113 -0.05733 0.01532677 -0.0142721 -0.05695373 0.01456636 -0.01458606 -0.05744859 0.01570037 -0.01408485 -0.05720127 0.01484549 -0.01443943 -0.05750338 0.01609865 -0.01387856 -0.0566735 0.01423253 -0.0147113 -0.05740017 0.01517192 -0.0142721 -0.05749086 0.01651068 -0.01365418 -0.05697496 0.01443775 -0.01458606 -0.05754293 0.01553697 -0.01408485 -0.05724023 0.01470009 -0.01443943 -0.05762365 0.01593081 -0.01387856 -0.05746005 0.01501282 -0.0142721 -0.0576381 0.01634278 -0.01365418 -0.05698774 0.01430803 -0.01458606 -0.05762638 0.01536774 -0.01408485 -0.0572696 0.01455245 -0.01443943 -0.05773269 0.01575546 -0.01387856 -0.0575094 0.01485013 -0.0142721 -0.05777406 0.0161656 -0.01365418 -0.05769859 0.01519342 -0.01408485 -0.05774736 0.01658711 -0.01341277 -0.05728925 0.01440321 -0.01443943 -0.05783003 0.01557336 -0.01387856 -0.057548 0.01468457 -0.0142721 -0.05789813 0.01597991 -0.01365418 -0.05775924 0.01501475 -0.01408485 -0.05789906 0.01640227 -0.01341277 -0.0572991 0.01425301 -0.01443943 -0.05791525 0.01538528 -0.01387856 -0.05783082 0.01682909 -0.01315544 -0.0575757 0.01451684 -0.0142721 -0.05800979 0.01578651 -0.01365418 -0.05780808 0.01483249 -0.01408485 -0.05803834 0.0162079 -0.01341277 -0.05798798 0.01519202 -0.01387856 -0.05799817 0.01663827 -0.01315544 -0.05759236 0.01434765 -0.0142721 -0.05810857 0.01558621 -0.01365418 -0.05784489 0.01464744 -0.01408485 -0.05816461 0.01600483 -0.01341277 -0.05804792 0.01499443 -0.01387856 -0.05815267 0.01643691 -0.01315544 -0.05819403 0.01537989 -0.01365418 -0.05807115 0.01687107 -0.0128834 -0.05786952 0.01446036 -0.01408485 -0.05827734 0.01579394 -0.01341277 -0.05809481 0.01479334 -0.01387856 -0.05829368 0.01622588 -0.01315544 -0.05826581 0.01516842 -0.01365418 -0.05824073 0.01666444 -0.0128834 -0.05788186 0.01427208 -0.01408485 -0.05837602 0.01557614 -0.01341277 -0.05811805 0.01709811 -0.01259792 -0.05812844 0.01458961 -0.01387856 -0.05842058 0.01600608 -0.01315544 -0.05832361 0.0149527 -0.01365418 -0.05839643 0.01644716 -0.0128834 -0.05846025 0.01535234 -0.01341277 -0.05830238 0.01688793 -0.01259792 -0.05814869 0.01438412 -0.01387856 -0.05853284 0.01577845 -0.01315544 -0.05836718 0.01473367 -0.01365418 -0.05853758 0.01622017 -0.0128834 -0.05852967 0.01512351 -0.01341277 -0.05847256 0.01666614 -0.01259792 -0.05862996 0.01554396 -0.01315544 -0.05833774 0.01710486 -0.01230033 -0.05839633 0.01451225 -0.01365418 -0.05866359 0.01598442 -0.0128834 -0.05858397 0.01489064 -0.01341277 -0.05862787 0.0164337 -0.01259792 -0.05871155 0.01530363 -0.01315544 -0.05852203 0.01688029 -0.01230033 -0.05841094 0.0142894 -0.01365418 -0.05877391 0.01574095 -0.0128834 -0.0583472 0.01731273 -0.01199201 -0.05862292 0.01465471 -0.01341277 -0.05876765 0.0161916 -0.01259792 -0.05877724 0.01505847 -0.01315544 -0.05869125 0.01664416 -0.01230033 -0.05886807 0.01549077 -0.0128834 -0.05854507 0.0170871 -0.01199201 -0.05864635 0.01441674 -0.01341277 -0.0588913 0.01594087 -0.01259792 -0.05882675 0.01480954 -0.01315544 -0.05884465 0.01639746 -0.01230033 -0.05894566 0.01523498 -0.0128834 -0.05872776 0.01684902 -0.01199201 -0.05899828 0.01568259 -0.01259792 -0.05854214 0.01728412 -0.0116744 -0.05885988 0.01455791 -0.01315544 -0.0589816 0.01614125 -0.01230033 -0.05900636 0.01497466 -0.0128834 -0.05889449 0.01659949 -0.01199201 -0.05908814 0.01541787 -0.01259792 -0.05873773 0.0170458 -0.0116744 -0.05887648 0.01430464 -0.01315544 -0.05910149 0.01587664 -0.01230033 -0.05851399 0.01746896 -0.01134898 -0.0590499 0.01471092 -0.0128834 -0.05904454 0.01633959 -0.01199201 -0.0591605 0.01514783 -0.01259792 -0.0589173 0.0167952 -0.0116744 -0.05920383 0.01560475 -0.01230033 -0.05872173 0.01723208 -0.01134898 -0.0590761 0.0144449 -0.0128834 -0.05917727 0.01607044 -0.01199201 -0.05921503 0.01487365 -0.01259792 -0.05908011 0.01653339 -0.0116744 -0.05928815 0.01532675 -0.01230033 -0.05891352 0.01698213 -0.01134898 -0.05929212 0.01579318 -0.01199201 -0.05868057 0.01740552 -0.01101728 -0.05925153 0.01459648 -0.01259792 -0.05922544 0.0162615 -0.0116744 -0.05935412 0.01504383 -0.01230033 -0.05908856 0.01672017 -0.01134898 -0.05938858 0.015509 -0.01199201 -0.0588838 0.01715788 -0.01101728 -0.05926981 0.01431752 -0.01259792 -0.05935268 0.01598068 -0.0116744 -0.05861533 0.01756387 -0.01068083 -0.05940145 0.0147572 -0.01230033 -0.05924609 0.01644732 -0.01134898 -0.05946626 0.01521913 -0.01199201 -0.05907039 0.01689749 -0.01101728 -0.05946128 0.01569214 -0.0116744 -0.05882905 0.01732016 -0.01068083 -0.05942992 0.01446809 -0.01230033 -0.05938543 0.01616475 -0.01134898 -0.0595248 0.01492479 -0.01199201 -0.05923956 0.01662545 -0.01101728 -0.05955077 0.01539712 -0.0116744 -0.05902638 0.017063 -0.01068083 -0.059506 0.01587368 -0.01134898 -0.05875043 0.01746679 -0.01034121 -0.05886505 0.01734971 -0.01 -0.05956397 0.01462725 -0.01199201 -0.05939057 0.01634293 -0.01101728 -0.05962078 0.01509687 -0.0116744 -0.05920646 0.01679349 -0.01068083 -0.05960727 0.01557534 -0.01134898 -0.05895752 0.01721445 -0.01034121 -0.05901604 0.01715624 -0.01 -0.0595836 0.01432779 -0.01199201 -0.05952278 0.01605114 -0.01101728 -0.059671 0.01479269 -0.0116744 -0.05936853 0.01651277 -0.01068083 -0.05968882 0.01527102 -0.01134898 -0.05914766 0.01694912 -0.01034121 -0.05915735 0.01695559 -0.01 -0.05928864 0.01674825 -0.01 -0.05963562 0.01575132 -0.01101728 -0.05970122 0.01448588 -0.0116744 -0.0595119 0.01622206 -0.01068083 -0.05975028 0.01496202 -0.01134898 -0.05932003 0.01667191 -0.01034121 -0.05940961 0.01653473 -0.01 -0.05972861 0.01544477 -0.01101728 -0.05963594 0.01592259 -0.01068083 -0.0597914 0.01464965 -0.01134898 -0.05947391 0.01638403 -0.01034121 -0.05951995 0.01631552 -0.01 -0.05980136 0.01513279 -0.01101728 -0.05974014 0.01561565 -0.01068083 -0.05981201 0.01433527 -0.01134898 -0.05960863 0.0160867 -0.01034121 -0.0596194 0.01609116 -0.01 -0.05970772 0.01586219 -0.01 -0.05985354 0.01481672 -0.01101728 -0.05982403 0.01530255 -0.01068083 -0.05972361 0.01578119 -0.01034121 -0.0597847 0.01562916 -0.01 -0.05988494 0.01449792 -0.01101728 -0.05988727 0.01498463 -0.01068083 -0.05981837 0.01546882 -0.01034121 -0.05985015 0.01539264 -0.01 -0.05992958 0.01466326 -0.01068083 -0.05989249 0.01515092 -0.01034121 -0.05990393 0.01515319 -0.01 -0.05994588 0.01491139 -0.01 -0.05995078 0.01433981 -0.01068083 -0.05994567 0.01482885 -0.01034121 -0.05997593 0.01466783 -0.01 -0.05997766 0.01450399 -0.01034121 -0.06 0.01417774 0.01 -0.05524534 0.01417774 0.01499398 -0.05549009 0.01417774 0.01497592 -0.05573365 0.01417774 0.01494588 -0.05597545 0.01417774 0.01490393 -0.0562149 0.01417774 0.01485016 -0.05645142 0.01417774 0.0147847 -0.05668445 0.01417774 0.01470772 -0.05691342 0.01417774 0.0146194 -0.05713778 0.01417774 0.01451995 -0.05735698 0.01417774 0.01440961 -0.05757051 0.01417774 0.01428864 -0.05777785 0.01417774 0.01415735 -0.0579785 0.01417774 0.01401604 -0.05817197 0.01417774 0.01386505 -0.0583578 0.01417774 0.01370476 -0.05853553 0.01417774 0.01353553 -0.05870475 0.01417774 0.01335779 -0.05886505 0.01417774 0.01317197 -0.05901604 0.01417774 0.0129785 -0.05915735 0.01417774 0.01277785 -0.05928864 0.01417774 0.01257051 -0.05940961 0.01417774 0.01235698 -0.05951995 0.01417774 0.01213778 -0.0596194 0.01417774 0.01191342 -0.05970772 0.01417774 0.01168445 -0.0597847 0.01417774 0.01145142 -0.05985015 0.01417774 0.0112149 -0.05990393 0.01417774 0.01097545 -0.05994588 0.01417774 0.01073365 -0.05997593 0.01417774 0.01049009 -0.05999398 0.01417774 0.01024534 -0.03292893 0.03649415 0.01499398 -0.03292893 0.0367389 0.01497592 -0.03292893 0.03698246 0.01494588 -0.03292893 0.03722426 0.01490393 -0.03292893 0.03746371 0.01485016 -0.03292893 0.03770023 0.0147847 -0.03292893 0.03793326 0.01470772 -0.03292893 0.03816223 0.0146194 -0.03292893 0.03838659 0.01451995 -0.03292893 0.03860579 0.01440961 -0.03292893 0.03881932 0.01428864 -0.03292893 0.03902666 0.01415735 -0.03292893 0.03922731 0.01401604 -0.03292893 0.03942078 0.01386505 -0.03292893 0.03960661 0.01370476 -0.03292893 0.03978434 0.01353553 -0.03292893 0.03995356 0.01335779 -0.03292893 0.04011386 0.01317197 -0.03292893 0.04026485 0.0129785 -0.03292893 0.04040616 0.01277785 -0.03292893 0.04053745 0.01257051 -0.03292893 0.04065842 0.01235698 -0.03292893 0.04076876 0.01213778 -0.03292893 0.04086821 0.01191342 -0.03292893 0.04095653 0.01168445 -0.03292893 0.04103351 0.01145142 -0.03292893 0.04109896 0.0112149 -0.03292893 0.04115274 0.01097545 -0.03292893 0.04119469 0.01073365 -0.03292893 0.04122473 0.01049009 -0.03292893 0.04124279 0.01024534 -0.03310241 0.03642229 0.01499398 -0.05517348 0.01435122 0.01499398 -0.05534654 0.01452428 0.01497592 -0.03327547 0.03659535 0.01497592 -0.0334477 0.03676758 0.01494588 -0.05551877 0.01469651 0.01494588 -0.05568975 0.01486749 0.01490393 -0.03361868 0.03693856 0.01490393 -0.05585907 0.01503681 0.01485016 -0.033788 0.03710788 0.01485016 -0.03395524 0.03727512 0.0147847 -0.05602631 0.01520405 0.0147847 -0.05619109 0.01536883 0.01470772 -0.03412002 0.0374399 0.01470772 -0.03428192 0.0376018 0.0146194 -0.05635299 0.01553073 0.0146194 -0.05651163 0.01568938 0.01451995 -0.03444057 0.03776044 0.01451995 -0.05666664 0.01584438 0.01440961 -0.03459557 0.03791545 0.01440961 -0.05681763 0.01599537 0.01428864 -0.03474656 0.03806644 0.01428864 -0.03489317 0.03821305 0.01415735 -0.05696424 0.01614198 0.01415735 -0.05710611 0.01628386 0.01401604 -0.03503505 0.03835492 0.01401604 -0.05724292 0.01642066 0.01386505 -0.03517185 0.03849173 0.01386505 -0.05737432 0.01655206 0.01370476 -0.03530325 0.03862313 0.01370476 -0.03542893 0.03874881 0.01353553 -0.0575 0.01667774 0.01353553 -0.05761966 0.0167974 0.01335779 -0.03554859 0.03886847 0.01335779 -0.03566194 0.03898182 0.01317197 -0.05773301 0.01691075 0.01317197 -0.05783977 0.01701751 0.0129785 -0.0357687 0.03908858 0.0129785 -0.05793969 0.01711743 0.01277785 -0.03586862 0.0391885 0.01277785 -0.03596146 0.03928134 0.01257051 -0.05803253 0.01721027 0.01257051 -0.05811806 0.0172958 0.01235698 -0.03604699 0.03936687 0.01235698 -0.03612502 0.03944489 0.01213778 -0.05819608 0.01737383 0.01213778 -0.05826641 0.01744415 0.01191342 -0.03619534 0.03951522 0.01191342 -0.05832886 0.0175066 0.01168445 -0.03625779 0.03957767 0.01168445 -0.03631223 0.0396321 0.01145142 -0.05838329 0.01756104 0.01145142 -0.05842958 0.01760732 0.0112149 -0.03635851 0.03967839 0.0112149 -0.03639653 0.03971641 0.01097545 -0.0584676 0.01764534 0.01097545 -0.0364262 0.03974608 0.01073365 -0.05849727 0.01767501 0.01073365 -0.05851851 0.01769625 0.01049009 -0.03644744 0.03976732 0.01049009 -0.03646021 0.03978009 0.01024534 -0.05853128 0.01770902 0.01024534 -0.03628673 0.03995356 0.01 -0.0361009 0.04011386 0.01 -0.03590743 0.04026485 0.01 -0.03570678 0.04040616 0.01 -0.03549945 0.04053745 0.01 -0.03528592 0.04065842 0.01 -0.03506671 0.04076876 0.01 -0.03484235 0.04086821 0.01 -0.03461338 0.04095653 0.01 -0.03438036 0.04103351 0.01 -0.03414383 0.04109896 0.01 -0.03390438 0.04115274 0.01 -0.03366259 0.04119469 0.01 -0.03341902 0.04122473 0.01 -0.03317427 0.04124279 0.01 -0.05999398 0.01442308 0.01 -0.05997593 0.01466783 0.01 -0.05994588 0.01491139 0.01 -0.05990393 0.01515319 0.01 -0.05985015 0.01539264 0.01 -0.0597847 0.01562916 0.01 -0.05970772 0.01586219 0.01 -0.0596194 0.01609116 0.01 -0.05951995 0.01631552 0.01 -0.05940961 0.01653473 0.01 -0.05928864 0.01674825 0.01 -0.05915735 0.01695559 0.01 -0.05901604 0.01715624 0.01 -0.05886505 0.01734971 0.01 -0.05870475 0.01753554 0.01 -0.05524904 0.01441099 0.01498834 -0.05526376 0.0143942 0.01498834 -0.05527735 0.01437649 0.01498834 -0.05551188 0.01462665 0.01495343 -0.05528976 0.01435792 0.01498834 -0.05554014 0.01459221 0.01495343 -0.05574248 0.01487315 0.01489542 -0.05530092 0.01433859 0.01498834 -0.05556609 0.01455599 0.01495343 -0.05578637 0.0148231 0.01489542 -0.0553108 0.01431856 0.01498834 -0.05558962 0.01451816 0.01495343 -0.05582689 0.01477028 0.01489542 -0.05531934 0.01429793 0.01498834 -0.05601422 0.01506719 0.01481459 -0.05561062 0.01447887 0.01495343 -0.05586388 0.01471493 0.01489542 -0.05532652 0.01427679 0.01498834 -0.05607022 0.01499895 0.01481459 -0.05562901 0.01443828 0.01495343 -0.05622208 0.01532235 0.0147113 -0.05589716 0.01465728 0.01489542 -0.0553323 0.01425522 0.01498834 -0.05612164 0.0149272 0.01481459 -0.0556447 0.01439659 0.01495343 -0.05629433 0.01523997 0.0147113 -0.05592661 0.01459758 0.01489542 -0.05533665 0.01423332 0.01498834 -0.05616825 0.01485223 0.01481459 -0.05565763 0.01435395 0.01495343 -0.05636103 0.01515304 0.0147113 -0.05595208 0.01453608 0.01489542 -0.05649767 0.01549116 0.01458606 -0.05533957 0.01421119 0.01498834 -0.05620987 0.01477438 0.01481459 -0.05566775 0.01431057 0.01495343 -0.0564219 0.01506194 0.0147113 -0.05597348 0.01447304 0.01489542 -0.05658036 0.0153904 0.01458606 -0.05534103 0.01418891 0.01498834 -0.0562463 0.01469398 0.01481459 -0.05667892 0.01575023 0.01443943 -0.05567501 0.01426661 0.01495343 -0.05647669 0.01496705 0.0147113 -0.05599071 0.01440874 0.01489542 -0.05665629 0.01528444 0.01458606 -0.05627739 0.01461136 0.01481459 -0.05677818 0.01563705 0.01443943 -0.05567937 0.01422227 0.01495343 -0.05652515 0.01486878 0.0147113 -0.05600369 0.01434345 0.01489542 -0.05672513 0.01517374 0.01458606 -0.05630302 0.01452688 0.01481459 -0.05686981 0.01551763 0.01443943 -0.05656708 0.01476755 0.0147113 -0.05695322 0.01589067 0.0142721 -0.05601238 0.01427745 0.01489542 -0.05678658 0.01505878 0.01458606 -0.05632306 0.01444092 0.01481459 -0.05695344 0.01539247 0.01443943 -0.0566023 0.01466379 0.0147113 -0.05706107 0.01575926 0.0142721 -0.05601674 0.01421103 0.01489542 -0.05684037 0.01494005 0.01458606 -0.05710449 0.01614881 0.01408485 -0.05633744 0.01435382 0.01481459 -0.05702871 0.01526211 0.01443943 -0.05663066 0.01455796 0.0147113 -0.05716009 0.01562107 0.0142721 -0.05688629 0.01481805 0.01458606 -0.0572289 0.01600695 0.01408485 -0.0563461 0.01426597 0.01481459 -0.05709528 0.0151271 0.01443943 -0.05665203 0.01445049 0.0147113 -0.05724986 0.0154767 0.0142721 -0.05692413 0.01469331 0.01458606 -0.05734377 0.01585726 0.01408485 -0.05715289 0.01498803 0.01443943 -0.05737239 0.01625827 0.01387856 -0.05666634 0.01434186 0.0147113 -0.05733 0.01532677 0.0142721 -0.05695373 0.01456636 0.01458606 -0.05744859 0.01570037 0.01408485 -0.05720127 0.01484549 0.01443943 -0.05750338 0.01609865 0.01387856 -0.0566735 0.01423253 0.0147113 -0.05740017 0.01517192 0.0142721 -0.05749086 0.01651068 0.01365418 -0.05697496 0.01443775 0.01458606 -0.05754293 0.01553697 0.01408485 -0.05724023 0.01470009 0.01443943 -0.05762365 0.01593081 0.01387856 -0.05746005 0.01501282 0.0142721 -0.0576381 0.01634278 0.01365418 -0.05698774 0.01430803 0.01458606 -0.05762638 0.01536774 0.01408485 -0.0572696 0.01455245 0.01443943 -0.05773269 0.01575546 0.01387856 -0.0575094 0.01485013 0.0142721 -0.05777406 0.0161656 0.01365418 -0.05769859 0.01519342 0.01408485 -0.05774736 0.01658711 0.01341277 -0.05728925 0.01440321 0.01443943 -0.05783003 0.01557336 0.01387856 -0.057548 0.01468457 0.0142721 -0.05789813 0.01597991 0.01365418 -0.05775924 0.01501475 0.01408485 -0.05789906 0.01640227 0.01341277 -0.0572991 0.01425301 0.01443943 -0.05791525 0.01538528 0.01387856 -0.05783082 0.01682909 0.01315544 -0.0575757 0.01451684 0.0142721 -0.05800979 0.01578651 0.01365418 -0.05780808 0.01483249 0.01408485 -0.05803834 0.0162079 0.01341277 -0.05798798 0.01519202 0.01387856 -0.05799817 0.01663827 0.01315544 -0.05759236 0.01434765 0.0142721 -0.05810857 0.01558621 0.01365418 -0.05784489 0.01464744 0.01408485 -0.05816461 0.01600483 0.01341277 -0.05804792 0.01499443 0.01387856 -0.05815267 0.01643691 0.01315544 -0.05819403 0.01537989 0.01365418 -0.05807115 0.01687107 0.0128834 -0.05786952 0.01446036 0.01408485 -0.05827734 0.01579394 0.01341277 -0.05809481 0.01479334 0.01387856 -0.05829368 0.01622588 0.01315544 -0.05826581 0.01516842 0.01365418 -0.05824073 0.01666444 0.0128834 -0.05788186 0.01427208 0.01408485 -0.05837602 0.01557614 0.01341277 -0.05811805 0.01709811 0.01259792 -0.05812844 0.01458961 0.01387856 -0.05842058 0.01600608 0.01315544 -0.05832361 0.0149527 0.01365418 -0.05839643 0.01644716 0.0128834 -0.05846025 0.01535234 0.01341277 -0.05830238 0.01688793 0.01259792 -0.05814869 0.01438412 0.01387856 -0.05853284 0.01577845 0.01315544 -0.05836718 0.01473367 0.01365418 -0.05853758 0.01622017 0.0128834 -0.05852967 0.01512351 0.01341277 -0.05847256 0.01666614 0.01259792 -0.05862996 0.01554396 0.01315544 -0.05833774 0.01710486 0.01230033 -0.05839633 0.01451225 0.01365418 -0.05866359 0.01598442 0.0128834 -0.05858397 0.01489064 0.01341277 -0.05862787 0.0164337 0.01259792 -0.05871155 0.01530363 0.01315544 -0.05852203 0.01688029 0.01230033 -0.05841094 0.0142894 0.01365418 -0.05877391 0.01574095 0.0128834 -0.0583472 0.01731273 0.01199201 -0.05862292 0.01465471 0.01341277 -0.05876765 0.0161916 0.01259792 -0.05877724 0.01505847 0.01315544 -0.05869125 0.01664416 0.01230033 -0.05886807 0.01549077 0.0128834 -0.05854507 0.0170871 0.01199201 -0.05864635 0.01441674 0.01341277 -0.0588913 0.01594087 0.01259792 -0.05882675 0.01480954 0.01315544 -0.05884465 0.01639746 0.01230033 -0.05894566 0.01523498 0.0128834 -0.05872776 0.01684902 0.01199201 -0.05899828 0.01568259 0.01259792 -0.05854214 0.01728412 0.0116744 -0.05885988 0.01455791 0.01315544 -0.0589816 0.01614125 0.01230033 -0.05900636 0.01497466 0.0128834 -0.05889449 0.01659949 0.01199201 -0.05908814 0.01541787 0.01259792 -0.05873773 0.0170458 0.0116744 -0.05887648 0.01430464 0.01315544 -0.05910149 0.01587664 0.01230033 -0.05851399 0.01746896 0.01134898 -0.0590499 0.01471092 0.0128834 -0.05904454 0.01633959 0.01199201 -0.0591605 0.01514783 0.01259792 -0.0589173 0.0167952 0.0116744 -0.05920383 0.01560475 0.01230033 -0.05872173 0.01723208 0.01134898 -0.0590761 0.0144449 0.0128834 -0.05917727 0.01607044 0.01199201 -0.05921503 0.01487365 0.01259792 -0.05908011 0.01653339 0.0116744 -0.05928815 0.01532675 0.01230033 -0.05891352 0.01698213 0.01134898 -0.05929212 0.01579318 0.01199201 -0.05868057 0.01740552 0.01101728 -0.05925153 0.01459648 0.01259792 -0.05922544 0.0162615 0.0116744 -0.05935412 0.01504383 0.01230033 -0.05908856 0.01672017 0.01134898 -0.05938858 0.015509 0.01199201 -0.0588838 0.01715788 0.01101728 -0.05926981 0.01431752 0.01259792 -0.05935268 0.01598068 0.0116744 -0.05861533 0.01756387 0.01068083 -0.05940145 0.0147572 0.01230033 -0.05924609 0.01644732 0.01134898 -0.05946626 0.01521913 0.01199201 -0.05907039 0.01689749 0.01101728 -0.05946128 0.01569214 0.0116744 -0.05882905 0.01732016 0.01068083 -0.05942992 0.01446809 0.01230033 -0.05938543 0.01616475 0.01134898 -0.0595248 0.01492479 0.01199201 -0.05923956 0.01662545 0.01101728 -0.05955077 0.01539712 0.0116744 -0.05902638 0.017063 0.01068083 -0.059506 0.01587368 0.01134898 -0.05875043 0.01746679 0.01034121 -0.05956397 0.01462725 0.01199201 -0.05939057 0.01634293 0.01101728 -0.05962078 0.01509687 0.0116744 -0.05920646 0.01679349 0.01068083 -0.05960727 0.01557534 0.01134898 -0.05895752 0.01721445 0.01034121 -0.0595836 0.01432779 0.01199201 -0.05952278 0.01605114 0.01101728 -0.059671 0.01479269 0.0116744 -0.05936853 0.01651277 0.01068083 -0.05968882 0.01527102 0.01134898 -0.05914766 0.01694912 0.01034121 -0.05963562 0.01575132 0.01101728 -0.05970122 0.01448588 0.0116744 -0.0595119 0.01622206 0.01068083 -0.05975028 0.01496202 0.01134898 -0.05932003 0.01667191 0.01034121 -0.05972861 0.01544477 0.01101728 -0.05963594 0.01592259 0.01068083 -0.0597914 0.01464965 0.01134898 -0.05947391 0.01638403 0.01034121 -0.05980136 0.01513279 0.01101728 -0.05974014 0.01561565 0.01068083 -0.05981201 0.01433527 0.01134898 -0.05960863 0.0160867 0.01034121 -0.05985354 0.01481672 0.01101728 -0.05982403 0.01530255 0.01068083 -0.05972361 0.01578119 0.01034121 -0.05988494 0.01449792 0.01101728 -0.05988727 0.01498463 0.01068083 -0.05981837 0.01546882 0.01034121 -0.05992958 0.01466326 0.01068083 -0.05989249 0.01515092 0.01034121 -0.05995078 0.01433981 0.01068083 -0.05994567 0.01482885 0.01034121 -0.05997766 0.01450399 0.01034121 -0.0329401 0.03658984 0.01498834 -0.03296238 0.03658838 0.01498834 -0.03298451 0.03658546 0.01498834 -0.03297346 0.03692818 0.01495343 -0.03300641 0.03658111 0.01498834 -0.0330178 0.03692382 0.01495343 -0.03296222 0.03726554 0.01489542 -0.03302798 0.03657533 0.01498834 -0.03306176 0.03691656 0.01495343 -0.03302864 0.03726119 0.01489542 -0.03304913 0.03656815 0.01498834 -0.03310514 0.03690644 0.01495343 -0.03309464 0.0372525 0.01489542 -0.03306975 0.03655961 0.01498834 -0.03301716 0.03759491 0.01481459 -0.03314778 0.03689351 0.01495343 -0.03315993 0.03723951 0.01489542 -0.03308978 0.03654973 0.01498834 -0.03310501 0.03758625 0.01481459 -0.03318948 0.03687782 0.01495343 -0.03298372 0.03792231 0.0147113 -0.03322423 0.03722229 0.01489542 -0.03310912 0.03653857 0.01498834 -0.0331921 0.03757187 0.01481459 -0.03323006 0.03685943 0.01495343 -0.03309305 0.03791515 0.0147113 -0.03328727 0.03720089 0.01489542 -0.03312768 0.03652616 0.01498834 -0.03327808 0.03755183 0.01481459 -0.03326935 0.03683843 0.01495343 -0.03320168 0.03790084 0.0147113 -0.03334877 0.03717541 0.01489542 -0.03305922 0.03823655 0.01458606 -0.03314539 0.03651257 0.01498834 -0.03336255 0.0375262 0.01481459 -0.03330718 0.0368149 0.01495343 -0.03330915 0.03787947 0.0147113 -0.03340847 0.03714597 0.01489542 -0.03318894 0.03822377 0.01458606 -0.03316218 0.03649785 0.01498834 -0.03344517 0.03749511 0.01481459 -0.0330042 0.0385479 0.01443943 -0.0333434 0.03678895 0.01495343 -0.03341499 0.03785111 0.0147113 -0.03346613 0.03711269 0.01489542 -0.03331755 0.03820254 0.01458606 -0.03352557 0.03745868 0.01481459 -0.0331544 0.03853806 0.01443943 -0.03337784 0.03676069 0.01495343 -0.03351874 0.03781589 0.0147113 -0.03352148 0.0370757 0.01489542 -0.0334445 0.03817294 0.01458606 -0.03360342 0.03741706 0.01481459 -0.03330365 0.03851841 0.01443943 -0.03361997 0.03777396 0.0147113 -0.03309884 0.03884117 0.0142721 -0.03357429 0.03703518 0.01489542 -0.03356924 0.0381351 0.01458606 -0.03367839 0.03737045 0.01481459 -0.03345128 0.03848904 0.01443943 -0.03371824 0.0377255 0.0147113 -0.03326803 0.0388245 0.0142721 -0.03362434 0.03699129 0.01489542 -0.03369124 0.03808918 0.01458606 -0.03302327 0.03913067 0.01408485 -0.03375014 0.03731903 0.01481459 -0.03359668 0.03845008 0.01443943 -0.03381313 0.03767071 0.0147113 -0.03343576 0.03879681 0.0142721 -0.03380997 0.03803539 0.01458606 -0.03321156 0.03911833 0.01408485 -0.03381838 0.03726303 0.01481459 -0.03373922 0.0384017 0.01443943 -0.03390423 0.03760984 0.0147113 -0.03360132 0.03875821 0.0142721 -0.03392493 0.03797394 0.01458606 -0.03339862 0.0390937 0.01408485 -0.03387829 0.03834409 0.01443943 -0.03313531 0.03939749 0.01387856 -0.03399116 0.03754314 0.0147113 -0.03376401 0.03870886 0.0142721 -0.03403563 0.0379051 0.01458606 -0.03358368 0.03905689 0.01408485 -0.0340133 0.03827752 0.01443943 -0.0333408 0.03937725 0.01387856 -0.03407354 0.03747089 0.0147113 -0.03392311 0.03864898 0.0142721 -0.0330406 0.03965975 0.01365418 -0.03414159 0.03782917 0.01458606 -0.03376594 0.03900805 0.01408485 -0.03414366 0.03820225 0.01443943 -0.03354453 0.03934362 0.01387856 -0.03407796 0.03857881 0.0142721 -0.03326344 0.03964514 0.01365418 -0.03424235 0.03774648 0.01458606 -0.03394461 0.0389474 0.01408485 -0.03426882 0.03811862 0.01443943 -0.03374562 0.03929673 0.01387856 -0.03422789 0.03849867 0.0142721 -0.03348486 0.03961599 0.01365418 -0.03411893 0.03887519 0.01408485 -0.03316793 0.03989516 0.01341277 -0.03438824 0.03802699 0.01443943 -0.03394321 0.03923679 0.01387856 -0.03437226 0.0384089 0.0142721 -0.03370389 0.03957242 0.01365418 -0.03428816 0.03879174 0.01408485 -0.0334059 0.03987173 0.01341277 -0.03450142 0.03792773 0.01443943 -0.03413647 0.03916405 0.01387856 -0.03305584 0.04012529 0.01315544 -0.03451044 0.03830988 0.0142721 -0.03391961 0.03951462 0.01365418 -0.03445156 0.0386974 0.01408485 -0.03364183 0.03983278 0.01341277 -0.03432455 0.03907884 0.01387856 -0.0333091 0.04010869 0.01315544 -0.03464186 0.03820203 0.0142721 -0.03413108 0.03944284 0.01365418 -0.03460845 0.03859257 0.01408485 -0.0338747 0.03977848 0.01341277 -0.03450665 0.0389815 0.01387856 -0.03356073 0.04007556 0.01315544 -0.03433741 0.03935738 0.01365418 -0.03319609 0.04032491 0.0128834 -0.03475814 0.03847771 0.01408485 -0.03410353 0.03970906 0.01341277 -0.034682 0.03887246 0.01387856 -0.03380966 0.04002605 0.01315544 -0.0345377 0.0392586 0.01365418 -0.03346211 0.04029871 0.0128834 -0.0349 0.0383533 0.01408485 -0.03432733 0.03962483 0.01341277 -0.03306871 0.04051862 0.01259792 -0.03484984 0.03875219 0.01387856 -0.03405482 0.03996036 0.01315544 -0.03473111 0.03914694 0.01365418 -0.03372585 0.04025517 0.0128834 -0.03454514 0.03952614 0.01341277 -0.03334767 0.04050034 0.01259792 -0.03500946 0.03862119 0.01387856 -0.03429515 0.03987877 0.01315544 -0.03491679 0.03902287 0.01365418 -0.03398617 0.04019447 0.0128834 -0.03475602 0.03941342 0.01341277 -0.03362484 0.04046384 0.01259792 -0.03452964 0.03978165 0.01315544 -0.03321928 0.04067873 0.01230033 -0.03509397 0.03888691 0.01365418 -0.03424196 0.04011687 0.0128834 -0.03495909 0.03928715 0.01341277 -0.03389902 0.04040931 0.01259792 -0.03475727 0.03966939 0.01315544 -0.03350839 0.04065026 0.01230033 -0.03526187 0.03873967 0.01365418 -0.03449214 0.04002272 0.0128834 -0.03307898 0.04083241 0.01199201 -0.03515346 0.03914787 0.01341277 -0.03416906 0.04033695 0.01259792 -0.03497707 0.03954249 0.01315544 -0.03379502 0.04060293 0.01230033 -0.03473561 0.0399124 0.0128834 -0.03337844 0.04081278 0.01199201 -0.0353383 0.03899617 0.01341277 -0.03443378 0.04024709 0.01259792 -0.03518811 0.03940148 0.01315544 -0.03407794 0.04053696 0.01230033 -0.03497136 0.03978639 0.0128834 -0.03367598 0.04077361 0.01199201 -0.03469206 0.04014011 0.01259792 -0.03323706 0.04095003 0.0116744 -0.03538946 0.03924697 0.01315544 -0.03435594 0.04045264 0.01230033 -0.03519835 0.03964524 0.0128834 -0.03397032 0.04071507 0.01199201 -0.03494278 0.04001646 0.01259792 -0.03354388 0.04091981 0.0116744 -0.03558028 0.03907963 0.01315544 -0.03462783 0.0403503 0.01230033 -0.03308646 0.04106082 0.01134898 -0.03541563 0.03948954 0.0128834 -0.03426019 0.04063739 0.01199201 -0.03518489 0.03987668 0.01259792 -0.03384806 0.04086959 0.0116744 -0.03489244 0.04023041 0.01230033 -0.03340084 0.04104021 0.01134898 -0.03562226 0.03931996 0.0128834 -0.03454437 0.04054093 0.01199201 -0.03541733 0.03972137 0.01259792 -0.03414831 0.04079958 0.0116744 -0.03514864 0.04009346 0.01230033 -0.03371321 0.04099909 0.01134898 -0.03482163 0.04042608 0.01199201 -0.03324911 0.04113375 0.01101728 -0.03563912 0.03955119 0.01259792 -0.03444333 0.04071009 0.0116744 -0.03539534 0.03994006 0.01230033 -0.03402221 0.04093763 0.01134898 -0.03509079 0.04029335 0.01199201 -0.03356791 0.04110235 0.01101728 -0.0358493 0.03936686 0.01259792 -0.03473187 0.04060149 0.0116744 -0.033091 0.04119959 0.01068083 -0.03563148 0.03977084 0.01230033 -0.03432653 0.04085608 0.01134898 -0.03535068 0.0401433 0.01199201 -0.03388398 0.04105017 0.01101728 -0.03501269 0.04047425 0.0116744 -0.03341445 0.04117839 0.01068083 -0.03585605 0.03958655 0.01230033 -0.03462487 0.04075481 0.01134898 -0.03560021 0.03997657 0.01199201 -0.03419596 0.04097742 0.01101728 -0.03528458 0.04032892 0.0116744 -0.03373582 0.04113608 0.01068083 -0.03491595 0.04063424 0.01134898 -0.03325518 0.04122647 0.01034121 -0.03583829 0.03979388 0.01199201 -0.03450251 0.04088443 0.01101728 -0.03554639 0.04016611 0.0116744 -0.03405374 0.04107284 0.01068083 -0.03519851 0.0404949 0.01134898 -0.03358004 0.04119448 0.01034121 -0.03606393 0.03959601 0.01199201 -0.03480233 0.04077159 0.01101728 -0.03579699 0.03998654 0.0116744 -0.03436684 0.04098895 0.01068083 -0.03547136 0.04033737 0.01134898 -0.03390211 0.0411413 0.01034121 -0.03509412 0.04063938 0.01101728 -0.03603531 0.03979095 0.0116744 -0.03467378 0.04088475 0.01068083 -0.03573332 0.04016233 0.01134898 -0.03422001 0.04106718 0.01034121 -0.03537664 0.04048837 0.01101728 -0.03497325 0.04076071 0.01068083 -0.03598327 0.03997054 0.01134898 -0.03453238 0.04097242 0.01034121 -0.03564868 0.0403192 0.01101728 -0.03526396 0.04061734 0.01068083 -0.03622015 0.0397628 0.01134898 -0.03483789 0.04085744 0.01034121 -0.03590908 0.04013261 0.01101728 -0.03554468 0.04045527 0.01068083 -0.03513522 0.04072272 0.01034121 -0.03615671 0.03992938 0.01101728 -0.03581419 0.04027519 0.01068083 -0.0354231 0.04056884 0.01034121 -0.03607135 0.04007786 0.01068083 -0.03570031 0.04039647 0.01034121 -0.03631506 0.03986414 0.01068083 -0.03596564 0.04020633 0.01034121 -0.03621798 0.03999924 0.01034121</float_array>
          <technique_common>
            <accessor count="2830" source="#cubeverts-array0-array" stride="3">
              <param type="float" name="X"/>
              <param type="float" name="Y"/>
              <param type="float" name="Z"/>
            </accessor>
          </technique_common>
        </source>
        <source id="cubenormals-array0">
          <float_array count="16968" id="cubenormals-array0-array">0 0 -1 0 -0 -1 0 -0 -1 -0 -0 -1 0 0 -1 0 0 -1 0 0 -1 0 0 -1 0 0 -1 0 0 -1 0 0 -1 0 0 -1 0 -0 -1 0 0 -1 0 -0 -1 0 0 -1 0 0 -1 0 0 -1 0 0 -1 0 0 -1 0 0 -1 0 0 -1 0 0 -1 0 0 -1 0 0 -1 0 0 -1 0 0 -1 0 0 -1 0 0 -1 0 0 -1 0 0 -1 0 0 -1 0 0 -1 0 0 -1 0 0 -1 0 0 -1 0 0 -1 0 0 -1 0 0 -1 0 0 -1 0 0 -1 0 0 -1 0 0 -1 0 0 -1 0 0 -1 0 0 -1 0 0 -1 0 0 -1 0 0 -1 0 0 -1 0 0 -1 0 0 -1 0 0 -1 0 0 -1 0 0 -1 0 0 -1 0 0 -1 0 0 -1 0 0 -1 0 0 -1 0 0 -1 0 0 -1 0 0 -1 0 0 -1 0 0 -1 0 0 -1 0 0 -1 0 0 -1 0 0 -1 0 0 -1 0 0 -1 0 0 -1 0 0 -1 0 0 -1 0 0 -1 0 0 -1 0 0 -1 0 0 -1 0 0 -1 0 0 -1 0 0 -1 0 0 -1 0 0 -1 0 0 -1 0 0 -1 0 0 -1 0 0 -1 0 0 -1 0 0 -1 0 0 -1 0 0 -1 0 0 -1 0 0 -1 0 0 -1 0 0 -1 0 0 -1 0 0 -1 0 0 -1 0 0 -1 0 0 -1 0 0 -1 0 0 -1 0 0 -1 0 -0 -1 0 -0 -1 0 -0 -1 0 -0 -1 0 -0 -1 0 0 -1 0 -0 -1 0 -0 -1 0 -0 -1 0 -0 -1 0 -0 -1 0 -0 -1 0 -0 -1 0 -0 -1 -0 -0 -1 0 -0 -1 0 -0 -1 0 -0 -1 0 -0 -1 0 -0 -1 0 0 -1 0 0 -1 0 0 -1 0 0 -1 0 0 -1 0 0 -1 0 0 -1 0 0 -1 0 -0 -1 0 -0 -1 0 -0 -1 0 -0 -1 0 -0 -1 0 0 -1 0 0 -1 0 0 -1 0 0 -1 0 0 -1 0 0 -1 0 0 -1 0 0 -1 0 0 -1 0 0 -1 0 0 -1 0 0 -1 0 0 -1 0 0 -1 0 0 -1 0 0 -1 0 0 -1 0 0 -1 0 0 -1 0 0 -1 0 0 -1 0 0 -1 0 0 -1 0 0 -1 0 0 -1 0 0 -1 0 0 -1 0 0 -1 0 0 -1 0 0 -1 0 0 -1 0 0 -1 0 0 -1 0 0 -1 0 0 -1 0 0 -1 0 0 -1 0 0 -1 0 0 -1 0 0 -1 0 0 -1 0 0 -1 0 0 -1 0 0 -1 0 0 -1 0 -0 -1 0 -0 -1 0 -0 -1 0 -0 -1 0 0 -1 0 0 -1 0 0 -1 0 0 -1 0 0 -1 0 0 -1 0 0 -1 0 0 -1 0 0 -1 0 0 -1 0 0 -1 0 0 -1 0 0 -1 0 0 -1 0 0 -1 0 0 -1 0 0 -1 0 0 -1 0 0 -1 0 0 -1 0 0 -1 0 0 -1 0 0 -1 0 0 -1 0 0 -1 0 0 -1 0 0 -1 0 0 -1 0 0 -1 0 0 -1 0 0 -1 0 0 -1 0 0 -1 0 0 -1 0 0 -1 0 0 -1 0 0 -1 0 0 -1 0 0 -1 0 0 -1 0 0 -1 0 0 -1 0 0 -1 0 0 -1 0 0 -1 0 0 -1 0 0 -1 0 0 -1 -0 -0 -1 0 -0 -1 0 -0 -1 0 0 -1 0 0 -1 0 0 -1 0 0 -1 0 0 -1 0 0 -1 0 0 -1 0 0 -1 0 0 -1 0 0 -1 0 0 -1 0 0 -1 0 0 -1 0 0 -1 0 0 -1 0 0 -1 0 0 -1 0 0 -1 0 0 -1 0 0 -1 0 0 -1 0 0 -1 0 0 -1 0 0 -1 0 0 -1 0 0 -1 0 0 -1 0 0 -1 0 0 -1 0 0 -1 0 0 -1 0 0 -1 0 0 -1 0 0 -1 0 0 -1 0 0 -1 0 0 -1 0 0 -1 0 0 -1 0 0 -1 0 0 -1 0 0 -1 0 0 -1 -0 -0 -1 0 0 -1 0 0 -1 0 0 -1 0 0 -1 0 0 -1 0 0 -1 0 0 -1 0 0 -1 0 0 -1 0 0 -1 0 0 -1 0 0 -1 0 0 -1 0 0 -1 0 0 -1 0 0 -1 0 0 -1 0 0 -1 0 0 -1 0 0 -1 0 0 -1 0 0 -1 0 0 -1 0 0 -1 0 0 -1 0 0 -1 0 0 -1 0 0 -1 0 0 -1 0 0 -1 0 0 -1 0 0 -1 0 0 -1 0 0 -1 0 0 -1 0 0 -1 0 0 -1 0 0 -1 0 0 -1 0 0 -1 0 0 -1 0 0 -1 0 0 -1 0 0 -1 0 0 -1 0 0 -1 0 0 -1 0 0 -1 0 0 -1 0 0 -1 0 0 -1 0 0 -1 0 0 -1 0 0 -1 0 0 -1 0 0 -1 0 0 -1 0 0 -1 0 0 -1 0 0 -1 0 0 -1 0 0 -1 0 0 -1 0 0 -1 0 0 -1 0 0 -1 0 0 -1 0 0 -1 0 0 -1 0 0 -1 0 0 -1 0 0 -1 0 -0 -1 0 0 -1 0 0 -1 0 -0 -1 0 0 -1 0 0 -1 0 -0 -1 0 0 -1 0 0 -1 0 0 -1 0 -0 -1 0 0 -1 0 0 -1 0 0 -1 0 0 -1 0 0 -1 0 0 -1 0 0 -1 0 0 -1 0 0 -1 0 0 -1 0 0 -1 0 0 -1 0 0 -1 0 0 -1 0 0 -1 0 0 -1 0 0 -1 0 0 -1 0 0 -1 0 0 -1 0 0 -1 0 0 -1 0 0 -1 0 0 -1 0 0 -1 0 0 -1 0 0 -1 0 0 -1 0 0 -1 0 0 -1 0 0 -1 0 0 -1 0 0 -1 0 0 -1 0 0 -1 0 0 -1 0 0 -1 0 0 -1 0 -0 -1 0 0 -1 0 0 -1 0 0 -1 0 0 -1 0 -0 -1 0 0 -1 0 0 -1 0 0 -1 0 0 -1 0 0 -1 0 0 -1 0 0 -1 0 0 -1 0 0 -1 0 0 -1 0 0 -1 0 0 -1 0 0 -1 0 0 -1 0 0 -1 0 0 -1 0 0 -1 0 0 -1 0 -0 -1 0 0 -1 0 0 -1 0 0 -1 0 0 -1 0 0 -1 0 0 -1 0 0 -1 0 0 -1 0 0 -1 0 0 -1 0 0 -1 0 0 -1 0 0 -1 0 0 -1 0 0 -1 0 0 -1 0 0 -1 0 0 -1 0 0 -1 0 0 -1 0 0 -1 0 0 -1 0 0 -1 0 0 -1 0 0 -1 0 0 -1 0 0 -1 0 0 -1 0 0 -1 0 0 -1 0 0 -1 0 0 -1 0 0 -1 0 0 -1 0 0 -1 0 0 -1 0 0 -1 0 0 -1 0 -0 -1 0 0 -1 0 0 -1 0 -0 -1 0 0 -1 0 0 -1 0 0 -1 0 0 -1 0 0 -1 0 0 -1 0 0 -1 0 0 -1 0 0 -1 0 0 -1 0 0 -1 0 0 -1 0 0 -1 0 0 -1 0 0 -1 0 0 -1 0 0 -1 0 0 -1 0 0 -1 0 0 -1 0 0 -1 0 0 -1 0 0 -1 0 0 -1 0 0 -1 0 0 -1 0 0 -1 0 0 -1 0 0 -1 0 0 -1 0 0 -1 0 0 -1 0 0 -1 0 0 -1 0 -0 -1 0 0 -1 0 0 -1 0 0 -1 0 -0 -1 0 0 -1 0 0 -1 0 -0 -1 0 0 -1 0 0 -1 0 0 -1 0 0 -1 0 0 -1 0 0 -1 0 0 -1 0 0 -1 0 0 -1 0 0 -1 0 0 -1 0 0 -1 0 0 -1 0 0 -1 0 0 -1 0 0 -1 0 0 -1 0 0 -1 0 0 -1 0 0 -1 0 0 -1 0 0 -1 0 0 -1 0 0 -1 0 0 -1 0 0 -1 0 0 -1 0 0 -1 0 0 -1 0 0 -1 0 0 -1 0 0 -1 0 0 -1 0 0 -1 0 0 -1 0 0 -1 0 -0 -1 0 0 -1 0 -0 -1 0 0 -1 0 0 -1 0 0 -1 0 0 -1 0 0 -1 0 0 -1 0 0 -1 0 0 -1 0 0 -1 0 0 -1 0 0 -1 0 0 -1 0 0 -1 0 0 -1 0 0 -1 0 0 -1 0 0 -1 0 0 -1 0 0 -1 0 0 -1 0 0 -1 0 0 -1 0 0 -1 0 0 -1 0 0 -1 0 0 -1 0 0 -1 0 0 -1 0 0 -1 0 0 -1 0 0 -1 0 0 -1 0 0 -1 0 0 -1 0 0 -1 0 0 -1 0 0 -1 0 0 -1 0 0 -1 0 0 -1 0 0 -1 0 0 -1 0 0 -1 0 0 -1 0 0 -1 0 0 -1 0 0 -1 0 0 -1 0 0 -1 0 0 -1 0 0 -1 0 0 -1 0 0 -1 0 0 -1 0 0 -1 0 0 -1 0 0 -1 0 0 -1 0 0 -1 0 0 -1 0 0 -1 0 0 -1 0 0 -1 0 0 -1 0 0 -1 0 0 -1 0 0 -1 0 0 -1 0 0 -1 0 0 -1 0 0 -1 0 0 -1 0 0 -1 0 0 -1 0 0 -1 0 0 -1 0 0 -1 0 0 -1 0 0 -1 0 0 -1 0 0 -1 0 0 -1 0 0 -1 0 0 -1 0 0 -1 0 0 -1 0 0 -1 0 0 -1 0 0 -1 0 0 -1 0 0 -1 0 0 -1 0 0 -1 0 0 -1 0 0 -1 0 0 -1 0 0 -1 0 0 -1 0 0 -1 0 0 -1 0 0 -1 0 0 -1 0 0 -1 0 0 -1 0 0 -1 0 0 -1 0 0 -1 0 0 -1 0 0 -1 0 0 -1 0 0 -1 0 0 -1 0 0 -1 0 0 -1 0 0 -1 0 0 -1 0 0 -1 0 0 -1 0 0 -1 0 0 -1 0 0 -1 0 0 -1 0 0 -1 0 0 -1 0 0 -1 0 0 -1 1 0 0 1 -0 0 0 0.01963321 -0.9998073 5.386409e-05 0.05832646 -0.9982976 -7.45567e-05 0.02454014 -0.9996988 6.988452e-05 0.09636303 -0.9953462 -0.000113789 0.07356607 -0.9972903 4.008838e-05 0.134274 -0.9909442 -0.0001068852 0.1224103 -0.9924796 -3.540068e-05 0.1720578 -0.9850869 2.852317e-05 0.2097214 -0.9777612 -5.384561e-05 0.1709591 -0.9852782 6.905912e-05 0.2471953 -0.9689656 -9.963005e-05 0.2191053 -0.9757012 -0.0001179929 0.2667122 -0.9637762 4.702905e-05 0.2825979 -0.9592384 -6.221273e-06 0.3177553 -0.9481727 6.047655e-06 0.3543925 -0.9350967 -7.333767e-05 0.3136805 -0.9495286 6.219849e-05 0.3907392 -0.9205014 -8.320459e-05 0.3598926 -0.9329937 8.237907e-05 0.4272058 -0.9041544 -0.0001175622 0.4052452 -0.9142081 6.296138e-05 0.4631926 -0.8862576 -0.000116959 0.449612 -0.893224 2.030608e-05 0.498643 -0.8668074 -2.48972e-05 0.5353701 -0.8446175 -8.304101e-05 0.4928951 -0.8700888 1.504925e-05 0.573268 -0.8193679 -1.630548e-05 0.5350001 -0.844852 3.242788e-05 0.6074195 -0.7943812 -4.265561e-05 0.5758061 -0.8175862 0.0001015515 0.6407353 -0.7677619 -0.0001088136 0.6152322 -0.7883459 9.70683e-05 0.674628 -0.7381579 -0.0001183528 0.6531708 -0.7572107 0.000101457 0.705931 -0.7082806 -0.0001300767 0.6895428 -0.724245 9.096214e-05 0.7359045 -0.6770855 -0.0001274572 0.7242507 -0.6895368 6.521271e-05 0.7644992 -0.6446247 -0.0001098265 0.7572071 -0.6531749 2.298081e-05 0.7916453 -0.610981 -2.577549e-05 0.8173138 -0.5761929 -7.62272e-05 0.7883459 -0.6152322 3.13738e-05 0.8415031 -0.5402523 -3.572717e-05 0.8175825 -0.5758114 7.462389e-05 0.8641025 -0.5033158 -8.668168e-05 0.8448548 -0.5349956 0.0001032321 0.8850753 -0.465448 -0.000123191 0.8700852 -0.4929014 0.0001162232 0.9043935 -0.4266995 -0.000144689 0.8932248 -0.4496104 0.0001124319 0.9219968 -0.3871975 -0.0001499222 0.914213 -0.405234 9.158799e-05 0.937886 -0.3469435 -0.0001384924 0.9329888 -0.3599054 5.147877e-05 0.9520033 -0.3060877 -0.0001081939 0.949529 -0.3136793 -9.689668e-06 0.964334 -0.2646885 8.96883e-06 0.9748895 -0.2226889 -5.893464e-05 0.9637783 -0.2667049 6.817797e-05 0.9836189 -0.1802608 -7.829219e-05 0.9757006 -0.2191082 0.0001105107 0.9905025 -0.1374949 -0.0001305045 0.9852791 -0.1709535 -0.0001653039 0.9924797 -0.1224094 0.0001354737 0.9955249 -0.09449885 -0.0001815508 0.99729 -0.07356994 9.195122e-05 0.9985005 -0.05474159 -0.0001412666 0.9996988 -0.02454402 0 0.9998329 -0.0182777 0.610888 -0.7917171 0 0.610888 -0.7917171 0 0.6204644 -0.7842346 0 0.6204644 -0.7842346 0 0.6299618 -0.7766261 0 0.6299618 -0.7766261 0 -0.01735245 0.01735245 -0.9996989 -0.0173525 0.0173525 -0.9996988 -0.05201937 0.05201938 -0.9972903 -0.0865554 0.0865554 -0.9924799 -0.05201923 0.05201923 -0.9972903 -0.08655588 0.08655587 -0.9924798 -0.1208899 0.1208899 -0.9852772 -0.1208889 0.1208889 -0.9852775 -0.1549278 0.1549278 -0.9757022 -0.188597 0.1885969 -0.9637751 -0.1549291 0.1549291 -0.9757017 -0.1885954 0.1885954 -0.9637757 -0.2218025 0.2218025 -0.9495301 -0.254486 0.254486 -0.9329919 -0.2218037 0.2218037 -0.9495295 -0.2544847 0.2544847 -0.9329926 -0.2865511 0.2865511 -0.9142084 -0.2865503 0.2865503 -0.9142088 -0.3179248 0.3179248 -0.8932232 -0.3179241 0.3179241 -0.8932237 -0.3485295 0.3485295 -0.8700887 -0.3782999 0.3782999 -0.8448541 -0.3485304 0.3485304 -0.870088 -0.3782999 0.3782999 -0.8448541 -0.4071594 0.4071594 -0.8175833 -0.4071576 0.4071576 -0.8175851 -0.4350299 0.4350298 -0.7883515 -0.4350336 0.4350336 -0.7883473 -0.4618615 0.4618614 -0.7572106 -0.4875822 0.4875821 -0.7242426 -0.4618615 0.4618614 -0.7572106 -0.4875802 0.4875802 -0.7242451 -0.5121207 0.5121207 -0.6895396 -0.5354249 0.535425 -0.653177 -0.5121187 0.5121187 -0.6895425 -0.5354288 0.5354288 -0.6531707 -0.557447 0.557447 -0.6152283 -0.5574451 0.557445 -0.6152317 -0.5781187 0.5781186 -0.5758105 -0.5974041 0.5974041 -0.5349924 -0.5781186 0.5781186 -0.5758105 -0.597404 0.5974041 -0.5349925 -0.6152455 0.6152455 -0.4928955 -0.6316056 0.6316057 -0.4496093 -0.6152439 0.6152439 -0.4928996 -0.6316056 0.6316057 -0.4496093 -0.6464421 0.6464421 -0.4052473 -0.6464435 0.6464435 -0.4052427 -0.6597245 0.6597246 -0.3598987 -0.6714203 0.6714203 -0.3136711 -0.6597245 0.6597245 -0.3598987 -0.6714191 0.6714192 -0.3136761 -0.6814923 0.6814923 -0.2667144 -0.6899257 0.6899258 -0.2191003 -0.6814923 0.6814923 -0.2667144 -0.6966943 0.6966943 -0.1709799 -0.6899257 0.6899258 -0.2191003 -0.6966956 0.6966956 -0.1709692 -0.70179 0.70179 -0.1223993 -0.7051903 0.7051903 -0.07357571 -0.7017896 0.7017895 -0.1224047 -0.706894 0.7068939 -0.02453256 -0.7051906 0.7051905 -0.07357024 -0.7068939 0.7068939 -0.02453806 -0.7360989 -0.6768739 0 -0.7360989 -0.6768739 0 -0.6895691 -0.7242199 -0 -0.6895691 -0.7242199 0 -0.6400017 -0.7683735 -0 -0.6400017 -0.7683735 0 -0.5876055 -0.8091475 0 -0.5876055 -0.8091475 0 -0.5326238 -0.8463522 -0 -0.5326238 -0.8463522 0 -0.4752999 -0.8798239 -0 -0.4752999 -0.8798239 0 -0.415867 -0.9094254 -0 -0.415867 -0.9094254 0 -0.3546265 -0.935008 -0 -0.3546265 -0.935008 0 -0.2917995 -0.9564795 -0 -0.2917995 -0.9564795 0 -0.227711 -0.9737288 0 -0.227711 -0.9737288 0 -0.1626003 -0.986692 -0 -0.1626003 -0.986692 0 -0.09676861 -0.9953069 0 -0.09676861 -0.9953069 0 -0.03051297 -0.9995344 -0 -0.03051297 -0.9995344 0 0.03585755 -0.9993569 0 0.03585755 -0.9993569 0 0.102094 -0.9947747 0 0.102094 -0.9947747 0 0.1678675 -0.9858096 0 0.1678675 -0.9858096 0 0.2329013 -0.9725003 0 0.2329013 -0.9725003 0 0.2969125 -0.9549047 0 0.2969125 -0.9549047 0 0.3596105 -0.9331025 0 0.3596105 -0.9331025 0 0.4207252 -0.9071881 0 0.4800139 -0.8772609 0 0.4207252 -0.9071881 0 0.4800139 -0.8772609 0 0.5371358 -0.8434958 0 0.5371358 -0.8434958 0 0.5919249 -0.8059932 0 0.5919249 -0.8059932 0 0.6440874 -0.7649519 0 0.6440874 -0.7649519 0 0.6934347 -0.7205194 0 0.6934347 -0.7205194 0 0.7397043 -0.6729321 0 0.7397043 -0.6729321 0 0.7827266 -0.6223657 0 0.7827266 -0.6223657 0 0.8222914 -0.5690665 0 0.8222914 -0.5690665 0 0.8582323 -0.5132615 0 0.8582323 -0.5132615 0 0.8904037 -0.4551718 0 0.8904037 -0.4551718 0 0.918637 -0.3951026 0 0.918637 -0.3951026 0 0.9428268 -0.3332829 0 0.9428268 -0.3332829 0 0.9628647 -0.2699845 0 0.9628647 -0.2699845 0 0.9786517 -0.2055259 0 0.9786517 -0.2055259 0 0.9901352 -0.1401153 0 0.9901352 -0.1401153 0 0.9972488 -0.07412851 0 0.9972488 -0.07412851 0 0.9999696 -0.007795951 0 0.9999696 -0.007795951 0 0.9982842 0.05855472 -0 0.9982842 0.05855472 0 0.9921975 0.1246759 0 0.9921975 0.1246759 0 0.9817403 0.1902262 -0 0.9817403 0.1902262 0 0.9669554 0.2549458 -0 0.9669554 0.2549458 0 0.9479105 0.3185368 0 0.9479105 0.3185368 0 0.9246845 0.3807344 0 0.9246845 0.3807344 0 0.8973877 0.4412428 0 0.8973877 0.4412428 0 0.8661384 0.4998043 -0 0.8661384 0.4998043 0 0.8310618 0.5561801 0 0.8310618 0.5561801 0 0.7923298 0.610093 0 0.7923298 0.610093 0 0.7501117 0.6613111 0 0.7501117 0.6613111 0 -0.02454014 -0 -0.9996989 -0.07356607 -0 -0.9972903 -0.02454014 0 -0.9996989 -0.1224084 -0 -0.9924797 -0.07356607 0 -0.9972903 -0.1709617 -0 -0.9852777 -0.1224084 0 -0.9924797 -0.2191053 -0 -0.9757012 -0.1709617 0 -0.9852777 -0.2667122 -0 -0.9637762 -0.2191053 0 -0.9757012 -0.3136805 -0 -0.9495286 -0.2667122 0 -0.9637762 -0.3598926 -0 -0.9329937 -0.3136805 0 -0.9495286 -0.3598926 0 -0.9329937 -0.4052452 -0 -0.9142081 -0.4052452 0 -0.9142081 -0.449612 -0 -0.8932239 -0.4928951 -0 -0.8700888 -0.449612 0 -0.8932239 -0.5350001 -0 -0.844852 -0.4928951 0 -0.8700888 -0.5758063 -0 -0.8175862 -0.5350001 0 -0.844852 -0.6152322 -0 -0.7883459 -0.5758063 0 -0.8175862 -0.6531708 -0 -0.7572107 -0.6152322 0 -0.7883459 -0.6895428 -0 -0.7242449 -0.6531708 0 -0.7572107 -0.7242507 -0 -0.6895368 -0.6895428 0 -0.7242449 -0.7572071 -0 -0.6531749 -0.7242507 0 -0.6895368 -0.7883459 -0 -0.6152322 -0.7572071 0 -0.6531749 -0.8175825 -0 -0.5758114 -0.7883459 0 -0.6152322 -0.8448548 -0 -0.5349956 -0.8175825 0 -0.5758114 -0.8700852 -0 -0.4929014 -0.8448548 0 -0.5349956 -0.8932247 -0 -0.4496104 -0.8700852 0 -0.4929014 -0.9142129 -0 -0.405234 -0.8932247 0 -0.4496104 -0.9329888 -0 -0.3599054 -0.9142129 0 -0.405234 -0.949529 -0 -0.3136793 -0.9329888 0 -0.3599054 -0.9637782 -0 -0.2667049 -0.949529 0 -0.3136793 -0.9757006 -0 -0.2191082 -0.9637782 0 -0.2667049 -0.9852791 -0 -0.1709535 -0.9757006 0 -0.2191082 -0.9924778 -0 -0.1224247 -0.9852791 0 -0.1709535 -0.9924778 0 -0.1224247 -0.9972912 0 -0.07355448 -0.9996988 -0 -0.02454402 -0.9972912 0 -0.07355448 -0.9996988 0 -0.02454402 0.7079678 -0.7062448 0 0.7079678 -0.7062448 0 0.7193393 -0.6946589 0 0.7193393 -0.6946589 0 0.7305226 -0.6828886 0 0.7305226 -0.6828886 0 0 1 -0 0 1 -0 0 1 -0 0 1 -0 0 1 -0 0 1 -0 0 1 -0 0 1 -0 0 1 -0 0 1 -0 0 1 -0 0 1 -0 0 1 -0 0 1 -0 0 1 -0 0 1 0 0 1 0 0 1 0 0 1 0 0 1 0 0 1 0 0 1 0 0 1 0 0 1 0 0 1 0 0 1 0 0 1 -0 0 1 -0 0 1 -0 0 1 -0 0 1 -0 0 1 -0 0 1 0 0 1 0 0 1 0 0 1 0 0 1 0 0 1 0 0 1 0 0 1 0 0 1 0 0 1 0 0 1 0 0 1 0 0 1 0 0 1 0 0 1 0 0 1 0 0 1 0 0 1 0 0 1 0 0 1 0 0 1 0 0 1 0 0 1 0 0 1 0 0 1 0 0 1 -0 0 1 0 0 1 0 0 1 0 0 1 0 0 1 0 0 1 0 -0 1 0 0 1 0 0 1 0 0 1 0 -0.6347272 -0.7727363 0 -0.6347272 -0.7727363 0 -0.5820641 -0.8131428 -0 -0.5820641 -0.8131428 0 -0.5268306 -0.8499702 -0 -0.5268306 -0.8499702 0 -0.4692794 -0.8830497 -0 -0.4692794 -0.8830497 0 -0.4096597 -0.9122384 0 -0.4096597 -0.9122384 0 -0.348225 -0.937411 -0 -0.348225 -0.937411 0 -0.2852542 -0.9584519 0 -0.2852542 -0.9584519 0 -0.2210598 -0.9752603 -0 -0.2210598 -0.9752603 0 -0.1558416 -0.987782 -0 -0.1558416 -0.987782 0 -0.08996754 -0.9959447 -0 -0.08996754 -0.9959447 0 -0.0236943 -0.9997192 -0 -0.0236943 -0.9997192 0 0.04269575 -0.999088 0 0.04269575 -0.999088 0 0.1088736 -0.9940556 0 0.1088736 -0.9940556 0 0.1746124 -0.9846372 0 0.1746124 -0.9846372 0 0.2395283 -0.9708894 0 0.2395283 -0.9708894 0 0.3034424 -0.9528498 0 0.3034424 -0.9528498 0 0.3659848 -0.9306208 0 0.3659848 -0.9306208 0 0.4269184 -0.9042901 0 0.4269184 -0.9042901 0 0.4859665 -0.8739774 0 0.5429002 -0.8397973 0 0.4859665 -0.8739774 0 0.5429002 -0.8397973 0 0.5974072 -0.8019381 0 0.5974072 -0.8019381 0 0.6493121 -0.7605221 0 0.6983377 -0.7157685 0 0.6493121 -0.7605221 0 0.6983377 -0.7157685 0 0.7442868 -0.6678603 0 0.7442868 -0.6678603 0 0.7869607 -0.6170032 0 0.8261604 -0.5634348 0 0.7869607 -0.6170032 0 0.8261604 -0.5634348 0 0.8617209 -0.5073825 0 0.8617209 -0.5073825 0 0.8934867 -0.4490897 0 0.8934867 -0.4490897 0 0.9213213 -0.3888018 0 0.9213213 -0.3888018 0 0.9450821 -0.3268329 0 0.9450821 -0.3268329 0 0.9646829 -0.263414 0 0.9646829 -0.263414 0 0.9800354 -0.1988228 0 0.9800354 -0.1988228 0 0.9910686 -0.133353 0 0.9910686 -0.133353 0 0.9977322 -0.06730976 0 0.9977322 -0.06730976 0 0.9999995 -0.0009768801 0 0.9999995 -0.0009768801 0 0.9978596 0.0653926 0 0.9978596 0.0653926 0 0.9913244 0.1314385 -0 0.9913244 0.1314385 0 0.9804139 0.1969486 0 0.9804139 0.1969486 0 0.9651939 0.2615352 0 0.9651939 0.2615352 0 0.94571 0.3250118 0 0.94571 0.3250118 0 0.9220639 0.3870377 0 0.9220639 0.3870377 0 0.8943505 0.4473668 -0 0.8943505 0.4473668 0 0.8627078 0.5057028 -0 0.8627078 0.5057028 0 0.8272456 0.5618405 0 0.8272456 0.5618405 0 0.788146 0.6154883 0 0.788146 0.6154883 0 0.7455719 0.6664253 -0 0.7455719 0.6664253 0 0.6997132 0.7144238 0 0.6997132 0.7144238 0 0.6507677 0.7592769 0 0.6507677 0.7592769 0 0.7993674 -0.6008427 0 0.7993674 -0.6008427 0 0.8090157 -0.587787 0 0.8090157 -0.587787 0 0.8184536 -0.5745725 0 0.8184536 -0.5745725 0 -1 -0 0 -1 0 0 -1 0 -0 -1 0 0 -1 0 0 -1 -0 0 -0.5210075 -0.853552 0 -0.5210075 -0.853552 0 -0.463231 -0.8862376 -0 -0.463231 -0.8862376 0 -0.4034087 -0.91502 -0 -0.4034087 -0.91502 0 -0.3418154 -0.9397671 -0 -0.3418154 -0.9397671 0 -0.2787133 -0.9603744 -0 -0.2787133 -0.9603744 0 -0.2143783 -0.9767507 0 -0.2143783 -0.9767507 0 -0.1491 -0.9888221 -0 -0.1491 -0.9888221 0 -0.08314852 -0.9965371 -0 -0.08314852 -0.9965371 0 -0.01685617 -0.999858 -0 -0.01685617 -0.999858 0 0.0495144 -0.9987734 0 0.0495144 -0.9987734 0 0.1156731 -0.9932873 0 0.1156731 -0.9932873 0 0.1813189 -0.9834244 0 0.1813189 -0.9834244 0 0.246171 -0.9692264 0 0.246171 -0.9692264 0 0.3099228 -0.9507618 0 0.3099228 -0.9507618 0 0.3723383 -0.9280971 0 0.3723383 -0.9280971 0 0.433091 -0.9013503 0 0.433091 -0.9013503 0 0.4919436 -0.870627 0 0.5486075 -0.83608 0 0.4919436 -0.870627 0 0.5486075 -0.83608 0 0.60288 -0.797832 0 0.6544922 -0.7560688 0 0.60288 -0.797832 0 0.6544922 -0.7560688 0 0.7032077 -0.7109845 0 0.7488353 -0.6627561 0 0.7032077 -0.7109845 0 0.7488353 -0.6627561 0 0.7911527 -0.6116186 0 0.7911527 -0.6116186 0 0.8299876 -0.5577818 0 0.8299876 -0.5577818 0 0.8651761 -0.5014681 0 0.8651761 -0.5014681 0 0.8965318 -0.4429794 0 0.8965318 -0.4429794 0 0.9239541 -0.3825035 0 0.9239541 -0.3825035 0 0.9472913 -0.3203735 0 0.9472913 -0.3203735 0 0.9664631 -0.2568054 0 0.9664631 -0.2568054 0 0.9813711 -0.1921215 0 0.9813711 -0.1921215 0 0.9919549 -0.1265922 0 0.9919549 -0.1265922 0 0.9981688 -0.06048928 0 0.9981688 -0.06048928 0 0.9999827 0.005880449 0 0.9999827 0.005880449 0 0.9973907 0.07219307 -0 0.9973907 0.07219307 0 0.9904017 0.1382187 0 0.9904017 0.1382187 0 0.9790475 0.2036322 0 0.9790475 0.2036322 0 0.9633836 0.2681269 0 0.9633836 0.2681269 0 0.9434671 0.3314662 -0 0.9434671 0.3314662 0 0.9194015 0.3933205 0 0.9194015 0.3933205 0 0.8912755 0.4534623 0 0.8912755 0.4534623 0 0.8592271 0.5115943 0 0.8592271 0.5115943 0 0.8233785 0.5674925 0 0.8233785 0.5674925 0 0.7839297 0.6208497 0 0.7839297 0.6208497 0 0.7409992 0.6715059 0 0.7409992 0.6715059 0 0.6948197 0.719184 0 0.6948197 0.719184 0 0.6455721 0.7636994 0 0.6455721 0.7636994 0 0.5934675 0.8048579 0 0.5934675 0.8048579 0 0.5387754 0.8424494 0 0.5387754 0.8424494 0 0 -1 0 0 -1 0 0.8752089 -0.4837452 0 0.8752089 -0.4837452 0 0.8829483 -0.4694704 0 0.8829483 -0.4694704 0 0.8904535 -0.4550741 0 0.8904535 -0.4550741 0 1 -0 0 1 0 0 1 0 0 1 0 0 1 0 -0 1 0 0 -0.397151 -0.9177533 -0 -0.397151 -0.9177533 0 -0.3353813 -0.9420825 0 -0.3353813 -0.9420825 0 -0.2721409 -0.9622574 -0 -0.2721409 -0.9622574 0 -0.2077 -0.9781926 -0 -0.2077 -0.9781926 0 -0.1423384 -0.989818 -0 -0.1423384 -0.989818 0 -0.07634935 -0.9970811 -0 -0.07634935 -0.9970811 0 -0.01002746 -0.9999497 0 -0.01002746 -0.9999497 0 0.05634201 -0.9984115 0 0.05634201 -0.9984115 0 0.1224551 -0.992474 0 0.1224551 -0.992474 0 0.1880424 -0.9821609 0 0.1880424 -0.9821609 0 0.2527798 -0.9675238 0 0.2527798 -0.9675238 0 0.3164203 -0.9486191 0 0.3164203 -0.9486191 0 0.3786679 -0.9255326 0 0.3786679 -0.9255326 0 0.439243 -0.8983684 0 0.439243 -0.8983684 0 0.4978697 -0.8672519 0 0.4978697 -0.8672519 0 0.5543156 -0.8323066 0 0.5543156 -0.8323066 0 0.6083218 -0.7936906 0 0.6083218 -0.7936906 0 0.6596403 -0.7515815 0 0.6596403 -0.7515815 0 0.7080495 -0.7061628 0 0.7533386 -0.6576329 0 0.7080495 -0.7061628 0 0.7533386 -0.6576329 0 0.7953213 -0.6061881 0 0.7953213 -0.6061881 0 0.8337848 -0.5520895 0 0.868573 -0.4955613 0 0.8337848 -0.5520895 0 0.868573 -0.4955613 0 0.899541 -0.4368365 0 0.899541 -0.4368365 0 0.9265475 -0.3761777 0 0.9265475 -0.3761777 0 0.9494553 -0.3139024 0 0.9494553 -0.3139024 0 0.9681951 -0.2501966 0 0.9681951 -0.2501966 0 0.98266 -0.1854166 0 0.98266 -0.1854166 0 0.9927991 -0.1197914 0 0.9927991 -0.1197914 0 0.9985587 -0.05367123 0 0.9985587 -0.05367123 0 0.9999194 0.0126994 0 0.9999194 0.0126994 0 0.9968736 0.07901282 0 0.9968736 0.07901282 0 0.9894345 0.1449803 0 0.9894345 0.1449803 0 0.9776335 0.2103159 -0 0.9776335 0.2103159 0 0.9615261 0.2747135 0 0.9615261 0.2747135 0 0.941187 0.3378861 0 0.941187 0.3378861 0 0.9166887 0.3996021 -0 0.9166887 0.3996021 0 0.8881508 0.4595521 0 0.8881508 0.4595521 0 0.8557081 0.5174588 0 0.8557081 0.5174588 0 0.8194969 0.5730837 -0 0.8194969 0.5730837 0 0.7796639 0.6261982 0 0.7796639 0.6261982 0 0.7363928 0.6765543 0 0.7363928 0.6765543 0 0.6898928 0.7239115 -0 0.6898928 0.7239115 0 0.6403351 0.7680957 0 0.6403351 0.7680957 0 0.5879621 0.8088884 0 0.5879621 0.8088884 0 0.5329967 0.8461173 0 0.5329967 0.8461173 0 0.4756919 0.879612 0 0.4756919 0.879612 0 0.4162728 0.9092398 0 0.4162728 0.9092398 0 0.4472136 0.8944272 0 0.4472136 0.8944272 -0 0.9340156 -0.3572325 0 0.9340156 -0.3572325 0 0.9396922 -0.3420215 0 0.9396922 -0.3420215 0 0.9451221 -0.3267175 0 0.9451221 -0.3267175 0 1 0 0 1 -0 0 -0.2655607 -0.9640942 -0 -0.2655607 -0.9640942 0 -0.2010054 -0.9795901 -0 -0.2010054 -0.9795901 0 -0.1355756 -0.9907669 -0 -0.1355756 -0.9907669 0 -0.06953044 -0.9975798 -0 -0.06953044 -0.9975798 0 -0.00319885 -0.9999949 -0 -0.00319885 -0.9999949 0 0.06316174 -0.9980033 0 0.06316174 -0.9980033 0 0.1292336 -0.9916142 0 0.1292336 -0.9916142 0 0.1947364 -0.9808556 0 0.1947364 -0.9808556 0 0.2593999 -0.96577 0 0.2593999 -0.96577 0 0.3229001 -0.9464331 0 0.3229001 -0.9464331 0 0.3849717 -0.9229284 0 0.3849717 -0.9229284 0 0.4453585 -0.8953524 0 0.4453585 -0.8953524 0 0.50379 -0.8638261 0 0.50379 -0.8638261 0 0.5600044 -0.8284897 0 0.5600044 -0.8284897 0 0.6137139 -0.7895285 0 0.6137139 -0.7895285 0 0.6647739 -0.7470446 0 0.6647739 -0.7470446 0 0.7128535 -0.7013131 0 0.7128535 -0.7013131 0 0.757808 -0.6524776 0 0.757808 -0.6524776 0 0.7994515 -0.6007307 0 0.7994515 -0.6007307 0 0.8375285 -0.5463937 0 0.8719505 -0.489594 0 0.8375285 -0.5463937 0 0.8719505 -0.489594 0 0.9024934 -0.4307037 0 0.9024934 -0.4307037 0 0.9290963 -0.369838 0 0.9515834 -0.3073906 0 0.9290963 -0.369838 0 0.9515834 -0.3073906 0 0.9698834 -0.2435698 0 0.9698834 -0.2435698 0 0.9839017 -0.1787101 0 0.9839017 -0.1787101 0 0.9935937 -0.1130118 0 0.9935937 -0.1130118 0 0.9989018 -0.0468521 0 0.9989018 -0.0468521 0 0.9998091 0.01953744 0 0.9998091 0.01953744 0 0.9963113 0.08581295 -0 0.9963113 0.08581295 0 0.9884203 0.1517405 0 0.9884203 0.1517405 0 0.9761753 0.2169832 0 0.9761753 0.2169832 0 0.95962 0.2812998 0 0.95962 0.2812998 0 0.9388514 0.3443225 -0 0.9388514 0.3443225 0 0.913941 0.405847 -0 0.913941 0.405847 0 0.8849922 0.4656059 0 0.8849922 0.4656059 0 0.852167 0.52327 -0 0.852167 0.52327 0 0.8155491 0.5786878 0 0.8155491 0.5786878 0 0.7753597 0.6315199 0 0.7753597 0.6315199 0 0.7317588 0.6815638 0 0.7317588 0.6815638 0 0.6849332 0.7286059 0 0.6849332 0.7286059 0 0.6350702 0.7724544 -0 0.6350702 0.7724544 0 0.5824253 0.8128842 0 0.5824253 0.8128842 0 0.5272102 0.8497348 0 0.5272102 0.8497348 0 0.4696537 0.8828508 -0 0.4696537 0.8828508 0 0.4100548 0.9120609 -0 0.4100548 0.9120609 0 0.3486494 0.9372532 0 0.3486494 0.9372532 0 0.2856807 0.9583248 0 0.2856807 0.9583248 0 0.6299618 0.7766261 0 0.6299618 0.7766261 -0 0.6204644 0.7842346 -0 0.6204644 0.7842346 0 0.610888 0.7917171 -0 0.610888 0.7917171 0 0.9746435 -0.2237637 0 0.9746435 -0.2237637 0 0.9781469 -0.2079152 0 0.9813944 -0.192003 0 0.9781469 -0.2079152 0 0.9813944 -0.192003 0 0.7501117 -0.6613111 0 0.7501117 -0.6613111 0 0.7923298 -0.610093 0 0.7923298 -0.610093 0 0.8310618 -0.5561801 0 0.8310618 -0.5561801 0 0.8661384 -0.4998043 0 0.8661384 -0.4998043 0 0.8973877 -0.4412428 0 0.8973877 -0.4412428 0 0.9246845 -0.3807344 0 0.9246845 -0.3807344 0 0.9479105 -0.3185368 0 0.9479105 -0.3185368 0 0.9669554 -0.2549458 0 0.9669554 -0.2549458 0 0.9817403 -0.1902262 0 0.9817403 -0.1902262 0 0.9921975 -0.1246759 0 0.9921975 -0.1246759 0 0.9982842 -0.05855472 0 0.9982842 -0.05855472 0 0.9999696 0.007795951 0 0.9999696 0.007795951 0 0.9972488 0.07412851 0 0.9972488 0.07412851 0 0.9901352 0.1401153 -0 0.9901352 0.1401153 0 0.9786517 0.2055259 0 0.9786517 0.2055259 0 0.9628647 0.2699845 0 0.9628647 0.2699845 0 0.9428268 0.3332829 0 0.9428268 0.3332829 0 0.918637 0.3951026 0 0.918637 0.3951026 0 0.8904037 0.4551718 0 0.8904037 0.4551718 0 0.8582323 0.5132615 0 0.8222914 0.5690665 -0 0.8582323 0.5132615 0 0.8222914 0.5690665 0 0.7827266 0.6223657 0 0.7397043 0.6729321 -0 0.7827266 0.6223657 0 0.7397043 0.6729321 0 0.6934347 0.7205194 0 0.6934347 0.7205194 0 0.6440874 0.7649519 0 0.6440874 0.7649519 0 0.5919249 0.8059932 0 0.5919249 0.8059932 0 0.5371358 0.8434958 0 0.5371358 0.8434958 0 0.4800139 0.8772609 0 0.4800139 0.8772609 0 0.4207252 0.9071881 0 0.4207252 0.9071881 0 0.3596105 0.9331025 0 0.3596105 0.9331025 0 0.2969125 0.9549047 0 0.2969125 0.9549047 0 0.2329013 0.9725003 -0 0.2329013 0.9725003 0 0.1678675 0.9858096 0 0.1678675 0.9858096 0 0.102094 0.9947747 -0 0.102094 0.9947747 0 0.03585755 0.9993569 0 0.03585755 0.9993569 0 -0.03051297 0.9995344 0 -0.03051297 0.9995344 0 -0.09676861 0.9953069 0 -0.09676861 0.9953069 0 -0.1626003 0.986692 0 -0.1626003 0.986692 0 -0.227711 0.9737288 0 -0.227711 0.9737288 0 -0.2917995 0.9564795 0 -0.2917995 0.9564795 0 -0.3546265 0.935008 0 -0.3546265 0.935008 0 -0.415867 0.9094254 0 -0.415867 0.9094254 0 -0.4752999 0.8798239 0 -0.4752999 0.8798239 0 -0.5326238 0.8463522 0 -0.5326238 0.8463522 0 -0.5876055 0.8091475 0 -0.5876055 0.8091475 0 -0.6400017 0.7683735 0 -0.6400017 0.7683735 0 -0.6895691 0.7242199 0 -0.6895691 0.7242199 0 -0.7360989 0.6768739 0 -0.7360989 0.6768739 0 -0.1287954 -0.9916712 -0 -0.1287954 -0.9916712 0 -0.06272172 -0.9980311 -0 -0.06272172 -0.9980311 0 0.003639404 -0.9999934 0 0.003639404 -0.9999934 0 0.06997494 -0.9975488 0 0.06997494 -0.9975488 0 0.1360064 -0.990708 0 0.1360064 -0.990708 0 0.2014416 -0.9795005 0 0.2014416 -0.9795005 0 0.2659862 -0.9639768 0 0.2659862 -0.9639768 0 0.3293461 -0.9442093 0 0.3293461 -0.9442093 0 0.3912834 -0.9202703 0 0.3912834 -0.9202703 0 0.4514685 -0.8922871 0 0.4514685 -0.8922871 0 0.509687 -0.8603599 0 0.509687 -0.8603599 0 0.5656294 -0.8246595 0 0.5656294 -0.8246595 0 0.619112 -0.7853026 0 0.619112 -0.7853026 0 0.6698442 -0.7425017 0 0.6698442 -0.7425017 0 0.717634 -0.6964204 0 0.717634 -0.6964204 0 0.7622603 -0.6472707 0 0.7622603 -0.6472707 0 0.8035195 -0.5952784 0 0.8035195 -0.5952784 0 0.8412639 -0.5406247 0 0.8412639 -0.5406247 0 0.8752618 -0.4836494 0 0.8752618 -0.4836494 0 0.9054273 -0.4245015 0 0.9054273 -0.4245015 0 0.9316023 -0.3634792 0 0.9316023 -0.3634792 0 0.9536515 -0.3009132 0 0.9536515 -0.3009132 0 0.9715238 -0.2369418 0 0.9715238 -0.2369418 0 0.9851024 -0.1719692 0 0.9851024 -0.1719692 0 0.9943414 -0.1062306 0 0.9991999 -0.03999462 0 0.9943414 -0.1062306 0 0.9991999 -0.03999462 0 0.9996526 0.02635667 0 0.9996526 0.02635667 0 0.9957005 0.09263087 0 0.9957005 0.09263087 0 0.9873613 0.158485 0 0.9873613 0.158485 0 0.9746701 0.2236475 0 0.9746701 0.2236475 0 0.9576855 0.2878166 0 0.9576855 0.2878166 0 0.9364678 0.3507535 0 0.9364678 0.3507535 0 0.9111432 0.4120897 0 0.9111432 0.4120897 0 0.8817988 0.4716259 0 0.8817988 0.4716259 0 0.8485657 0.5290899 0 0.8485657 0.5290899 0 0.8115776 0.5842447 -0 0.8115776 0.5842447 0 0.7710434 0.6367825 0 0.7710434 0.6367825 0 0.7270721 0.6865611 0 0.7270721 0.6865611 0 0.6799321 0.7332751 0 0.6799321 0.7332751 0 0.6297904 0.7767651 0 0.6297904 0.7767651 0 0.576847 0.8168522 0 0.576847 0.8168522 0 0.521382 0.8533233 0 0.521382 0.8533233 0 0.4636337 0.886027 0 0.4636337 0.886027 0 0.403809 0.9148433 0 0.403809 0.9148433 0 0.3422303 0.9396161 0 0.3422303 0.9396161 0 0.2791312 0.960253 0 0.2791312 0.960253 0 0.2148073 0.9766565 0 0.2148073 0.9766565 0 0.1495322 0.9887568 -0 0.1495322 0.9887568 0 0.7305226 0.6828886 -0 0.7305226 0.6828886 -0 0.7193393 0.6946589 -0 0.7193393 0.6946589 0 0.7079678 0.7062448 -0 0.7079678 0.7062448 0 0.9963002 -0.0859414 0 0.9963002 -0.0859414 0 0.9975639 -0.06975845 0 0.9975639 -0.06975845 0 0.9985654 -0.05354697 0 0.9985654 -0.05354697 0 0.6507677 -0.7592769 0 0.6507677 -0.7592769 0 0.6997132 -0.7144238 0 0.6997132 -0.7144238 0 0.7455719 -0.6664253 0 0.7455719 -0.6664253 0 0.788146 -0.6154883 0 0.788146 -0.6154883 0 0.8272456 -0.5618405 0 0.8272456 -0.5618405 0 0.8627078 -0.5057028 0 0.8627078 -0.5057028 0 0.8943505 -0.4473668 0 0.8943505 -0.4473668 0 0.9220639 -0.3870377 0 0.9220639 -0.3870377 0 0.94571 -0.3250118 0 0.94571 -0.3250118 0 0.9651939 -0.2615352 0 0.9651939 -0.2615352 0 0.9804139 -0.1969486 0 0.9804139 -0.1969486 0 0.9913244 -0.1314385 0 0.9913244 -0.1314385 0 0.9978596 -0.0653926 0 0.9978596 -0.0653926 0 0.9999995 0.0009768801 -0 0.9999995 0.0009768801 0 0.9977322 0.06730976 0 0.9977322 0.06730976 0 0.9910686 0.133353 0 0.9910686 0.133353 0 0.9800354 0.1988228 -0 0.9800354 0.1988228 0 0.9646829 0.263414 0 0.9646829 0.263414 0 0.9450821 0.3268329 0 0.9213213 0.3888018 -0 0.9450821 0.3268329 0 0.9213213 0.3888018 0 0.8934867 0.4490897 0 0.8934867 0.4490897 0 0.8617209 0.5073825 0 0.8261604 0.5634348 -0 0.8617209 0.5073825 0 0.8261604 0.5634348 0 0.7869607 0.6170032 0 0.7869607 0.6170032 0 0.7442868 0.6678603 0 0.6983377 0.7157685 -0 0.7442868 0.6678603 0 0.6983377 0.7157685 0 0.6493121 0.7605221 0 0.6493121 0.7605221 0 0.5974072 0.8019381 -0 0.5974072 0.8019381 0 0.5429002 0.8397973 0 0.5429002 0.8397973 0 0.4859665 0.8739774 -0 0.4859665 0.8739774 0 0.4269184 0.9042901 -0 0.4269184 0.9042901 0 0.3659848 0.9306208 0 0.3659848 0.9306208 0 0.3034424 0.9528498 -0 0.3034424 0.9528498 0 0.2395283 0.9708894 -0 0.2395283 0.9708894 0 0.1746124 0.9846372 0 0.1746124 0.9846372 0 0.1088736 0.9940556 0 0.1088736 0.9940556 0 0.04269575 0.999088 -0 0.04269575 0.999088 0 -0.0236943 0.9997192 0 -0.0236943 0.9997192 0 -0.08996754 0.9959447 0 -0.08996754 0.9959447 0 -0.1558416 0.987782 0 -0.1558416 0.987782 0 -0.2210598 0.9752603 0 -0.2210598 0.9752603 0 -0.2852542 0.9584519 0 -0.2852542 0.9584519 0 -0.348225 0.937411 0 -0.348225 0.937411 0 -0.4096597 0.9122384 0 -0.4096597 0.9122384 0 -0.4692794 0.8830497 0 -0.4692794 0.8830497 0 -0.5268306 0.8499702 0 -0.5268306 0.8499702 0 -0.5820641 0.8131428 0 -0.5820641 0.8131428 0 -0.6347272 0.7727363 0 -0.6347272 0.7727363 0 0.01046917 -0.9999452 0 0.01046917 -0.9999452 0 0.07678878 -0.9970474 0 0.07678878 -0.9970474 0 0.1427746 -0.9897553 0 0.1427746 -0.9897553 0 0.2081261 -0.978102 0 0.2081261 -0.978102 0 0.2725656 -0.9621372 0 0.2725656 -0.9621372 0 0.3357973 -0.9419343 0 0.3357973 -0.9419343 0 0.3975546 -0.9175785 0 0.3975546 -0.9175785 0 0.4575546 -0.8891815 0 0.4575546 -0.8891815 0 0.5155478 -0.8568608 0 0.5155478 -0.8568608 0 0.5712596 -0.8207694 0 0.5712596 -0.8207694 0 0.6244659 -0.7810521 0 0.6244659 -0.7810521 0 0.6749028 -0.7379066 0 0.6749028 -0.7379066 0 0.7223684 -0.6915085 0 0.7223684 -0.6915085 0 0.7666777 -0.6420323 0 0.7666777 -0.6420323 0 0.8075734 -0.589767 0 0.8075734 -0.589767 0 0.844914 -0.5349022 0 0.844914 -0.5349022 0 0.8785559 -0.4776395 0 0.8785559 -0.4776395 0 0.90831 -0.4182976 0 0.90831 -0.4182976 0 0.9340596 -0.3571171 0 0.9340596 -0.3571171 0 0.9556928 -0.2943658 0 0.9556928 -0.2943658 0 0.9731166 -0.2303132 0 0.9731166 -0.2303132 0 0.9862556 -0.1652268 0 0.9950426 -0.09944998 0 0.9862556 -0.1652268 0 0.9950426 -0.09944998 0 0.9994496 -0.03317561 0 0.9994496 -0.03317561 0 0.9994496 0.03317561 0 0.9994496 0.03317561 0 0.9950426 0.09944998 0 0.9950426 0.09944998 0 0.9862556 0.1652268 0 0.9862556 0.1652268 0 0.9731166 0.2303132 -0 0.9731166 0.2303132 0 0.9556928 0.2943658 0 0.9556928 0.2943658 0 0.9340596 0.3571171 -0 0.9340596 0.3571171 0 0.90831 0.4182976 -0 0.90831 0.4182976 0 0.8785559 0.4776395 0 0.8785559 0.4776395 0 0.844914 0.5349022 0 0.844914 0.5349022 0 0.8075734 0.589767 0 0.8075734 0.589767 0 0.7666777 0.6420323 0 0.7666777 0.6420323 0 0.7223684 0.6915085 0 0.7223684 0.6915085 0 0.6749028 0.7379066 0 0.6749028 0.7379066 0 0.6244659 0.7810521 0 0.6244659 0.7810521 0 0.5712596 0.8207694 0 0.5712596 0.8207694 0 0.5155478 0.8568608 0 0.5155478 0.8568608 0 0.4575546 0.8891815 0 0.4575546 0.8891815 0 0.3975546 0.9175785 0 0.3975546 0.9175785 0 0.3357973 0.9419343 0 0.3357973 0.9419343 0 0.2725656 0.9621372 0 0.2725656 0.9621372 0 0.2081261 0.978102 0 0.2081261 0.978102 0 0.1427746 0.9897553 -0 0.1427746 0.9897553 0 0.07678878 0.9970474 -0 0.07678878 0.9970474 0 0.01046917 0.9999452 0 0.01046917 0.9999452 0 0.8184536 0.5745725 -0 0.8184536 0.5745725 -0 0.8090157 0.587787 -0 0.8090157 0.587787 0 0.7993674 0.6008427 -0 0.7993674 0.6008427 0 0.9985654 0.05354697 0 0.9985654 0.05354697 -0 0.9975639 0.06975845 -0 0.9975639 0.06975845 0 0.9963002 0.0859414 -0 0.9963002 0.0859414 0 0.5387754 -0.8424494 0 0.5387754 -0.8424494 0 0.5934675 -0.8048579 0 0.5934675 -0.8048579 0 0.6455721 -0.7636994 0 0.6455721 -0.7636994 0 0.6948197 -0.719184 0 0.6948197 -0.719184 0 0.7409992 -0.6715059 0 0.7409992 -0.6715059 0 0.7839297 -0.6208497 0 0.7839297 -0.6208497 0 0.8233785 -0.5674925 0 0.8233785 -0.5674925 0 0.8592271 -0.5115943 0 0.8592271 -0.5115943 0 0.8912755 -0.4534623 0 0.8912755 -0.4534623 0 0.9194015 -0.3933205 0 0.9194015 -0.3933205 0 0.9434671 -0.3314662 0 0.9434671 -0.3314662 0 0.9633836 -0.2681269 0 0.9633836 -0.2681269 0 0.9790475 -0.2036322 0 0.9790475 -0.2036322 0 0.9904017 -0.1382187 0 0.9904017 -0.1382187 0 0.9973907 -0.07219307 0 0.9973907 -0.07219307 0 0.9999827 -0.005880449 0 0.9999827 -0.005880449 0 0.9981688 0.06048928 -0 0.9981688 0.06048928 0 0.9919549 0.1265922 0 0.9919549 0.1265922 0 0.9813711 0.1921215 0 0.9813711 0.1921215 0 0.9664631 0.2568054 0 0.9664631 0.2568054 0 0.9472913 0.3203735 0 0.9472913 0.3203735 0 0.9239541 0.3825035 0 0.8965318 0.4429794 -0 0.9239541 0.3825035 0 0.8965318 0.4429794 0 0.8651761 0.5014681 0 0.8651761 0.5014681 0 0.8299876 0.5577818 0 0.8299876 0.5577818 0 0.7911527 0.6116186 0 0.7911527 0.6116186 0 0.7488353 0.6627561 0 0.7488353 0.6627561 0 0.7032077 0.7109845 0 0.7032077 0.7109845 0 0.6544922 0.7560688 0 0.6544922 0.7560688 0 0.60288 0.797832 0 0.60288 0.797832 0 0.5486075 0.83608 0 0.5486075 0.83608 0 0.4919436 0.870627 0 0.4919436 0.870627 0 0.433091 0.9013503 0 0.433091 0.9013503 0 0.3723383 0.9280971 0 0.3723383 0.9280971 0 0.3099228 0.9507618 0 0.3099228 0.9507618 0 0.246171 0.9692264 0 0.246171 0.9692264 0 0.1813189 0.9834244 0 0.1813189 0.9834244 0 0.1156731 0.9932873 0 0.1156731 0.9932873 0 0.0495144 0.9987734 0 0.0495144 0.9987734 0 -0.01685617 0.999858 0 -0.01685617 0.999858 0 -0.08314852 0.9965371 0 -0.08314852 0.9965371 0 -0.1491 0.9888221 0 -0.1491 0.9888221 0 -0.2143783 0.9767507 0 -0.2143783 0.9767507 0 -0.2787133 0.9603744 0 -0.2787133 0.9603744 0 -0.3418154 0.9397671 0 -0.3418154 0.9397671 0 -0.4034087 0.91502 0 -0.4034087 0.91502 0 -0.463231 0.8862376 0 -0.463231 0.8862376 0 -0.5210075 0.853552 0 -0.5210075 0.853552 0 0.1495322 -0.9887568 0 0.1495322 -0.9887568 0 0.2148073 -0.9766565 0 0.2148073 -0.9766565 0 0.2791312 -0.960253 0 0.2791312 -0.960253 0 0.3422303 -0.9396161 0 0.3422303 -0.9396161 0 0.403809 -0.9148433 0 0.403809 -0.9148433 0 0.4636337 -0.886027 0 0.4636337 -0.886027 0 0.521382 -0.8533233 0 0.521382 -0.8533233 0 0.576847 -0.8168522 0 0.576847 -0.8168522 0 0.6297904 -0.7767651 0 0.6297904 -0.7767651 0 0.6799321 -0.7332751 0 0.6799321 -0.7332751 0 0.7270721 -0.6865611 0 0.7270721 -0.6865611 0 0.7710434 -0.6367825 0 0.7710434 -0.6367825 0 0.8115776 -0.5842447 0 0.8115776 -0.5842447 0 0.8485657 -0.5290899 0 0.8485657 -0.5290899 0 0.8817988 -0.4716259 0 0.8817988 -0.4716259 0 0.9111432 -0.4120897 0 0.9111432 -0.4120897 0 0.9364678 -0.3507535 0 0.9364678 -0.3507535 0 0.9576855 -0.2878166 0 0.9576855 -0.2878166 0 0.9746701 -0.2236475 0 0.9746701 -0.2236475 0 0.9873613 -0.158485 0 0.9873613 -0.158485 0 0.9957005 -0.09263087 0 0.9996526 -0.02635667 0 0.9957005 -0.09263087 0 0.9996526 -0.02635667 0 0.9991999 0.03999462 0 0.9991999 0.03999462 0 0.9943414 0.1062306 0 0.9943414 0.1062306 0 0.9851024 0.1719692 0 0.9851024 0.1719692 0 0.9715238 0.2369418 0 0.9715238 0.2369418 0 0.9536515 0.3009132 -0 0.9536515 0.3009132 0 0.9316023 0.3634792 0 0.9316023 0.3634792 0 0.9054273 0.4245015 0 0.9054273 0.4245015 0 0.8752618 0.4836494 0 0.8752618 0.4836494 0 0.8412639 0.5406247 0 0.8412639 0.5406247 0 0.8035195 0.5952784 0 0.8035195 0.5952784 0 0.7622603 0.6472707 -0 0.7622603 0.6472707 0 0.717634 0.6964204 0 0.717634 0.6964204 0 0.6698442 0.7425017 0 0.6698442 0.7425017 0 0.619112 0.7853026 0 0.619112 0.7853026 0 0.5656294 0.8246595 0 0.5656294 0.8246595 0 0.509687 0.8603599 0 0.509687 0.8603599 0 0.4514685 0.8922871 0 0.4514685 0.8922871 0 0.3912834 0.9202703 0 0.3912834 0.9202703 0 0.3293461 0.9442093 0 0.3293461 0.9442093 0 0.2659862 0.9639768 0 0.2659862 0.9639768 0 0.2014416 0.9795005 0 0.2014416 0.9795005 0 0.1360064 0.990708 0 0.1360064 0.990708 0 0.06997494 0.9975488 0 0.06997494 0.9975488 0 0.003639404 0.9999934 0 0.003639404 0.9999934 0 -0.06272172 0.9980311 0 -0.06272172 0.9980311 0 -0.1287954 0.9916712 0 -0.1287954 0.9916712 0 0.8904535 0.4550741 0 0.8904535 0.4550741 -0 0.8829483 0.4694704 -0 0.8829483 0.4694704 0 0.8752089 0.4837452 -0 0.8752089 0.4837452 0 0.9813944 0.192003 0 0.9813944 0.192003 -0 0.9781469 0.2079152 -0 0.9746435 0.2237637 -0 0.9781469 0.2079152 0 0.9746435 0.2237637 -0 0.4162728 -0.9092398 0 0.4162728 -0.9092398 0 0.4756919 -0.879612 0 0.4756919 -0.879612 0 0.5329967 -0.8461173 0 0.5329967 -0.8461173 0 0.5879621 -0.8088884 0 0.5879621 -0.8088884 0 0.6403351 -0.7680957 0 0.6403351 -0.7680957 0 0.6898928 -0.7239115 0 0.6898928 -0.7239115 0 0.7363928 -0.6765543 0 0.7363928 -0.6765543 0 0.7796639 -0.6261982 0 0.7796639 -0.6261982 0 0.8194969 -0.5730837 0 0.8194969 -0.5730837 0 0.8557081 -0.5174588 0 0.8557081 -0.5174588 0 0.8881508 -0.4595521 0 0.8881508 -0.4595521 0 0.9166887 -0.3996021 0 0.9166887 -0.3996021 0 0.941187 -0.3378861 0 0.941187 -0.3378861 0 0.9615261 -0.2747135 0 0.9615261 -0.2747135 0 0.9776335 -0.2103159 0 0.9776335 -0.2103159 0 0.9894345 -0.1449803 0 0.9894345 -0.1449803 0 0.9968736 -0.07901282 0 0.9968736 -0.07901282 0 0.9999194 -0.0126994 0 0.9999194 -0.0126994 0 0.9985587 0.05367123 0 0.9927991 0.1197914 -0 0.9985587 0.05367123 0 0.9927991 0.1197914 0 0.98266 0.1854166 0 0.98266 0.1854166 0 0.9681951 0.2501966 0 0.9494553 0.3139024 -0 0.9681951 0.2501966 0 0.9494553 0.3139024 0 0.9265475 0.3761777 0 0.9265475 0.3761777 0 0.899541 0.4368365 0 0.899541 0.4368365 0 0.868573 0.4955613 0 0.868573 0.4955613 0 0.8337848 0.5520895 -0 0.8337848 0.5520895 0 0.7953213 0.6061881 0 0.7953213 0.6061881 0 0.7533386 0.6576329 0 0.7533386 0.6576329 0 0.7080495 0.7061628 0 0.7080495 0.7061628 0 0.6596403 0.7515815 0 0.6596403 0.7515815 0 0.6083218 0.7936906 0 0.6083218 0.7936906 0 0.5543156 0.8323066 0 0.5543156 0.8323066 0 0.4978697 0.8672519 0 0.4978697 0.8672519 0 0.439243 0.8983684 0 0.439243 0.8983684 0 0.3786679 0.9255326 0 0.3786679 0.9255326 0 0.3164203 0.9486191 0 0.3164203 0.9486191 0 0.2527798 0.9675238 0 0.2527798 0.9675238 0 0.1880424 0.9821609 0 0.1880424 0.9821609 0 0.1224551 0.992474 0 0.1224551 0.992474 0 0.05634201 0.9984115 0 0.05634201 0.9984115 0 -0.01002746 0.9999497 0 -0.01002746 0.9999497 0 -0.07634935 0.9970811 0 -0.07634935 0.9970811 0 -0.1423384 0.989818 0 -0.1423384 0.989818 0 -0.2077 0.9781926 0 -0.2077 0.9781926 0 -0.2721409 0.9622574 0 -0.2721409 0.9622574 0 -0.3353813 0.9420825 0 -0.3353813 0.9420825 0 -0.397151 0.9177533 0 -0.397151 0.9177533 0 0.2856807 -0.9583248 0 0.2856807 -0.9583248 0 0.3486494 -0.9372532 0 0.3486494 -0.9372532 0 0.4100548 -0.9120609 0 0.4100548 -0.9120609 0 0.4696537 -0.8828508 0 0.4696537 -0.8828508 0 0.5272102 -0.8497348 0 0.5272102 -0.8497348 0 0.5824253 -0.8128842 0 0.5824253 -0.8128842 0 0.6350702 -0.7724544 0 0.6350702 -0.7724544 0 0.6849332 -0.7286059 0 0.6849332 -0.7286059 0 0.7317588 -0.6815638 0 0.7317588 -0.6815638 0 0.7753597 -0.6315199 0 0.7753597 -0.6315199 0 0.8155491 -0.5786878 0 0.8155491 -0.5786878 0 0.852167 -0.52327 0 0.852167 -0.52327 0 0.8849922 -0.4656059 0 0.8849922 -0.4656059 0 0.913941 -0.405847 0 0.913941 -0.405847 0 0.9388514 -0.3443225 0 0.9388514 -0.3443225 0 0.95962 -0.2812998 0 0.95962 -0.2812998 0 0.9761753 -0.2169832 0 0.9761753 -0.2169832 0 0.9884203 -0.1517405 0 0.9884203 -0.1517405 0 0.9963113 -0.08581295 0 0.9963113 -0.08581295 0 0.9998091 -0.01953744 0 0.9989018 0.0468521 -0 0.9998091 -0.01953744 0 0.9989018 0.0468521 0 0.9935937 0.1130118 0 0.9935937 0.1130118 0 0.9839017 0.1787101 0 0.9698834 0.2435698 -0 0.9839017 0.1787101 0 0.9698834 0.2435698 0 0.9515834 0.3073906 0 0.9515834 0.3073906 0 0.9290963 0.369838 0 0.9290963 0.369838 0 0.9024934 0.4307037 0 0.9024934 0.4307037 0 0.8719505 0.489594 0 0.8719505 0.489594 0 0.8375285 0.5463937 0 0.8375285 0.5463937 0 0.7994515 0.6007307 -0 0.7994515 0.6007307 0 0.757808 0.6524776 0 0.757808 0.6524776 0 0.7128535 0.7013131 0 0.7128535 0.7013131 0 0.6647739 0.7470446 -0 0.6647739 0.7470446 0 0.6137139 0.7895285 0 0.6137139 0.7895285 0 0.5600044 0.8284897 0 0.5600044 0.8284897 0 0.50379 0.8638261 -0 0.50379 0.8638261 0 0.4453585 0.8953524 0 0.4453585 0.8953524 0 0.3849717 0.9229284 0 0.3849717 0.9229284 0 0.3229001 0.9464331 0 0.3229001 0.9464331 0 0.2593999 0.96577 0 0.2593999 0.96577 0 0.1947364 0.9808556 0 0.1947364 0.9808556 0 0.1292336 0.9916142 0 0.1292336 0.9916142 0 0.06316174 0.9980033 0 0.06316174 0.9980033 0 -0.00319885 0.9999949 0 -0.00319885 0.9999949 0 -0.06953044 0.9975798 0 -0.06953044 0.9975798 0 -0.1355756 0.9907669 0 -0.1355756 0.9907669 0 -0.2010054 0.9795901 0 -0.2010054 0.9795901 0 -0.2655607 0.9640942 0 -0.2655607 0.9640942 0 0.9451221 0.3267175 0 0.9451221 0.3267175 -0 0.9396922 0.3420215 -0 0.9396922 0.3420215 0 0.9340156 0.3572325 -0 0.9340156 0.3572325 0 0.9998072 0.01963321 0 0.998298 0.05831834 0 0.9998072 0.01963321 0 0.9953464 0.09636127 0 0.998298 0.05831834 0 0.9909456 0.1342638 0 0.9953464 0.09636128 0 0.9909456 0.1342638 0 0.9850841 0.1720735 0 0.9850841 0.1720734 0 0.9777634 0.2097108 0 0.9777634 0.2097108 0 0.9689687 0.2471835 0 0.9689687 0.2471835 0 0.9592451 0.2825751 0 0.9592452 0.2825751 0 0.9481721 0.3177572 0 0.9481721 0.3177572 0 0.9350975 0.3543905 0 0.9350975 0.3543905 0 0.9205092 0.390721 0 0.9205092 0.390721 0 0.9041695 0.427174 0 0.9041694 0.4271739 0 0.8862711 0.4631668 0 0.8862712 0.4631668 0 0.8668125 0.4986343 0 0.8668124 0.4986343 0 0.8446104 0.5353814 0 0.8446105 0.5353814 0 0.8193709 0.5732638 0 0.8193709 0.5732637 0 0.7943956 0.6074008 0 0.7943955 0.6074008 0 0.7678036 0.6406853 0 0.7678035 0.6406853 0 0.7382043 0.6745772 0 0.7382043 0.6745772 0 0.7083268 0.7058847 0 0.7083268 0.7058847 0 0.677139 0.7358551 0 0.677139 0.735855 0 0.6446585 0.7644708 0 0.6446584 0.7644707 0 0.6109976 0.7916325 0 0.6109976 0.7916325 0 0.5761757 0.8173259 0 0.5761757 0.8173259 0 0.5402745 0.8414888 0 0.5402745 0.8414888 0 0.5033715 0.86407 0 0.5033716 0.8640701 0 0.465527 0.8850337 0 0.465527 0.8850337 0 0.4267962 0.9043478 0 0.4267962 0.9043478 0 0.387293 0.9219567 0 0.387293 0.9219567 0 0.3470255 0.9378557 0 0.306133 0.9519887 0 0.3470255 0.9378557 0 0.306133 0.9519887 0 0.2646807 0.9643361 0 0.2646807 0.9643361 0 0.2226975 0.9748877 0 0.2226975 0.9748876 0 0.1803267 0.9836068 0 0.1803267 0.9836068 0 0.1376027 0.9904875 0 0.1376027 0.9904875 0 0.09463352 0.9955122 0 0.09463351 0.9955122 0 0.0548327 0.9984956 0 0.0548327 0.9984956 0 0.0182778 0.999833 0 0.0182778 0.9998329 0 0 0 1 0 0 1 0 0 1 0 0 1 0 0 1 0 0 1 0 0 1 0 0 1 0 0 1 0 0 1 0 0 1 0 0 1 0 0 1 0 0 1 0 0 1 0 0 1 0 0 1 0 0 1 0 0 1 0 0 1 0 0 1 0 0 1 0 0 1 0 0 1 0 0 1 0 0 1 0 0 1 0 0 1 0 0 1 0 0 1 0 0 1 0 0 1 0 0 1 0 0 1 0 0 1 0 0 1 0 0 1 0 0 1 0 0 1 0 0 1 0 0 1 0 0 1 0 0 1 0 0 1 0 0 1 0 0 1 0 0 1 0 0 1 0 0 1 0 0 1 0 0 1 0 0 1 0 0 1 0 0 1 0 0 1 0 0 1 0 0 1 0 0 1 0 0 1 0 0 1 0 0 1 0 0 1 0 0 1 0 0 1 0 0 1 0 0 1 0 0 1 0 0 1 0 0 1 0 0 1 0 0 1 0 0 1 0 0 1 0 0 1 0 0 1 0 0 1 0 0 1 0 0 1 0 0 1 0 0 1 0 0 1 0 0 1 0 0 1 0 0 1 0 0 1 0 0 1 0 0 1 0 0 1 0 0 1 0 0 1 0 0 1 0 0 1 0 0 1 0 0 1 0 0 1 0 0 1 0 0 1 0 0 1 0 0 1 0 0 1 0 0 1 0 0 1 0 0 1 0 0 1 0 0 1 0 0 1 0 0 1 0 0 1 0 0 1 0 0 1 0 0 1 0 0 1 0 0 1 0 0 1 0 0 1 0 0 1 0 0 1 0 0 1 0 0 1 0 0 1 0 0 1 0 0 1 0 0 1 0 0 1 0 0 1 0 0 1 0 0 1 0 0 1 0 0 1 0 0 1 0 0 1 0 0 1 0 0 1 0 0 1 0 0 1 0 0 1 0 0 1 0 0 1 0 0 1 0 0 1 0 0 1 0 0 1 0 0 1 0 0 1 0 0 1 0 0 1 0 0 1 0 0 1 0 0 1 0 0 1 0 0 1 0 0 1 0 0 1 0 0 1 0 0 1 0 0 1 0 0 1 0 0 1 0 0 1 0 0 1 0 0 1 0 0 1 0 0 1 0 0 1 0 0 1 0 0 1 0 0 1 0 0 1 0 0 1 0 0 1 0 0 1 0 0 1 0 0 1 0 0 1 0 0 1 0 0 1 0 0 1 0 0 1 0 0 1 0 0 1 0 0 1 0 0 1 0 0 1 0 0 1 0 0 1 0 0 1 0 0 1 0 0 1 0 0 1 0 0 1 0 0 1 0 0 1 0 0 1 0 0 1 0 0 1 0 0 1 0 0 1 0 0 1 0 0 1 0 0 1 0 0 1 0 0 1 0 0 1 0 0 1 0 0 1 0 0 1 0 0 1 0 0 1 0 0 1 0 0 1 0 0 1 0 0 1 0 0 1 0 0 1 0 0 1 0 0 1 0 0 1 0 0 1 0 0 1 0 0 1 0 0 1 0 0 1 0 0 1 0 0 1 0 0 1 0 0 1 0 0 1 0 0 1 0 0 1 0 0 1 0 0 1 0 0 1 0 0 1 0 0 1 0 0 1 0 0 1 0 0 1 0 0 1 0 0 1 0 0 1 0 0 1 0 0 1 0 0 1 0 0 1 0 0 1 0 0 1 0 0 1 0 0 1 0 0 1 0 0 1 0 0 1 0 0 1 0 0 1 0 0 1 0 0 1 0 0 1 0 0 1 0 0 1 0 0 1 0 0 1 0 0 1 0 0 1 0 0 1 0 0 1 0 0 1 0 0 1 0 0 1 0 0 1 0 0 1 0 0 1 0 0 1 0 0 1 0 0 1 0 0 1 0 0 1 0 0 1 0 0 1 0 0 1 0 0 1 0 0 1 0 0 1 0 0 1 0 0 1 0 0 1 0 0 1 0 0 1 0 0 1 0 0 1 0 0 1 0 0 1 0 0 1 0 0 1 0 0 1 0 0 1 0 0 1 0 0 1 0 0 1 0 0 1 0 0 1 0 0 1 0 0 1 0 0 1 0 0 1 0 0 1 0 0 1 0 0 1 0 0 1 0 0 1 0 0 1 0 0 1 0 0 1 0 0 1 0 0 1 0 0 1 0 0 1 0 0 1 0 0 1 0 0 1 0 0 1 0 0 1 0 0 1 0 0 1 0 0 1 0 0 1 0 0 1 0 0 1 0 0 1 0 0 1 0 0 1 0 0 1 0 0 1 0 0 1 0 0 1 0 0 1 0 0 1 0 0 1 0 0 1 0 0 1 0 0 1 0 0 1 0 0 1 0 0 1 0 0 1 0 0 1 0 0 1 0 0 1 0 0 1 0 0 1 0 0 1 0 0 1 0 0 1 0 0 1 0 0 1 0 0 1 0 0 1 0 0 1 0 0 1 0 0 1 0 0 1 0 0 1 0 0 1 0 0 1 0 0 1 0 0 1 0 0 1 0 0 1 0 0 1 0 0 1 0 0 1 0 0 1 0 0 1 0 0 1 0 0 1 0 0 1 0 0 1 0 0 1 0 0 1 0 0 1 0 0 1 0 0 1 0 0 1 0 0 1 0 0 1 0 0 1 0 0 1 0 0 1 0 0 1 0 0 1 0 0 1 0 0 1 0 0 1 0 0 1 0 0 1 0 0 1 0 0 1 0 0 1 0 0 1 0 0 1 0 0 1 0 0 1 0 0 1 0 0 1 0 0 1 0 0 1 0 0 1 0 0 1 0 0 1 0 0 1 0 0 1 0 0 1 0 0 1 0 0 1 0 0 1 0 0 1 0 0 1 0 0 1 0 0 1 0 0 1 0 0 1 0 0 1 0 0 1 0 0 1 0 0 1 0 0 1 0 0 1 0 0 1 0 0 1 0 0 1 0 0 1 0 0 1 0 0 1 0 0 1 0 0 1 0 0 1 0 0 1 0 0 1 0 0 1 0 0 1 0 0 1 0 0 1 0 0 1 0 0 1 0 0 1 0 0 1 0 0 1 0 0 1 0 0 1 0 0 1 0 0 1 0 0 1 0 0 1 0 0 1 0 0 1 0 0 1 0 0 1 0 0 1 0 0 1 0 0 1 0 0 1 0 0 1 0 0 1 0 0 1 0 0 1 0 0 1 0 0 1 0 0 1 0 0 1 0 0 1 0 0 1 0 0 1 0 0 1 0 0 1 0 0 1 0 0 1 0 0 1 0 0 1 0 0 1 0 0 1 0 0 1 0 0 1 0 0 1 0 0 1 0 0 1 0 0 1 0 0 1 0 0 1 0 0 1 0 0 1 0 0 1 0 0 1 0 0 1 0 0 1 0 0 1 0 0 1 0 0 1 0 0 1 0 0 1 0 0 1 0 0 1 0 0 1 0 0 1 0 0 1 0 0 1 0 0 1 0 0 1 0 0 1 0 0 1 0 0 1 0 0 1 0 0 1 0 0 1 0 0 1 0 0 1 0 0 1 0 0 1 0 0 1 0 0 1 0 0 1 0 0 1 0 0 1 0 0 1 0 0 1 0 0 1 0 0 1 0 0 1 0 0 1 0 0 1 0 0 1 0 0 1 0 0 1 0 0 1 0 0 1 0 0 1 0 0 1 0 0 1 0 0 1 0 0 1 0 0 1 0 0 1 0 0 1 0 0 1 0 0 1 0 0 1 0 0 1 0 0 1 0 0 1 0 0 1 0 0 1 0 0 1 0 0 1 0 0 1 0 0 1 0 0 1 0 0 1 0 0 1 0 0 1 0 0 1 0 0 1 0 0 1 0 0 1 0 0 1 0 0 1 0 0 1 0 0 1 0 0 1 0 0 1 0 0 1 0 0 1 0 0 1 0 0 1 0 0 1 0 0 1 0 0 1 0 0 1 0 0 1 0 0 1 0 0 1 0 0 1 0 0 1 0 0 1 0 0 1 0 0 1 0 0 1 0 0 1 0 0 1 0 0 1 0 0 1 0 0 1 0 0 1 0 0 1 0 0 1 0 0 1 0 0 1 0 0 1 0 0 1 0 0 1 0 0 1 0 0 1 0 0 1 0 0 1 0 0 1 0 0 1 0 0 1 0 0 1 0 0 1 0 0 1 0 0 1 0 0 1 0 0 1 0 0 1 0 0 1 0 0 1 0 0 1 0 0 1 0 0 1 0 0 1 0 0 1 0 0 1 0 0 1 0 0 1 0 0 1 0 0 1 0 0 1 0 0 1 0 0 1 0 0 1 0 0 1 0 0 1 0 0 1 0 0 1 0 0 1 0 0 1 0 0 1 0 0 1 0 0 1 0 0 1 0 0 1 0 0 1 0 0 1 0 0 1 0 0 1 0 0 1 0 0 1 0 0 1 0 0 1 0 0 1 0 0 1 0 0 1 0 0 1 0 0 1 0 0 1 0 0 1 0 0 1 0 0 1 0 0 1 0 0 1 0 0 1 0 0 1 0 0 1 0 0 1 0 0 1 0 0 1 0 0 1 0 0 1 0 0 1 0 0 1 0 0 1 0 0 1 0 0 1 0 0 1 0 0 1 0 0 1 0 0 1 0 0 1 0 0 1 0 1 0 0 1 0 -0.02453664 0.9993978 -0.02453664 -0.6893314 0.724031 -0.02452518 0.1262974 0.07297698 -0.9893044 -0.09876363 0.02442016 -0.9948113 -0.003824943 0.05832289 -0.9982904 -0.004458681 0.03386613 -0.9994164 0.01901197 0.1223882 -0.9923002 -0.006688776 0.1019907 -0.9947629 -0.1132516 0.09092911 -0.9893968 -0.006664221 0.03350201 -0.9994164 -0.01003634 0.1018798 -0.9947461 -0.01334143 0.1013355 -0.9947628 -0.03974521 0.170824 -0.9844996 0.02238338 0.2190504 -0.9754567 -0.04114566 0.1706543 -0.9844715 -0.008840932 0.03299447 -0.9994164 -0.01667218 0.101006 -0.9947461 -0.0199408 0.1002453 -0.994763 -0.01112665 0.1698156 -0.9854131 -0.01664007 0.1689153 -0.9854901 -0.01097672 0.03234659 -0.9994164 -0.02645396 0.09872645 -0.9947629 -0.02324597 0.09969822 -0.9947461 -0.02764247 0.1674677 -0.98549 -0.02221552 0.1687229 -0.9854131 -0.01307353 0.0315574 -0.9994165 0.008053792 0.2667035 -0.9637449 -0.01545602 0.2358906 -0.9716567 -0.04937868 0.230284 -0.9718699 -0.02971547 0.09796462 -0.9947462 -0.03284471 0.09678828 -0.9947629 -0.0332064 0.1669097 -0.9854129 -0.03854224 0.1653015 -0.9854897 -0.01510778 0.0306357 -0.9994164 -0.03085961 0.234373 -0.9716569 -0.02325202 0.2361085 -0.9714485 -0.03605975 0.09581166 -0.9947461 -0.03911907 0.09442703 -0.9947629 -0.0005696633 0.3136804 -0.9495284 -0.01088609 0.3598713 -0.9329385 -0.04104378 0.3044004 -0.9516595 -0.04404106 0.1643835 -0.9854128 -0.04926864 0.1624266 -0.9854898 -0.01708099 0.02958099 -0.9994164 -0.04612663 0.2318524 -0.9716568 -0.03865286 0.2340805 -0.9714486 -0.0452062 0.09166964 -0.9947628 -0.04225715 0.09324446 -0.9947461 -0.01982873 0.3026257 -0.9529032 -0.02958862 0.3004528 -0.9533377 -0.05469849 0.1611504 -0.985413 -0.05978711 0.1588556 -0.9854899 -0.01897731 0.02840178 -0.9994164 -0.05387483 0.2310518 -0.9714487 -0.06117696 0.2283433 -0.9716567 -0.04825517 0.0902867 -0.9947461 -0.05111016 0.08851296 -0.9947628 -0.03958454 0.3006799 -0.9529033 -0.04918651 0.2978719 -0.9533378 -0.07006279 0.1546001 -0.9854897 -0.06513422 0.1572232 -0.9854128 -0.03079434 0.3636802 -0.9310147 -0.002782035 0.4052436 -0.9142045 -0.02392725 0.365177 -0.9306305 -0.02079547 0.02709889 -0.9994164 0.05256691 0.08710214 -0.9948115 -0.07598139 0.2238533 -0.9716566 -0.06886735 0.2270357 -0.9714485 -0.05405692 0.08693636 -0.9947461 -0.05678393 0.08498389 -0.994763 -0.0685569 0.2940188 -0.9533377 -0.05917011 0.2974449 -0.9529037 -0.08000693 0.149695 -0.9854899 -0.07526703 0.1526308 -0.9854129 -0.03605859 0.3661524 -0.9298561 -0.0477665 0.3628291 -0.9306307 -0.1409129 -0.03770732 -0.9893036 -0.03853487 0.04394713 -0.9982904 -0.09047661 0.2183955 -0.971657 -0.0835672 0.2220462 -0.9714484 0.008093651 0.4495973 -0.8931947 -0.0394966 0.4314302 -0.9012812 -0.06222398 0.08108502 -0.994763 -0.05962765 0.08321401 -0.9947462 -0.0784904 0.29294 -0.9529037 -0.08763485 0.2889067 -0.9533378 -0.0896269 0.1441413 -0.9854899 -0.08508654 0.1473826 -0.9854129 -0.0599398 0.3630089 -0.9298558 -0.07140092 0.3589285 -0.93063 -0.1045527 0.2120179 -0.9716569 -0.09791996 0.2160985 -0.971449 -0.04197317 0.4262116 -0.9036492 -0.02818291 0.4299613 -0.9024073 -0.09998254 0.07309696 -0.9923005 -0.06494337 0.07913467 -0.9947462 0.01578362 0.1443754 -0.9893971 -0.06738515 0.07684949 -0.994763 -0.1063416 0.2825599 -0.953337 -0.09748934 0.2871781 -0.9529033 -0.09454529 0.141501 -0.985413 -0.0988634 0.1379699 -0.9854899 -0.08354308 0.3583125 -0.9298562 -0.0947143 0.3534907 -0.9306307 -0.1118362 0.2092366 -0.9714488 -0.1181928 0.2047275 -0.9716569 -0.06977168 0.4225528 -0.9036487 -0.05624588 0.4272 -0.902406 -0.1160592 0.2801912 -0.9529026 -0.124607 0.2749938 -0.953337 -0.02136179 0.4927827 -0.8698902 -0.01349499 0.5349514 -0.844775 -0.03195637 0.4875299 -0.8725212 -0.02979817 0.488091 -0.8722839 -0.1076778 0.1312073 -0.9854898 -0.1036002 0.1350128 -0.9854129 -0.1176392 0.3465344 -0.9306314 -0.1067979 0.3520811 -0.9298564 -0.1313326 0.1965586 -0.9716566 -0.125286 0.2014726 -0.9714485 -0.08405813 0.4226055 -0.9024072 -0.09724645 0.4170857 -0.9036496 -0.1423139 0.266258 -0.953338 -0.1341267 0.2720016 -0.9529036 -0.04820843 0.48949 -0.8706753 -0.06377611 0.4843937 -0.8725224 -0.09271076 0.1488783 -0.9844999 -0.1707285 0.1390494 -0.9754574 -0.1122085 0.1279485 -0.9854128 -0.09157193 0.149771 -0.984471 -0.1400461 0.3381006 -0.9306316 -0.1296019 0.344338 -0.9298573 -0.03591678 0.5493367 -0.8348289 0.006515184 0.575794 -0.8175689 -0.1381932 0.1928492 -0.9714483 -0.1439105 0.1875456 -0.9716565 -0.1243165 0.4098347 -0.9036486 -0.1115225 0.4162029 -0.9024068 -0.1516401 0.2626408 -0.9529035 -0.159429 0.2563781 -0.9533377 -0.09531291 0.4791895 -0.8725211 -0.08012696 0.4852869 -0.8706758 -0.1618502 0.3282235 -0.9306309 -0.1518434 0.3351256 -0.9298571 -0.05357258 0.5439553 -0.8374023 -0.03600606 0.5493513 -0.8348153 -0.1942866 0.182895 -0.9637437 -0.1558674 0.1777317 -0.9716567 -0.1279171 0.1977534 -0.9718698 -0.1505084 0.1833988 -0.9714484 -0.1508616 0.4008228 -0.9036492 -0.1385001 0.4080207 -0.9024062 -0.1684942 0.2521606 -0.9529033 -0.1758538 0.2454046 -0.9533373 -0.1264548 0.4719303 -0.8725199 -0.1116931 0.4790113 -0.8706738 -0.1734378 0.3244799 -0.9298559 -0.1829839 0.3169283 -0.9306306 -0.08904338 0.539289 -0.8374 -0.07186875 0.5458218 -0.8348134 -0.1648968 0.3980847 -0.9024066 -0.1767518 0.3900999 -0.9036486 -0.01782772 0.6151344 -0.7882206 -0.02414137 0.6529804 -0.75699 -0.03490471 0.6020685 -0.7976811 -0.03937683 0.6007804 -0.7984438 -0.1915257 0.2333795 -0.9533373 -0.1846216 0.2406046 -0.9529031 -0.1427708 0.4706824 -0.8706748 -0.1570431 0.462648 -0.8725218 -0.2033214 0.3042813 -0.9306306 -0.1942919 0.312439 -0.9298562 -0.1241201 0.5323061 -0.8374034 -0.1073965 0.5399541 -0.8348147 -0.2018872 0.3777051 -0.9036484 -0.1905771 0.3864501 -0.902406 -0.07859581 0.5969115 -0.7984481 -0.05945296 0.6037081 -0.7949854 -0.1862283 0.2442565 -0.9516605 -0.2213981 0.2222068 -0.9495299 -0.2467705 0.2621714 -0.9329365 -0.1999614 0.228016 -0.952903 -0.1869739 0.451382 -0.8725222 -0.1732557 0.4603339 -0.8706751 0.0001298242 0.6895428 -0.7242449 -0.0294507 0.655936 -0.7542418 -0.2143008 0.2990672 -0.9298569 -0.22278 0.2903338 -0.9306316 -0.1424892 0.5317692 -0.8348164 -0.1586568 0.5230546 -0.8374019 -0.2154401 0.3731602 -0.9024063 -0.2261612 0.3636878 -0.9036495 -0.09882315 0.59852 -0.7949892 -0.1174499 0.5904992 -0.7984462 -0.2160933 0.4381915 -0.8725204 -0.2030026 0.4480119 -0.8706752 -0.06416988 0.6516054 -0.7558389 -0.04315776 0.658446 -0.7513896 -0.2353941 0.2789315 -0.9310139 -0.2412916 0.2751447 -0.9306309 -0.2334105 0.2844038 -0.9298569 -0.2845864 0.2885121 -0.9142053 -0.1769592 0.5213169 -0.8348139 -0.1925342 0.511556 -0.8374013 -0.2393867 0.3582665 -0.9024074 -0.2494537 0.3481248 -0.9036493 -0.155828 0.5815495 -0.7984471 -0.1377463 0.5907815 -0.7949863 -0.2318572 0.4337832 -0.8706747 -0.2442847 0.4231215 -0.8725212 -0.1066642 0.646009 -0.7558406 -0.08612506 0.6542169 -0.7513872 -0.2106867 0.5086244 -0.8348128 -0.2255917 0.4978644 -0.8374004 -0.03604694 0.7059094 -0.7073843 -0.018371 0.7241284 -0.6894204 -0.04607336 0.702929 -0.7097663 -0.2623075 0.3418449 -0.9024061 -0.2716985 0.3310565 -0.903649 -0.193524 0.5701162 -0.7984459 -0.1760967 0.5805039 -0.7949876 -0.2714395 0.4062369 -0.8725205 -0.2597362 0.4176882 -0.8706743 -0.1486754 0.6376554 -0.755838 -0.1287391 0.6471785 -0.7513894 -0.257654 0.4820465 -0.8374041 -0.2434845 0.4937584 -0.8348162 -0.09194309 0.6984112 -0.7097664 -0.06958795 0.70656 -0.7042233 -0.2771409 0.3329984 -0.9012796 -0.3236327 0.312196 -0.8931939 -0.2841073 0.3239531 -0.9024065 -0.213684 0.5677469 -0.7949859 -0.2304075 0.5562329 -0.7984468 -0.01686982 0.7570993 -0.653082 -0.009126051 0.7883131 -0.6152066 -0.03230675 0.7519676 -0.658408 -0.2864937 0.3998086 -0.8706747 -0.2974264 0.3876127 -0.8725216 -0.1707852 0.6373786 -0.751386 -0.1900693 0.6265646 -0.7558376 -0.2886364 0.4641632 -0.8374017 -0.2752703 0.4767701 -0.8348153 -0.1374362 0.6908993 -0.7097672 -0.1156528 0.7004972 -0.7042217 -0.2662771 0.5399792 -0.7984477 -0.2503545 0.5525528 -0.7949894 -0.07359679 0.7472637 -0.6604396 -0.04949817 0.7551087 -0.6537284 -0.3333518 0.3635483 -0.8698903 -0.36873 0.387801 -0.8447772 -0.3120286 0.3802131 -0.8706756 -0.3240585 0.3661993 -0.8722867 -0.3221436 0.3673239 -0.8725231 -0.2306374 0.6127912 -0.7558396 -0.212102 0.6248432 -0.7513879 -0.3183731 0.4442971 -0.8373999 -0.305863 0.4577482 -0.834814 -0.182321 0.6804309 -0.7097696 -0.161217 0.6914299 -0.7042256 -0.285967 0.534996 -0.7949857 -0.3010392 0.5214021 -0.7984455 -0.09876955 0.7502573 -0.6537266 -0.1223149 0.7408488 -0.6604409 -0.2525116 0.6096323 -0.7513897 -0.2702185 0.5963942 -0.7558412 -0.03549137 0.7968989 -0.6030691 -0.02113413 0.8173999 -0.5756827 -0.05192802 0.7921767 -0.6080784 -0.346748 0.4225193 -0.8374027 -0.3351325 0.4367742 -0.8348141 -0.2264304 0.6670539 -0.7097664 -0.2061001 0.6794043 -0.7042246 -0.3203353 0.51515 -0.7949879 -0.3344921 0.500594 -0.7984489 -0.1476281 0.7421895 -0.6537283 -0.1705046 0.7312624 -0.6604419 -0.308656 0.5774432 -0.7558379 -0.2918574 0.5918075 -0.7513875 -0.1036177 0.7870836 -0.6080812 -0.07839932 0.7960361 -0.60015 -0.3629965 0.4139071 -0.8348139 -0.4117562 0.4025454 -0.8175659 -0.3630448 0.4138401 -0.8348262 -0.2500829 0.6644754 -0.7042237 -0.2695701 0.6508163 -0.7097676 -0.008937644 0.8448212 -0.5349742 -0.02058632 0.8699008 -0.4927969 -0.03650244 0.8344351 -0.5498962 -0.366502 0.4776576 -0.7984481 -0.3533418 0.4930916 -0.7949907 -0.2179727 0.7185422 -0.6604431 -0.1958557 0.7309445 -0.6537284 -0.329924 0.571458 -0.7513892 -0.345751 0.5560226 -0.7558406 -0.1548756 0.7786257 -0.6080753 -0.1303051 0.789205 -0.6001468 -0.311574 0.6317873 -0.7097651 -0.2930206 0.6466932 -0.7042208 -0.05488904 0.8374559 -0.5437416 -0.08166859 0.8292314 -0.5529065 -0.3848497 0.4689249 -0.7949844 -0.4223518 0.4475696 -0.7882261 -0.4446524 0.4788012 -0.7569898 -0.4010494 0.4504043 -0.7976813 -0.3969783 0.4526548 -0.7984436 -0.2644898 0.7027547 -0.66044 -0.2432459 0.7165672 -0.6537299 -0.3665991 0.5486532 -0.7513886 -0.3813797 0.5322187 -0.7558391 -0.2054713 0.7668305 -0.6080728 -0.1816389 0.7789971 -0.6001422 -0.3346777 0.6261458 -0.7042246 -0.3522121 0.6100629 -0.7097675 -0.1357388 0.8221148 -0.5529035 -0.1095507 0.8320746 -0.5437375 -0.3098993 0.683944 -0.6604415 -0.2895859 0.6991302 -0.6537254 -0.02523737 0.8929402 -0.4494672 -0.05682108 0.8669336 -0.4951742 -0.03392296 0.8728657 -0.48678 -0.4017021 0.523501 -0.7513867 -0.4153821 0.5061275 -0.755839 -0.2551885 0.7517484 -0.6080733 -0.232198 0.7654508 -0.6001409 -0.3913656 0.5857188 -0.7097651 -0.3749194 0.6029156 -0.7042217 -0.1637277 0.8231276 -0.5437409 -0.1892117 0.8114747 -0.5529084 -0.3539574 0.6622162 -0.6604422 -0.3346924 0.6786884 -0.6537302 -0.113406 0.861357 -0.4951798 -0.08572329 0.8704175 -0.4847937 -0.4876707 0.4874936 -0.7242426 -0.4429879 0.4846461 -0.7542413 -0.4350738 0.4961081 -0.7513903 -0.2817588 0.7486249 -0.600144 -0.3038014 0.7334499 -0.6080756 -0.005861008 0.9141973 -0.405227 -0.03750078 0.9010643 -0.4320613 -0.4135441 0.5771065 -0.7042226 -0.4288367 0.5588632 -0.7097682 -0.2418776 0.7973604 -0.5529119 -0.2172106 0.8106548 -0.5437447 -0.3783657 0.6553471 -0.6537275 -0.3965163 0.637646 -0.6604411 -0.1424802 0.8629433 -0.4847972 -0.1694905 0.8520997 -0.4951757 -0.3511239 0.7120081 -0.608076 -0.3301193 0.7285935 -0.6001439 -0.08824585 0.8960311 -0.4351332 -0.05924236 0.9039153 -0.4235889 -0.473664 0.5246441 -0.7073832 -0.4644679 0.5296257 -0.7097648 -0.4504123 0.548815 -0.7042236 -0.4990404 0.5250282 -0.689423 -0.2935066 0.7798383 -0.5529069 -0.2697742 0.7947099 -0.5437445 -0.4204135 0.6291985 -0.6537291 -0.4373659 0.6103501 -0.6604421 -0.1986066 0.8517812 -0.4847929 -0.2248569 0.8391913 -0.4951742 -0.377069 0.7054405 -0.6001438 -0.3969406 0.6875198 -0.6080746 -0.1466728 0.8883363 -0.4351387 -0.1182321 0.8981058 -0.4235885 -0.3211562 0.7753717 -0.543744 -0.3438818 0.7589681 -0.5529131 -0.06067811 0.9258216 -0.3730582 -0.03297155 0.9317965 -0.3614806 -0.03141756 0.9325282 -0.3597277 -0.03026052 0.9490941 -0.3135357 -0.476359 0.5804303 -0.6604413 -0.4606714 0.6003525 -0.6537268 -0.2792699 0.8226826 -0.4951784 -0.2538874 0.8369692 -0.4847924 -0.4410532 0.6600885 -0.6080751 -0.4223956 0.6792712 -0.6001439 -0.20445 0.8768427 -0.4351402 -0.1767241 0.8884452 -0.4235963 -0.3927898 0.7348517 -0.5529097 -0.3711958 0.7526985 -0.543745 -0.09143268 0.9282921 -0.3604355 -0.1210978 0.9198741 -0.373051 -0.5088728 0.5545712 -0.6584066 -0.4989451 0.5689378 -0.6537305 -0.5234081 0.547289 -0.653084 -0.5509593 0.5638879 -0.6152025 -0.3080909 0.8185668 -0.4847971 -0.3324614 0.802666 -0.4951734 -0.006377642 0.9637587 -0.2666996 -0.03512891 0.950904 -0.3074856 -0.4832849 0.6298228 -0.6080781 -0.4659152 0.6501922 -0.6001441 -0.2344608 0.8749849 -0.4235913 -0.2613586 0.861599 -0.4351308 -0.4400067 0.7075923 -0.5529081 -0.4196283 0.7268113 -0.5437438 -0.1519472 0.9203277 -0.3604289 -0.1810085 0.9099838 -0.3730488 -0.3609589 0.7966729 -0.4847896 -0.384262 0.7791936 -0.4951767 -0.09321791 0.9464173 -0.3092001 -0.0624833 0.9532577 -0.2956272 -0.5630444 0.5929345 -0.5756819 -0.5074466 0.6183215 -0.6001471 -0.5234398 0.5968686 -0.6080778 -0.5383933 0.5885898 -0.6030712 -0.3171567 0.8426538 -0.4351394 -0.2911673 0.8577846 -0.4235884 -0.4853415 0.677302 -0.5529065 -0.4662626 0.6978135 -0.5437421 -0.2401437 0.8961928 -0.3730541 -0.2118122 0.9084193 -0.3604303 -0.4344004 0.7523972 -0.4951714 -0.4123078 0.7713486 -0.4847923 -0.1246893 0.9471299 -0.2956305 -0.1549133 0.9382934 -0.3092045 -0.3715798 0.8201144 -0.4351332 -0.34666 0.8368961 -0.4235939 -0.06343199 0.967731 -0.2438711 -0.02923161 0.9752837 -0.2190146 -0.0360797 0.9846376 -0.1708422 -0.0377292 0.9719377 -0.232193 -0.5286059 0.6441041 -0.5529067 -0.5109044 0.6658259 -0.5437395 -0.2707667 0.8926185 -0.3604411 -0.2982236 0.8785727 -0.3730584 -0.4826757 0.7223774 -0.4951717 -0.4618641 0.7427382 -0.4847901 -0.1863644 0.9369463 -0.2956349 -0.2159467 0.9261516 -0.3092091 -0.4244393 0.7940444 -0.4351375 -0.4006465 0.812439 -0.4235863 -0.1265825 0.9615105 -0.2438737 -0.0953984 0.9686223 -0.2294995 -0.5533604 0.630982 -0.5437407 -0.5910594 0.6037009 -0.5349711 -0.600557 0.6296732 -0.4927909 -0.5642231 0.6158485 -0.5498937 -0.3550637 0.8571841 -0.3730483 -0.3285828 0.8729967 -0.3604305 -0.02861756 0.9834315 -0.1790067 -0.009898468 0.992431 -0.1224034 -0.5094438 0.710945 -0.484793 -0.5288855 0.6892594 -0.4951784 -0.2760534 0.9100468 -0.3092076 -0.247248 0.9227499 -0.2956368 -0.4754523 0.7645896 -0.4351414 -0.4529265 0.7844891 -0.423597 -0.1891943 0.9511735 -0.2438739 -0.1585429 0.9603092 -0.2295004 -0.4103564 0.8321289 -0.3730538 -0.3849618 0.8496423 -0.3604335 -0.06454195 0.984619 -0.1623574 -0.09646072 0.9794087 -0.1773523 -0.5728368 0.6531903 -0.4951771 -0.5932301 0.6411891 -0.4867798 -0.6135671 0.6492422 -0.4494663 -0.5548599 0.6760949 -0.484795 -0.334997 0.8900385 -0.3092062 -0.3070749 0.9046034 -0.2956311 -0.5244339 0.7318642 -0.4351368 -0.5032647 0.7531872 -0.4235961 -0.2510031 0.9367645 -0.2438641 -0.2210227 0.9478827 -0.2294937 -0.4639065 0.8035071 -0.3730508 -0.4397137 0.8226426 -0.3604318 -0.1603085 0.9710036 -0.177351 -0.1287922 0.9782915 -0.1623527 -0.3655759 0.8825826 -0.2956387 -0.3924768 0.8662283 -0.3092095 -0.02823075 0.9968926 -0.07354063 -0.06501327 0.9918091 -0.1099453 -0.07353635 0.9968348 -0.03021558 -0.03927265 0.9944398 -0.09770995 -0.03858409 0.9985101 -0.03858409 -0.5514481 0.7186639 -0.4235885 -0.5711877 0.6959902 -0.4351349 -0.3117379 0.91834 -0.2438671 -0.2825347 0.9314014 -0.22949 -0.5154644 0.7714453 -0.3730529 -0.4925729 0.792124 -0.3604324 -0.2234836 0.9584365 -0.1773541 -0.1925003 0.9677737 -0.1623504 -0.4482977 0.8387018 -0.3092061 -0.4225212 0.8567827 -0.2956338 -0.09758491 0.9907288 -0.09451766 -0.09793747 0.9943082 -0.04194473 -0.1223525 0.9920265 -0.03022066 -0.1297327 0.9854351 -0.1099411 -0.5972677 0.6810586 -0.4235923 -0.6423039 0.6505581 -0.4052404 -0.6106431 0.6636455 -0.4320761 -0.371128 0.8959866 -0.2438688 -0.3428479 0.9109268 -0.2294947 -0.5648138 0.7360824 -0.3730523 -0.5433268 0.7582107 -0.3604337 -0.2856804 0.9417715 -0.1773504 -0.2553909 0.9531087 -0.1623552 -0.4776508 0.827315 -0.2956344 -0.5021889 0.8075877 -0.3092061 -0.1621631 0.9822273 -0.09451364 -0.1939059 0.9748401 -0.109942 -0.1627619 0.9858545 -0.03999266 -0.1708545 0.9847049 -0.03413193 -0.2189813 0.9751319 -0.03413185 -0.4289378 0.8697942 -0.2438655 -0.4016958 0.8865517 -0.229492 -0.5917521 0.7210532 -0.3604327 -0.6355747 0.6821922 -0.3614672 -0.6117455 0.6975674 -0.3730513 -0.6371848 0.681613 -0.3597211 -0.649717 0.6925088 -0.3135276 -0.3171696 0.9343688 -0.1623523 -0.3466652 0.9210694 -0.1773539 -0.5539338 0.7730127 -0.3092067 -0.5307357 0.794305 -0.2956335 -0.2260598 0.9695175 -0.09451368 -0.2572559 0.9600686 -0.1099441 -0.2268947 0.973098 -0.03999019 -0.2665831 0.963338 -0.03022059 -0.4849035 0.839877 -0.2438756 -0.4588062 0.858387 -0.2294967 -0.4061685 0.8964231 -0.1773495 -0.3776121 0.9116201 -0.1623512 -0.5815539 0.7578893 -0.2956327 -0.6033049 0.7351304 -0.3092029 -0.3194855 0.9411913 -0.1099457 -0.2900275 0.9560983 -0.04195224 -0.3135372 0.9490948 -0.03022364 -0.2889835 0.9526566 -0.0945199 -0.5139793 0.8265324 -0.2294984 -0.5387952 0.8063669 -0.2438689 -0.4639154 0.8679459 -0.177348 -0.4364196 0.8849743 -0.1623527 -0.6475593 0.6972202 -0.3074913 -0.6298758 0.7182338 -0.2956294 -0.6769764 0.6859804 -0.266709 -0.3803694 0.9182766 -0.1099421 -0.3506772 0.9317149 -0.0945133 -0.3519721 0.9351556 -0.03999661 -0.3596931 0.9324462 -0.03412955 -0.4049993 0.9136798 -0.03412938 -0.5903847 0.7693976 -0.2438713 -0.5669302 0.7911525 -0.2294944 -0.4933667 0.8545371 -0.1623441 -0.5197033 0.8357371 -0.1773469 -0.4396066 0.8914368 -0.1099397 -0.4108642 0.9067841 -0.09451508 -0.4494064 0.8928157 -0.03023086 -0.4123814 0.9101326 -0.04000169 -0.6689719 0.7102904 -0.2190068 -0.6707431 0.7217392 -0.1708687 -0.6174579 0.7523797 -0.2295006 -0.6394386 0.729138 -0.2438769 -0.6605893 0.7139369 -0.2321979 -0.573243 0.799962 -0.1773509 -0.5481982 0.8204393 -0.1623515 -0.4692779 0.8779778 -0.09451614 -0.4969682 0.8607752 -0.1099481 -0.4926729 0.8696896 -0.03022119 -0.4709731 0.8811494 -0.04195418 -0.6006866 0.782827 -0.1623499 -0.6243346 0.7607591 -0.1773468 -0.5522012 0.8264303 -0.10994 -0.5276517 0.8485187 -0.03999509 -0.5346855 0.8443613 -0.03413672 -0.5754759 0.8171061 -0.03413679 -0.5257102 0.8453966 -0.09451658 -0.6505952 0.7418686 -0.1623479 -0.6751411 0.7156456 -0.1789857 -0.6947369 0.708774 -0.1223933 -0.5820052 0.812201 -0.03999231 -0.6149513 0.7879859 -0.03021834 -0.5798637 0.8092125 -0.09451535 -0.6050721 0.7885425 -0.1099477 -0.6753962 0.7309529 -0.09771284 -0.631557 0.7695466 -0.09451858 -0.6787598 0.7333459 -0.03858689 -0.6553455 0.7472852 -0.1099417 -0.6849375 0.7248804 -0.07354636 -0.6528746 0.7568629 -0.03022274 -0.6338388 0.7723268 -0.04194882 -0.7071068 0.7071068 0 -0.7071068 0.7071068 0 -0.7240346 0.6893273 -0.02453053 -0.9993978 0.02453664 -0.02453664 0.03771287 0.1409176 -0.9893028 -0.08710449 -0.05256956 -0.9948112 -0.04394582 0.03853592 -0.9982904 -0.02710054 0.02079337 -0.9994164 -0.07309818 0.09998242 -0.9923005 -0.07684799 0.06738763 -0.994763 -0.144375 -0.01578329 -0.9893972 -0.0284014 0.01897803 -0.9994165 -0.07913508 0.06494371 -0.9947462 -0.08109004 0.06221781 -0.994763 -0.1488803 0.09270715 -0.9844999 -0.1390524 0.1707283 -0.975457 -0.1497702 0.09157204 -0.9844712 -0.02958104 0.01708102 -0.9994165 -0.08321239 0.05962963 -0.9947462 -0.08498235 0.05678579 -0.994763 -0.1312069 0.1076774 -0.9854899 -0.127948 0.1122081 -0.9854129 -0.03063513 0.01510894 -0.9994165 -0.08693624 0.05405685 -0.9947462 -0.08851279 0.05111009 -0.9947629 -0.1379677 0.09886701 -0.9854898 -0.1350144 0.1035976 -0.9854129 -0.03155806 0.01307199 -0.9994164 -0.182893 0.1942856 -0.9637444 -0.1777317 0.1558674 -0.9716567 -0.1977513 0.1279201 -0.9718698 -0.09028249 0.04826169 -0.9947461 -0.091667 0.0452092 -0.9947629 -0.1415006 0.09454664 -0.9854129 -0.1441415 0.08962703 -0.9854899 -0.03234632 0.01097761 -0.9994164 -0.1875478 0.143907 -0.9716566 -0.1833988 0.1505084 -0.9714484 -0.09324782 0.04224891 -0.9947461 -0.09442897 0.03911446 -0.9947629 -0.2222 0.2214072 -0.9495294 -0.2621608 0.2467787 -0.9329373 -0.2442564 0.186227 -0.9516608 -0.1473821 0.08508766 -0.985413 -0.1496897 0.08001864 -0.9854897 -0.03299437 0.008841293 -0.9994165 -0.1928486 0.1381928 -0.9714485 -0.1965571 0.1313338 -0.9716567 -0.09678718 0.03284731 -0.994763 -0.09581092 0.03606113 -0.9947461 -0.2280165 0.1999596 -0.9529033 -0.2333792 0.1915254 -0.9533374 -0.1526276 0.07527524 -0.9854128 -0.1546053 0.07004894 -0.9854898 -0.03350193 0.006664495 -0.9994165 -0.2047266 0.1181942 -0.971657 -0.2014723 0.1252858 -0.9714486 -0.09796478 0.02971485 -0.9947461 -0.09872621 0.02645506 -0.994763 -0.2454029 0.1758525 -0.953338 -0.2406005 0.1846249 -0.9529036 -0.1588549 0.05978956 -0.9854899 -0.1572261 0.06512466 -0.985413 -0.2789316 0.2353949 -0.9310136 -0.2885123 0.2845876 -0.9142049 -0.2751463 0.2412902 -0.9306307 -0.03386614 0.00445849 -0.9994165 -0.02442017 0.09876083 -0.9948114 -0.209238 0.1118342 -0.9714487 -0.2120141 0.1045644 -0.9716565 -0.09969828 0.02324598 -0.9947461 -0.1002452 0.01994165 -0.9947629 -0.2563788 0.1594294 -0.9533374 -0.2521658 0.1684853 -0.9529036 -0.1624269 0.04926762 -0.9854898 -0.16115 0.05470002 -0.985413 -0.2844077 0.2334071 -0.9298566 -0.2903322 0.2227865 -0.9306306 -0.07297679 -0.1263186 -0.9893017 -0.05832303 0.003824461 -0.9982905 -0.2161011 0.09792115 -0.9714483 -0.2184022 0.09046441 -0.9716567 -0.3121945 0.3236327 -0.8931945 -0.3329964 0.2771425 -0.9012799 -0.1013356 0.01334088 -0.9947629 -0.1010062 0.01667184 -0.994746 -0.2626407 0.1516415 -0.9529034 -0.2662595 0.1423112 -0.9533381 -0.1652996 0.03854179 -0.98549 -0.1643801 0.04404989 -0.985413 -0.2990657 0.2143074 -0.9298559 -0.304288 0.203311 -0.9306307 -0.2238526 0.07598346 -0.9716565 -0.2220456 0.08356889 -0.9714484 -0.3310611 0.2716945 -0.9036485 -0.3239574 0.2841039 -0.9024059 -0.1223863 -0.01900424 -0.9923005 -0.1018798 0.01003634 -0.9947461 -0.09092808 0.1132581 -0.9893962 -0.1019908 0.006687922 -0.9947628 -0.2749908 0.1246056 -0.9533381 -0.2719958 0.1341344 -0.9529042 -0.1674677 0.02764188 -0.98549 -0.1669107 0.03319636 -0.985413 -0.3169269 0.182985 -0.9306309 -0.3124392 0.1942887 -0.9298568 -0.2283416 0.06119 -0.9716563 -0.2270365 0.06886604 -0.9714484 -0.3481216 0.2494604 -0.9036487 -0.3418449 0.2623075 -0.9024061 -0.2801922 0.1160512 -0.9529032 -0.2825585 0.1063435 -0.9533371 -0.3635516 0.3333501 -0.8698897 -0.3878039 0.3687271 -0.8447772 -0.3673289 0.3221398 -0.8725225 -0.3662021 0.3240585 -0.8722856 -0.1689154 0.01664007 -0.9854901 -0.168723 0.02221489 -0.9854131 -0.3282199 0.1618612 -0.9306302 -0.3244804 0.1734366 -0.9298561 -0.2310541 0.05387716 -0.9714481 -0.2318563 0.04611315 -0.9716564 -0.3582686 0.239388 -0.9024062 -0.3636909 0.2261593 -0.9036486 -0.2889074 0.0876331 -0.9533377 -0.287179 0.09748697 -0.9529032 -0.3802089 0.3120319 -0.8706763 -0.3876109 0.297425 -0.8725228 -0.1706545 0.04116151 -0.9844708 -0.1708266 0.03974073 -0.9844994 -0.2190504 -0.02238274 -0.9754567 -0.1698155 0.01112713 -0.9854131 -0.3381055 0.1400379 -0.930631 -0.3351276 0.1518467 -0.9298559 -0.4138365 0.3630433 -0.8348286 -0.4025407 0.4117571 -0.8175678 -0.2343731 0.03085873 -0.9716569 -0.2340806 0.03865204 -0.9714485 -0.3777055 0.2018858 -0.9036485 -0.3731593 0.2154428 -0.902406 -0.2940181 0.06855901 -0.9533378 -0.2929392 0.0784923 -0.9529037 -0.4062347 0.2714381 -0.8725221 -0.3998057 0.2864935 -0.8706761 -0.3443385 0.129601 -0.9298573 -0.3465352 0.1176362 -0.9306315 -0.4225165 0.3467532 -0.8374019 -0.4139107 0.3629899 -0.834815 -0.2361083 0.02325251 -0.9714485 -0.2667035 -0.008053705 -0.963745 -0.2302841 0.04937797 -0.9718699 -0.2358905 0.01545668 -0.9716567 -0.3900988 0.1767542 -0.9036486 -0.3864497 0.1905769 -0.9024063 -0.2978719 0.04918543 -0.9533378 -0.2974449 0.05917011 -0.9529037 -0.4231204 0.2442877 -0.8725208 -0.4176901 0.2597305 -0.870675 -0.3534897 0.09471659 -0.9306308 -0.3520803 0.1067985 -0.9298567 -0.4442931 0.3183723 -0.8374024 -0.436765 0.335143 -0.8348146 -0.4008241 0.1508609 -0.9036487 -0.3980863 0.1648952 -0.9024062 -0.4475626 0.4223663 -0.7882223 -0.4787893 0.4446647 -0.7569902 -0.4503991 0.4010507 -0.7976835 -0.4526557 0.3969684 -0.7984478 -0.3006797 0.03958417 -0.9529034 -0.3004527 0.02958925 -0.9533376 -0.4337816 0.2318608 -0.8706745 -0.438191 0.216093 -0.8725208 -0.3583132 0.08354138 -0.9298562 -0.358929 0.07140102 -0.9306298 -0.4641673 0.2886312 -0.8374013 -0.4577544 0.3058523 -0.8348144 -0.40802 0.1385027 -0.902406 -0.4098343 0.1243174 -0.9036487 -0.4776497 0.3665152 -0.7984468 -0.468929 0.3848373 -0.794988 -0.3136805 0.0005696435 -0.9495284 -0.3598713 0.01088571 -0.9329385 -0.3044002 0.04104312 -0.9516596 -0.3026256 0.01982907 -0.9529032 -0.4513834 0.1869719 -0.872522 -0.4480135 0.2029996 -0.8706751 -0.4874875 0.4876729 -0.7242452 -0.4846412 0.4429982 -0.7542384 -0.3628294 0.04776611 -0.9306306 -0.3630092 0.0599403 -0.9298556 -0.4820442 0.2576577 -0.8374043 -0.4767686 0.275271 -0.8348159 -0.4162035 0.1115212 -0.9024066 -0.4170863 0.09724439 -0.9036496 -0.4930946 0.3533459 -0.794987 -0.5006027 0.3344817 -0.7984478 -0.4603339 0.1732557 -0.8706751 -0.4626476 0.1570461 -0.8725215 -0.5061381 0.4153738 -0.7558364 -0.4961127 0.4350778 -0.751385 -0.3636804 0.03079421 -0.9310146 -0.3651771 0.02392767 -0.9306305 -0.3661524 0.03605885 -0.9298559 -0.4052436 0.002782035 -0.9142045 -0.4937581 0.2434857 -0.834816 -0.4978652 0.2255879 -0.8374009 -0.4226055 0.08405758 -0.9024073 -0.4225528 0.0697722 -0.9036487 -0.5213977 0.3010384 -0.7984487 -0.515144 0.3203393 -0.7949902 -0.470677 0.1427827 -0.8706758 -0.471926 0.1264519 -0.8725227 -0.5322192 0.3813823 -0.7558374 -0.5235038 0.4016999 -0.751386 -0.5086236 0.2106853 -0.8348136 -0.5115553 0.1925339 -0.8374019 -0.5246415 0.473665 -0.7073845 -0.5250254 0.4990391 -0.6894261 -0.5296244 0.4644666 -0.7097667 -0.4272 0.05624624 -0.9024059 -0.4262116 0.04197348 -0.9036492 -0.5349981 0.2859584 -0.7949873 -0.539979 0.2662785 -0.7984475 -0.4790111 0.1116814 -0.8706753 -0.4791892 0.09531224 -0.8725212 -0.5486552 0.3666004 -0.7513865 -0.556022 0.3457591 -0.7558373 -0.5213156 0.1769597 -0.8348145 -0.5230522 0.1586711 -0.8374006 -0.5488195 0.4504067 -0.7042236 -0.5588661 0.4288344 -0.7097674 -0.4299613 0.02818309 -0.9024073 -0.4314302 0.0394966 -0.9012812 -0.4495973 -0.008093651 -0.8931947 -0.552554 0.2503538 -0.7949887 -0.5562341 0.2304067 -0.7984462 -0.5472865 0.5234187 -0.6530777 -0.5638807 0.5509629 -0.615206 -0.5545741 0.508873 -0.658404 -0.4843934 0.06377649 -0.8725225 -0.4852865 0.0801269 -0.870676 -0.5774463 0.3086472 -0.7558391 -0.5714559 0.3299341 -0.7513866 -0.5323113 0.1241084 -0.8374018 -0.531774 0.1424905 -0.8348131 -0.5857188 0.3913656 -0.7097651 -0.5771065 0.4135441 -0.7042226 -0.5701161 0.193525 -0.7984458 -0.5677468 0.213685 -0.7949858 -0.5804352 0.4763531 -0.6604413 -0.5689391 0.4989463 -0.6537284 -0.4927827 0.02136167 -0.8698902 -0.5349514 0.01349491 -0.8447751 -0.4875298 0.03195656 -0.8725213 -0.4894898 0.04820868 -0.8706754 -0.488091 0.02979811 -0.8722839 -0.5918109 0.2918477 -0.7513886 -0.5963956 0.2702177 -0.7558405 -0.5399492 0.1074066 -0.8348165 -0.5392838 0.08904253 -0.8374034 -0.6100597 0.3522223 -0.7097651 -0.6029156 0.3749194 -0.7042217 -0.5805047 0.1760961 -0.7949871 -0.5815502 0.1558282 -0.7984466 -0.600354 0.4606682 -0.6537277 -0.6103501 0.4373659 -0.6604421 -0.6127914 0.2306386 -0.7558389 -0.6096327 0.2525117 -0.7513892 -0.5968686 0.5234398 -0.6080778 -0.5929345 0.5630444 -0.5756819 -0.5885898 0.5383933 -0.6030712 -0.5439554 0.0535729 -0.8374022 -0.5458208 0.07185676 -0.834815 -0.6317893 0.3115629 -0.7097682 -0.6261424 0.3346886 -0.7042224 -0.590777 0.1377564 -0.7949879 -0.5904948 0.1174611 -0.7984478 -0.6291961 0.4204156 -0.65373 -0.6376448 0.3965155 -0.6604428 -0.6248431 0.2121039 -0.7513874 -0.6265646 0.1900684 -0.7558377 -0.6298243 0.4832816 -0.6080792 -0.6183215 0.5074466 -0.6001471 -0.5493514 0.03600644 -0.8348154 -0.575794 -0.006515118 -0.8175689 -0.5493367 0.0359165 -0.8348289 -0.6466953 0.293009 -0.7042236 -0.6508163 0.2695701 -0.7097676 -0.6037009 0.5910594 -0.5349711 -0.6296709 0.6005562 -0.4927951 -0.6158485 0.5642231 -0.5498937 -0.5969163 0.0785834 -0.7984458 -0.598525 0.09881232 -0.7949867 -0.6553459 0.378365 -0.6537291 -0.6622119 0.3539687 -0.6604405 -0.6373791 0.1707838 -0.751386 -0.6376557 0.1486875 -0.7558354 -0.650191 0.4659143 -0.6001463 -0.660086 0.4410556 -0.608076 -0.6670483 0.2264305 -0.7097717 -0.6644685 0.2500928 -0.7042266 -0.630982 0.5533603 -0.5437407 -0.6441041 0.5286059 -0.5529067 -0.600775 0.03937693 -0.7984477 -0.6037043 0.05946434 -0.7949875 -0.6151346 0.01781635 -0.7882208 -0.6529806 0.0241293 -0.7569903 -0.6020649 0.03489856 -0.7976841 -0.6839511 0.3098891 -0.660439 -0.6786931 0.3346933 -0.6537247 -0.6471837 0.1287413 -0.7513847 -0.6460134 0.1066523 -0.7558386 -0.6875187 0.39694 -0.6080763 -0.6792689 0.4223977 -0.6001449 -0.6804307 0.1823194 -0.7097703 -0.6794045 0.2060906 -0.7042274 -0.6658232 0.5109066 -0.5437406 -0.6773008 0.4853407 -0.5529087 -0.6991298 0.2895857 -0.6537261 -0.7027526 0.2645021 -0.6604373 -0.649245 0.6135642 -0.4494662 -0.6411914 0.5932264 -0.4867814 -0.6531903 0.5728368 -0.4951771 -0.6516071 0.06418274 -0.7558365 -0.6542168 0.08612431 -0.7513874 -0.7120085 0.3511226 -0.6080765 -0.7054412 0.3770663 -0.6001447 -0.6914293 0.1612162 -0.7042264 -0.6908988 0.1374373 -0.7097674 -0.7075924 0.4400104 -0.552905 -0.6978171 0.4662573 -0.5437421 -0.7165717 0.2432484 -0.6537241 -0.7185476 0.2179642 -0.66044 -0.6760978 0.5548576 -0.4847936 -0.6892589 0.5288897 -0.4951746 -0.6895428 -0.0001298264 -0.724245 -0.6559409 0.02944699 -0.7542376 -0.6584517 0.04315813 -0.7513846 -0.7334458 0.3037997 -0.6080815 -0.7285879 0.3301256 -0.6001472 -0.6505673 0.6422976 -0.4052359 -0.6636533 0.610639 -0.4320698 -0.7004973 0.1156523 -0.7042216 -0.6984112 0.09194232 -0.7097664 -0.7348525 0.392787 -0.5529106 -0.7268096 0.4196339 -0.5437419 -0.7309455 0.1958545 -0.6537275 -0.7312634 0.1705041 -0.660441 -0.72238 0.4826695 -0.4951741 -0.7109423 0.5094501 -0.4847905 -0.7517427 0.2551876 -0.6080807 -0.7486188 0.2817598 -0.6001511 -0.695992 0.5711843 -0.4351363 -0.6810566 0.597271 -0.4235908 -0.7029287 0.04607335 -0.7097664 -0.7241284 0.018371 -0.6894204 -0.7065598 0.0695882 -0.7042235 -0.7059091 0.03604713 -0.7073845 -0.7527007 0.3711913 -0.543745 -0.7589672 0.3438905 -0.5529088 -0.7421893 0.1476298 -0.6537282 -0.7408485 0.1223143 -0.6604413 -0.742736 0.4618628 -0.4847947 -0.7523932 0.4344049 -0.4951735 -0.7668253 0.2054684 -0.6080805 -0.7654455 0.2321964 -0.6001483 -0.7186629 0.5514473 -0.4235913 -0.7318602 0.5244395 -0.4351368 -0.7798411 0.293511 -0.5529007 -0.7753741 0.3211607 -0.5437378 -0.6975653 0.6117488 -0.3730497 -0.6821958 0.6355694 -0.3614699 -0.6816158 0.6371819 -0.359721 -0.6925105 0.6497129 -0.3135323 -0.7472637 0.07359708 -0.6604396 -0.7502571 0.09876916 -0.6537269 -0.7791969 0.3842578 -0.4951748 -0.7713522 0.4123035 -0.4847903 -0.778625 0.1548772 -0.6080758 -0.7789963 0.1816273 -0.6001469 -0.7531882 0.5032654 -0.4235936 -0.7645906 0.4754529 -0.435139 -0.7947149 0.2697749 -0.5437367 -0.7973654 0.2418792 -0.552904 -0.7210513 0.5917553 -0.3604311 -0.7360824 0.5648138 -0.3730523 -0.7551087 0.04949798 -0.6537284 -0.7519677 0.03230678 -0.6584079 -0.7570993 0.01686994 -0.6530819 -0.7883131 0.009126119 -0.6152066 -0.8026645 0.3324645 -0.4951738 -0.7966715 0.3609608 -0.4847905 -0.6859862 0.6769707 -0.2667089 -0.6972256 0.6475535 -0.3074914 -0.7870839 0.1036173 -0.6080809 -0.7892053 0.1303042 -0.6001464 -0.794048 0.4244349 -0.4351354 -0.784492 0.4529248 -0.4235936 -0.8114803 0.1892011 -0.5529037 -0.8106602 0.2172113 -0.5437363 -0.7714463 0.5154651 -0.3730502 -0.7582131 0.5433244 -0.3604323 -0.8185666 0.308092 -0.4847968 -0.8226827 0.279269 -0.4951787 -0.7351276 0.6033075 -0.3092045 -0.718233 0.6298752 -0.2956327 -0.8174 0.02113421 -0.5756828 -0.7921768 0.05192783 -0.6080784 -0.7960362 0.07839932 -0.6001498 -0.7968989 0.03549153 -0.6030692 -0.8201121 0.3715815 -0.435136 -0.8124359 0.4006507 -0.4235884 -0.8221147 0.1357378 -0.5529038 -0.8231277 0.1637288 -0.5437405 -0.7921228 0.4925758 -0.3604311 -0.8035082 0.4639038 -0.3730521 -0.8369701 0.253885 -0.4847921 -0.839192 0.2248562 -0.4951734 -0.7578919 0.5815515 -0.2956312 -0.773015 0.5539313 -0.3092052 -0.8426543 0.317158 -0.4351373 -0.8368978 0.3466559 -0.4235938 -0.729138 0.6394386 -0.2438769 -0.7102932 0.6689691 -0.2190067 -0.7217442 0.6707404 -0.1708584 -0.7139403 0.6605847 -0.2322005 -0.8292314 0.08166859 -0.5529065 -0.8320746 0.10955 -0.5437377 -0.8226418 0.4397133 -0.360434 -0.8321266 0.4103611 -0.3730538 -0.8520995 0.1694917 -0.4951756 -0.851781 0.1986078 -0.4847929 -0.8075857 0.5021913 -0.3092074 -0.7943028 0.5307382 -0.2956349 -0.8615953 0.2613548 -0.4351405 -0.8577787 0.2911797 -0.4235916 -0.7694001 0.5903821 -0.2438697 -0.7523823 0.6174553 -0.2294989 -0.8374557 0.05488941 -0.5437417 -0.8448212 0.008937582 -0.5349742 -0.8699008 0.02058618 -0.492797 -0.8344349 0.03650247 -0.5498962 -0.8571855 0.3550594 -0.3730492 -0.8496422 0.3849632 -0.360432 -0.7156453 0.6751423 -0.1789825 -0.7087747 0.6947351 -0.1223986 -0.861357 0.1134053 -0.4951801 -0.8629433 0.1424806 -0.484797 -0.8387018 0.4482977 -0.3092061 -0.827315 0.4776508 -0.2956344 -0.8768424 0.2044514 -0.4351403 -0.8749856 0.2344479 -0.423597 -0.7911503 0.5669328 -0.229496 -0.8063648 0.5387977 -0.2438704 -0.8785704 0.2982377 -0.3730527 -0.8729972 0.3285797 -0.3604318 -0.7607612 0.6243315 -0.1773485 -0.7418662 0.6505983 -0.1623461 -0.8669335 0.05682147 -0.4951742 -0.8704173 0.08572298 -0.4847941 -0.8728657 0.03392293 -0.4867799 -0.8929402 0.02523737 -0.4494672 -0.8567841 0.4225191 -0.2956326 -0.8662286 0.3924782 -0.3092069 -0.8884452 0.1767247 -0.423596 -0.8883364 0.1466733 -0.4351385 -0.8265343 0.5139769 -0.2294971 -0.8398775 0.4849038 -0.243873 -0.8961982 0.2401317 -0.3730488 -0.8926222 0.2707688 -0.3604299 -0.7828266 0.6006862 -0.1623532 -0.7999597 0.5732456 -0.1773525 -0.8825823 0.3655782 -0.2956367 -0.8900394 0.3349941 -0.3092066 -0.7309541 0.6753943 -0.09771765 -0.724879 0.6849395 -0.07354105 -0.7472825 0.6553482 -0.1099436 -0.7568596 0.6528785 -0.03022032 -0.7333438 0.6787621 -0.03858382 -0.8960314 0.08824559 -0.4351329 -0.898106 0.1182318 -0.423588 -0.8697951 0.4289354 -0.2438667 -0.8583859 0.4588088 -0.2294955 -0.9099835 0.181009 -0.3730495 -0.9084188 0.2118134 -0.3604308 -0.8204374 0.5482007 -0.162353 -0.8357382 0.5197003 -0.1773512 -0.9046037 0.3070731 -0.2956319 -0.9100466 0.2760543 -0.3092072 -0.769549 0.6315543 -0.09451681 -0.7723291 0.6338359 -0.04195058 -0.7879859 0.6149512 -0.03022178 -0.7885428 0.6050723 -0.1099444 -0.9039124 0.05925388 -0.4235934 -0.9141974 0.00583778 -0.4052271 -0.9010587 0.03749219 -0.4320736 -0.895986 0.3711302 -0.2438678 -0.8865525 0.4016935 -0.229493 -0.9198741 0.1210974 -0.3730511 -0.9203277 0.1519467 -0.3604291 -0.854538 0.4933638 -0.1623482 -0.8679444 0.4639178 -0.1773493 -0.9261511 0.215948 -0.3092097 -0.9227492 0.2472501 -0.2956371 -0.8264283 0.5522038 -0.1099415 -0.812197 0.5820107 -0.03999392 -0.8171061 0.5754759 -0.03413357 -0.8443636 0.5346821 -0.03413373 -0.8092086 0.5798692 -0.09451534 -0.9183406 0.3117361 -0.2438671 -0.9109267 0.3428489 -0.2294933 -0.931803 0.03295755 -0.361465 -0.9282919 0.09143322 -0.3604361 -0.9325283 0.03141736 -0.3597277 -0.9490941 0.03026034 -0.3135357 -0.9258226 0.06069015 -0.3730538 -0.8964223 0.4061655 -0.1773604 -0.8849689 0.4364286 -0.1623576 -0.9382936 0.1549129 -0.3092039 -0.9369466 0.1863634 -0.2956344 -0.8453984 0.5257077 -0.09451512 -0.8607768 0.4969658 -0.1099467 -0.8485205 0.5276491 -0.03999143 -0.8696879 0.4926763 -0.03021935 -0.9313968 0.2825449 -0.2294959 -0.9367615 0.2510047 -0.2438739 -0.9210689 0.3466662 -0.1773544 -0.9116236 0.3776008 -0.1623578 -0.947127 0.1247005 -0.2956353 -0.9464142 0.09321822 -0.3092097 -0.8779726 0.4692867 -0.09452102 -0.8914316 0.4396157 -0.1099446 -0.8811448 0.4709823 -0.04194926 -0.8928159 0.4494066 -0.03022089 -0.9511736 0.1891932 -0.2438744 -0.947884 0.2210128 -0.2294983 -0.9343684 0.3171704 -0.1623527 -0.941769 0.2856914 -0.177346 -0.950904 0.03512869 -0.3074856 -0.9532571 0.06247206 -0.2956319 -0.9637586 0.006377603 -0.2666995 -0.90679 0.4108526 -0.0945089 -0.9182819 0.3803587 -0.1099355 -0.9101383 0.4123696 -0.03999464 -0.9136811 0.4049965 -0.03412939 -0.9324448 0.359697 -0.03412955 -0.9615103 0.1265942 -0.2438685 -0.9603093 0.1585419 -0.2295008 -0.9531101 0.255392 -0.1623457 -0.9584397 0.223474 -0.1773495 -0.941191 0.3194864 -0.1099453 -0.9317146 0.3506781 -0.09451283 -0.9490956 0.3135349 -0.03022481 -0.9351551 0.3519731 -0.03999882 -0.9686247 0.09539892 -0.2294891 -0.9752837 0.02923161 -0.2190146 -0.9846376 0.0360797 -0.1708422 -0.967733 0.06342076 -0.2438659 -0.9719378 0.0377291 -0.2321928 -0.9710039 0.1603076 -0.1773501 -0.9677742 0.1924987 -0.1623496 -0.9600683 0.2572566 -0.1099445 -0.9526561 0.2889851 -0.0945199 -0.9633378 0.2665842 -0.0302196 -0.9560979 0.2900291 -0.04195144 -0.9782913 0.1287934 -0.1623529 -0.9794086 0.09646101 -0.1773528 -0.9748405 0.1939043 -0.1099412 -0.9730985 0.2268927 -0.03999004 -0.975132 0.2189805 -0.03413246 -0.984705 0.1708539 -0.0341324 -0.969518 0.2260579 -0.09451273 -0.9924291 0.009903515 -0.1224187 -0.9834315 0.02861756 -0.1790067 -0.9846189 0.06454176 -0.1623575 -0.9920244 0.1223688 -0.03022356 -0.9854349 0.1297338 -0.1099417 -0.982227 0.1621644 -0.09451432 -0.9858543 0.1627633 -0.03999163 -0.9943078 0.09793743 -0.04195555 -0.9944385 0.03928744 -0.09771709 -0.9918091 0.06501308 -0.1099454 -0.9907288 0.09758491 -0.09451766 -0.9985101 0.03858401 -0.03858401 -0.9968936 0.02823526 -0.07352516 -0.9968357 0.07352088 -0.03021909 -1 0 0 -1 -0 0 -0.02454014 0 0.9996989 -0.02454014 0 0.9996989 -0.07356607 0 0.9972903 -0.1224084 0 0.9924797 -0.07356607 0 0.9972903 -0.1224084 0 0.9924797 -0.1709617 0 0.9852777 -0.1709617 0 0.9852777 -0.2191053 0 0.9757012 -0.2191053 0 0.9757012 -0.2667122 0 0.9637762 -0.2667122 0 0.9637762 -0.3136805 0 0.9495286 -0.3136805 0 0.9495286 -0.3598926 0 0.9329937 -0.4052452 0 0.9142081 -0.3598926 0 0.9329937 -0.4052452 0 0.9142081 -0.449612 0 0.8932239 -0.449612 0 0.8932239 -0.4928951 0 0.8700888 -0.4928951 0 0.8700888 -0.5350001 0 0.844852 -0.5758063 0 0.8175862 -0.5350001 0 0.844852 -0.5758063 0 0.8175862 -0.6152322 0 0.7883459 -0.6152322 0 0.7883459 -0.6531708 0 0.7572107 -0.6531708 0 0.7572107 -0.6895428 0 0.7242449 -0.7242507 0 0.6895368 -0.6895428 0 0.7242449 -0.7242507 0 0.6895368 -0.7572071 0 0.6531749 -0.7572071 0 0.6531749 -0.7883459 0 0.6152322 -0.7883459 0 0.6152322 -0.8175825 0 0.5758114 -0.8448548 0 0.5349956 -0.8175825 0 0.5758114 -0.8700852 0 0.4929014 -0.8448548 0 0.5349956 -0.8700852 0 0.4929014 -0.8932247 0 0.4496104 -0.8932247 0 0.4496104 -0.9142129 0 0.405234 -0.9142129 0 0.405234 -0.9329888 0 0.3599054 -0.9329888 0 0.3599054 -0.949529 0 0.3136793 -0.949529 0 0.3136793 -0.9637782 0 0.2667049 -0.9637782 0 0.2667049 -0.9757006 0 0.2191082 -0.9757006 0 0.2191082 -0.9852791 0 0.1709535 -0.9924778 0 0.1224247 -0.9852791 0 0.1709535 -0.9924778 0 0.1224247 -0.9972912 0 0.07355448 -0.9972912 0 0.07355448 -0.9996988 0 0.02454402 -0.9996988 0 0.02454402 0 0.1321637 -0.9912279 0 0.1321637 -0.9912279 0 -1 0 0 -1 0 0 0.1321637 0.9912279 -0 0.1321637 0.9912279 0 -1 0 0 -1 0 -0 0.01963321 0.9998073 5.386409e-05 0.05832646 0.9982976 -7.45567e-05 0.02454014 0.9996988 6.98845e-05 0.09636304 0.9953462 -0.000113789 0.07356607 0.9972903 4.008841e-05 0.134274 0.9909442 -0.0001068852 0.1224103 0.9924796 -3.540059e-05 0.1720578 0.9850869 2.852317e-05 0.2097214 0.9777612 -5.38455e-05 0.1709591 0.9852782 6.905912e-05 0.2471954 0.9689656 -9.963012e-05 0.2191053 0.9757012 -0.0001179927 0.2667122 0.9637762 4.702911e-05 0.282598 0.9592384 -6.221439e-06 0.3177553 0.9481727 6.047655e-06 0.3543925 0.9350967 -7.33376e-05 0.3136805 0.9495286 6.219858e-05 0.3907392 0.9205014 -8.320459e-05 0.3598926 0.9329937 8.237889e-05 0.4272058 0.9041544 -0.0001175625 0.4052452 0.9142081 6.296129e-05 0.4631927 0.8862576 -0.0001169594 0.449612 0.893224 2.030584e-05 0.498643 0.8668074 -2.48972e-05 0.5353701 0.8446175 -8.304147e-05 0.4928951 0.8700888 1.504925e-05 0.573268 0.8193679 -1.630548e-05 0.5350001 0.844852 3.242793e-05 0.6074196 0.7943812 -4.265506e-05 0.5758061 0.8175862 0.0001015515 0.6407353 0.7677619 -0.0001088139 0.6152322 0.7883459 9.70683e-05 0.674628 0.7381579 -0.0001183528 0.6531708 0.7572107 0.000101457 0.705931 0.7082806 -0.0001300767 0.6895428 0.724245 9.096233e-05 0.7359045 0.6770855 -0.0001274569 0.7242507 0.6895368 6.521263e-05 0.7644992 0.6446248 -0.0001098265 0.7572071 0.6531749 2.298026e-05 0.7916452 0.610981 -2.577549e-05 0.8173138 0.5761929 -7.622686e-05 0.7883459 0.6152322 3.137385e-05 0.8415031 0.5402523 -3.572761e-05 0.8175825 0.5758114 7.462379e-05 0.8641025 0.5033158 -8.668114e-05 0.8448548 0.5349956 0.0001032319 0.8850753 0.4654479 -0.0001231912 0.8700852 0.4929014 0.0001162232 0.9043935 0.4266995 -0.000144689 0.8932248 0.4496104 0.0001124319 0.9219968 0.3871974 -0.0001499222 0.914213 0.405234 9.158811e-05 0.937886 0.3469434 -0.0001384928 0.9329888 0.3599054 5.147883e-05 0.9520034 0.3060876 -0.0001081939 0.949529 0.3136793 -9.689845e-06 0.964334 0.2646886 8.968838e-06 0.9748895 0.2226889 -5.893449e-05 0.9637783 0.2667049 6.817797e-05 0.9836189 0.1802608 -7.829245e-05 0.9757006 0.2191082 0.0001105106 0.9905025 0.1374949 -0.0001305046 0.9852791 0.1709535 -0.0001653039 0.9924797 0.1224094 0.0001354737 0.9955249 0.09449884 -0.0001815508 0.99729 0.07356994 9.195125e-05 0.9985005 0.0547416 -0.0001412666 0.9996988 0.02454402 -0 0.999833 0.0182777 -0.01735248 0.01735248 0.9996988 -0.0173525 0.0173525 0.9996988 -0.05201928 0.05201928 0.9972903 -0.08655562 0.08655562 0.9924799 -0.05201923 0.05201923 0.9972903 -0.08655587 0.08655586 0.9924798 -0.1208896 0.1208896 0.9852774 -0.1208889 0.1208889 0.9852775 -0.1549276 0.1549276 0.9757023 -0.1885969 0.1885969 0.9637751 -0.1549291 0.1549291 0.9757017 -0.1885954 0.1885954 0.9637757 -0.2218033 0.2218033 0.9495297 -0.2544861 0.2544861 0.9329917 -0.2218036 0.2218036 0.9495295 -0.2544847 0.2544847 0.9329926 -0.286551 0.2865511 0.9142084 -0.2865502 0.2865502 0.9142089 -0.3179253 0.3179253 0.8932228 -0.3179241 0.3179241 0.8932237 -0.3485292 0.3485292 0.8700889 -0.378299 0.378299 0.8448548 -0.3485304 0.3485304 0.870088 -0.3782999 0.3782999 0.8448541 -0.4071591 0.4071592 0.8175836 -0.4071576 0.4071576 0.8175851 -0.4350294 0.4350294 0.788352 -0.4350336 0.4350336 0.7883473 -0.4618615 0.4618614 0.7572106 -0.4875827 0.4875827 0.7242419 -0.4618615 0.4618614 0.7572106 -0.4875802 0.4875802 0.7242451 -0.51212 0.5121201 0.6895406 -0.5354238 0.5354239 0.6531789 -0.5121187 0.5121187 0.6895425 -0.5354289 0.5354288 0.6531706 -0.5574479 0.5574479 0.6152264 -0.5574451 0.557445 0.6152317 -0.5781178 0.5781178 0.5758121 -0.5974051 0.5974051 0.5349899 -0.5781187 0.5781186 0.5758105 -0.5974041 0.5974041 0.5349924 -0.6152447 0.6152447 0.4928974 -0.6316055 0.6316056 0.4496097 -0.6152438 0.6152438 0.4928996 -0.6316056 0.6316057 0.4496093 -0.646441 0.646441 0.4052505 -0.6464434 0.6464435 0.4052427 -0.6597244 0.6597244 0.3598991 -0.6714203 0.6714203 0.3136711 -0.6597245 0.6597246 0.3598987 -0.6714191 0.6714192 0.3136761 -0.6814923 0.6814924 0.2667142 -0.6899254 0.6899256 0.2191019 -0.6814923 0.6814923 0.2667144 -0.6966943 0.6966944 0.1709792 -0.6899257 0.6899258 0.2191003 -0.6966956 0.6966956 0.1709692 -0.70179 0.70179 0.1223996 -0.7051905 0.7051905 0.07357188 -0.7017896 0.7017896 0.1224047 -0.706894 0.7068939 0.02453325 -0.7051906 0.7051905 0.07357023 -0.7068939 0.7068939 0.02453806 -0.6895387 0.7242488 0 -0.653173 0.7572087 0 -0.6895387 0.7242488 0 -0.653173 0.7572087 0 -0.6152322 0.7883459 0 -0.6152322 0.7883459 0 -0.5758114 0.8175826 0 -0.5758114 0.8175826 0 -0.5349973 0.8448537 0 -0.5349973 0.8448537 0 -0.492898 0.870087 0 -0.492898 0.870087 0 -0.449612 0.8932239 0 -0.449612 0.8932239 0 -0.4052354 0.9142123 0 -0.4052354 0.9142123 0 -0.3599028 0.9329898 0 -0.3599028 0.9329898 0 -0.3136805 0.9495286 0 -0.3136805 0.9495286 0 -0.2667049 0.9637783 0 -0.2667049 0.9637783 0 -0.1709541 0.985279 0 -0.219109 0.9757004 0 -0.219109 0.9757004 0 -0.1709541 0.985279 0 -0.1224084 0.9924797 0 -0.1224084 0.9924797 0 -0.07356995 0.9972901 0 -0.07356995 0.9972901 0 -0.02454402 0.9996988 0 -0.02454402 0.9996988 0 -0.9996988 0.02454402 0 -0.9972911 0.07355448 0 -0.9996988 0.02454402 0 -0.9972911 0.07355448 0 -0.9924778 0.1224247 0 -0.9924778 0.1224247 0 -0.9852791 0.1709535 0 -0.9852791 0.1709535 0 -0.9757006 0.2191082 0 -0.9757006 0.2191082 0 -0.963778 0.2667059 0 -0.963778 0.2667059 0 -0.9495293 0.3136782 0 -0.9495293 0.3136782 0 -0.9329883 0.3599067 0 -0.9329883 0.3599067 0 -0.9142137 0.4052325 0 -0.9142137 0.4052325 0 -0.8932239 0.449612 0 -0.8932239 0.449612 0 -0.8700852 0.4929014 0 -0.8700852 0.4929014 0 -0.8175826 0.5758114 0 -0.844856 0.5349938 0 -0.844856 0.5349938 0 -0.8175826 0.5758114 0 -0.7883459 0.6152322 0 -0.7883459 0.6152322 0 -0.7572054 0.6531768 0 -0.7572054 0.6531768 0 -0.7242525 0.6895348 0 -0.7242525 0.6895348 0 -0.7240346 0.6893273 0.02453053 -0.9993978 0.02453664 0.02453664 0.03771288 0.1409176 0.9893028 -0.08710449 -0.05256956 0.9948112 -0.04394582 0.03853592 0.9982904 -0.02710054 0.02079337 0.9994164 -0.07309818 0.09998242 0.9923005 -0.07684793 0.06738764 0.994763 -0.144375 -0.01578329 0.9893972 -0.0284014 0.01897803 0.9994165 -0.07913508 0.06494371 0.9947462 -0.08109007 0.06221781 0.994763 -0.1488803 0.09270716 0.9844999 -0.1390524 0.1707283 0.975457 -0.1497702 0.09157202 0.9844712 -0.02958104 0.01708102 0.9994165 -0.08321239 0.05962963 0.9947462 -0.08498231 0.05678584 0.994763 -0.1312069 0.1076774 0.9854899 -0.127948 0.1122081 0.9854129 -0.03063513 0.01510894 0.9994165 -0.08693624 0.05405685 0.9947462 -0.08851282 0.05111009 0.9947629 -0.1379677 0.09886706 0.9854898 -0.1350144 0.1035976 0.9854129 -0.03155806 0.01307199 0.9994164 -0.182893 0.1942856 0.9637444 -0.1777317 0.1558675 0.9716567 -0.1977513 0.1279201 0.9718698 -0.0902825 0.04826169 0.9947461 -0.091667 0.04520923 0.9947629 -0.1415006 0.09454664 0.9854129 -0.1441414 0.08962696 0.9854898 -0.03234632 0.01097761 0.9994164 -0.1875478 0.143907 0.9716566 -0.1833988 0.1505084 0.9714484 -0.09324782 0.04224891 0.9947461 -0.09442897 0.0391144 0.9947629 -0.2222001 0.2214072 0.9495294 -0.2621607 0.2467787 0.9329373 -0.2442564 0.186227 0.9516608 -0.1473821 0.08508766 0.985413 -0.1496897 0.08001859 0.9854897 -0.03299437 0.008841294 0.9994165 -0.1928486 0.1381928 0.9714485 -0.1965571 0.1313339 0.9716567 -0.09678719 0.0328474 0.994763 -0.09581092 0.03606113 0.9947461 -0.2280165 0.1999596 0.9529033 -0.2333792 0.1915254 0.9533374 -0.1526276 0.07527524 0.9854128 -0.1546053 0.0700489 0.9854898 -0.03350193 0.006664495 0.9994165 -0.2047266 0.1181942 0.971657 -0.2014723 0.1252858 0.9714486 -0.09796478 0.02971485 0.9947461 -0.09872621 0.02645505 0.994763 -0.2454029 0.1758525 0.953338 -0.2406005 0.1846249 0.9529034 -0.1588549 0.0597895 0.9854899 -0.1572261 0.06512466 0.985413 -0.2789317 0.2353949 0.9310136 -0.2885123 0.2845876 0.9142049 -0.2751464 0.2412902 0.9306307 -0.03386614 0.00445849 0.9994165 -0.02442017 0.09876081 0.9948114 -0.209238 0.1118342 0.9714487 -0.2120141 0.1045644 0.9716565 -0.09969828 0.02324598 0.9947461 -0.1002452 0.01994164 0.9947629 -0.2563787 0.1594295 0.9533374 -0.2521658 0.1684853 0.9529036 -0.1624269 0.0492676 0.9854898 -0.16115 0.05470002 0.985413 -0.2844077 0.2334071 0.9298566 -0.2903322 0.2227865 0.9306306 -0.07297679 -0.1263186 0.9893017 -0.05832303 0.003824461 0.9982905 -0.2161011 0.09792115 0.9714483 -0.2184022 0.09046441 0.9716567 -0.3121945 0.3236327 0.8931945 -0.3329963 0.2771425 0.9012799 -0.1013356 0.01334087 0.9947629 -0.1010062 0.01667184 0.994746 -0.2626407 0.1516415 0.9529034 -0.2662594 0.1423112 0.953338 -0.1652995 0.0385418 0.98549 -0.1643801 0.04404989 0.985413 -0.2990656 0.2143074 0.9298559 -0.304288 0.203311 0.9306307 -0.2238526 0.07598349 0.9716566 -0.2220456 0.08356889 0.9714484 -0.3310611 0.2716945 0.9036486 -0.3239575 0.284104 0.902406 -0.1223863 -0.01900424 0.9923005 -0.1018798 0.01003634 0.9947461 -0.09092808 0.1132581 0.9893962 -0.1019908 0.006687921 0.9947628 -0.2749909 0.1246056 0.9533381 -0.2719958 0.1341344 0.9529042 -0.1674677 0.02764182 0.98549 -0.1669107 0.03319636 0.9854131 -0.3169269 0.1829849 0.9306309 -0.3124392 0.1942887 0.9298568 -0.2283416 0.06119002 0.9716563 -0.2270364 0.06886603 0.9714484 -0.3481216 0.2494604 0.9036487 -0.3418449 0.2623075 0.9024061 -0.2801922 0.1160512 0.9529032 -0.2825585 0.1063435 0.9533371 -0.3635516 0.3333502 0.8698897 -0.3878039 0.3687271 0.8447772 -0.3673289 0.3221398 0.8725225 -0.366202 0.3240585 0.8722857 -0.1689154 0.01664012 0.9854901 -0.1687229 0.02221489 0.9854131 -0.3282199 0.1618612 0.9306302 -0.3244804 0.1734366 0.9298561 -0.2310541 0.05387716 0.9714481 -0.2318563 0.0461132 0.9716565 -0.3582686 0.239388 0.9024062 -0.3636909 0.2261593 0.9036486 -0.2889074 0.08763308 0.9533378 -0.287179 0.09748697 0.9529032 -0.3802089 0.312032 0.8706763 -0.3876109 0.2974251 0.8725228 -0.1706545 0.04116143 0.9844708 -0.1708266 0.0397407 0.9844994 -0.2190504 -0.02238274 0.9754567 -0.1698155 0.01112713 0.9854131 -0.3381055 0.1400379 0.930631 -0.3351276 0.1518467 0.9298559 -0.4138365 0.3630433 0.8348287 -0.4025407 0.4117572 0.8175678 -0.2343732 0.03085872 0.9716569 -0.2340806 0.03865204 0.9714485 -0.3777055 0.2018858 0.9036485 -0.3731593 0.2154428 0.902406 -0.2940181 0.0685591 0.9533378 -0.2929392 0.0784923 0.9529037 -0.4062347 0.2714381 0.8725221 -0.3998057 0.2864935 0.8706762 -0.3443385 0.129601 0.9298573 -0.3465352 0.1176363 0.9306315 -0.4225165 0.3467532 0.8374019 -0.4139107 0.3629899 0.834815 -0.2361083 0.02325251 0.9714485 -0.2667035 -0.008053727 0.963745 -0.2302841 0.04937797 0.9718699 -0.2358905 0.01545668 0.9716567 -0.3900988 0.1767542 0.9036486 -0.3864497 0.1905769 0.9024063 -0.2978719 0.04918543 0.9533378 -0.2974449 0.05917011 0.9529037 -0.4231204 0.2442877 0.8725208 -0.4176901 0.2597305 0.870675 -0.3534897 0.09471664 0.9306309 -0.3520803 0.1067985 0.9298567 -0.444293 0.3183723 0.8374024 -0.436765 0.335143 0.8348147 -0.4008241 0.1508609 0.9036487 -0.3980863 0.1648952 0.9024062 -0.4475626 0.4223663 0.7882223 -0.4787893 0.4446647 0.7569902 -0.4503992 0.4010507 0.7976835 -0.4526557 0.3969684 0.7984478 -0.3006797 0.03958417 0.9529034 -0.3004527 0.0295893 0.9533376 -0.4337816 0.2318608 0.8706745 -0.438191 0.216093 0.8725208 -0.3583132 0.08354136 0.9298561 -0.358929 0.07140101 0.9306298 -0.4641673 0.2886312 0.8374013 -0.4577545 0.3058523 0.8348145 -0.40802 0.1385027 0.902406 -0.4098344 0.1243174 0.9036487 -0.4776497 0.3665151 0.7984468 -0.468929 0.3848373 0.794988 -0.3136804 0.0005696781 0.9495284 -0.3598714 0.01088571 0.9329385 -0.3044003 0.04104315 0.9516596 -0.3026256 0.01982907 0.9529032 -0.4513834 0.1869719 0.872522 -0.4480135 0.2029996 0.8706751 -0.4874875 0.4876729 0.7242452 -0.4846412 0.4429983 0.7542384 -0.3628293 0.0477661 0.9306306 -0.3630092 0.0599403 0.9298556 -0.4820442 0.2576577 0.8374042 -0.4767686 0.275271 0.8348159 -0.4162035 0.1115212 0.9024066 -0.4170863 0.09724441 0.9036496 -0.4930946 0.3533459 0.7949871 -0.5006027 0.3344817 0.7984478 -0.4603339 0.1732557 0.8706751 -0.4626476 0.1570461 0.8725214 -0.5061381 0.4153738 0.7558364 -0.4961127 0.4350778 0.751385 -0.3636804 0.03079423 0.9310146 -0.3651771 0.02392766 0.9306305 -0.3661524 0.03605885 0.9298561 -0.4052436 0.002782035 0.9142045 -0.4937581 0.2434857 0.834816 -0.4978652 0.2255879 0.8374009 -0.4226055 0.08405758 0.9024073 -0.4225528 0.06977218 0.9036487 -0.5213977 0.3010384 0.7984487 -0.515144 0.3203393 0.7949902 -0.470677 0.1427827 0.8706758 -0.4719259 0.126452 0.8725227 -0.5322192 0.3813822 0.7558374 -0.5235038 0.4016999 0.751386 -0.5086235 0.2106852 0.8348135 -0.5115552 0.1925338 0.837402 -0.5246415 0.473665 0.7073845 -0.5250254 0.4990391 0.6894261 -0.5296243 0.4644667 0.7097667 -0.4272 0.05624624 0.9024059 -0.4262116 0.04197351 0.9036492 -0.5349981 0.2859584 0.7949873 -0.539979 0.2662785 0.7984475 -0.4790111 0.1116814 0.8706753 -0.4791892 0.09531226 0.8725212 -0.5486551 0.3666004 0.7513865 -0.556022 0.3457591 0.7558373 -0.5213156 0.1769598 0.8348145 -0.5230522 0.1586711 0.8374007 -0.5488195 0.4504067 0.7042236 -0.5588661 0.4288344 0.7097674 -0.4299614 0.02818309 0.9024073 -0.4314302 0.03949655 0.9012812 -0.4495973 -0.008093626 0.8931947 -0.552554 0.2503538 0.7949887 -0.5562341 0.2304067 0.7984462 -0.5472865 0.5234187 0.6530776 -0.5638807 0.5509629 0.6152061 -0.5545741 0.508873 0.658404 -0.4843934 0.06377646 0.8725225 -0.4852865 0.0801269 0.870676 -0.5774462 0.3086471 0.7558391 -0.5714559 0.3299341 0.7513866 -0.5323112 0.1241084 0.8374019 -0.531774 0.1424905 0.8348131 -0.5857188 0.3913656 0.7097651 -0.5771065 0.4135441 0.7042226 -0.5701161 0.193525 0.7984458 -0.5677468 0.213685 0.7949858 -0.5804352 0.476353 0.6604413 -0.5689391 0.4989463 0.6537284 -0.4927827 0.02136166 0.8698902 -0.5349514 0.01349491 0.8447751 -0.4875298 0.03195658 0.8725213 -0.4894898 0.04820868 0.8706754 -0.488091 0.0297982 0.8722839 -0.5918109 0.2918477 0.7513885 -0.5963956 0.2702177 0.7558405 -0.5399492 0.1074066 0.8348165 -0.5392838 0.08904254 0.8374034 -0.6100597 0.3522223 0.7097651 -0.6029156 0.3749194 0.7042217 -0.5805047 0.1760961 0.7949871 -0.5815502 0.1558283 0.7984465 -0.600354 0.4606682 0.6537277 -0.6103501 0.4373659 0.6604421 -0.6127915 0.2306386 0.755839 -0.6096327 0.2525117 0.7513892 -0.5968686 0.5234399 0.6080778 -0.5929345 0.5630445 0.5756818 -0.5885898 0.5383933 0.6030712 -0.5439555 0.05357288 0.8374022 -0.5458208 0.07185676 0.834815 -0.6317893 0.3115629 0.7097682 -0.6261424 0.3346886 0.7042224 -0.590777 0.1377564 0.7949878 -0.5904948 0.1174611 0.7984478 -0.6291961 0.4204156 0.65373 -0.6376448 0.3965156 0.6604428 -0.6248431 0.2121039 0.7513874 -0.6265646 0.1900684 0.7558377 -0.6298243 0.4832816 0.6080792 -0.6183215 0.5074466 0.6001471 -0.5493514 0.03600644 0.8348154 -0.575794 -0.006515138 0.8175689 -0.5493366 0.03591645 0.8348289 -0.6466953 0.293009 0.7042237 -0.6508163 0.2695701 0.7097676 -0.6037009 0.5910594 0.5349711 -0.6296708 0.6005562 0.4927951 -0.6158485 0.5642231 0.5498937 -0.5969163 0.07858341 0.7984458 -0.598525 0.09881232 0.7949868 -0.6553459 0.378365 0.6537291 -0.6622119 0.3539687 0.6604404 -0.6373791 0.1707838 0.7513859 -0.6376557 0.1486875 0.7558355 -0.650191 0.4659143 0.6001463 -0.660086 0.4410556 0.608076 -0.6670483 0.2264305 0.7097716 -0.6644685 0.2500928 0.7042266 -0.630982 0.5533604 0.5437407 -0.6441039 0.5286059 0.5529067 -0.6007749 0.03937692 0.7984477 -0.6037043 0.05946434 0.7949875 -0.6151345 0.01781635 0.7882208 -0.6529806 0.02412931 0.7569903 -0.6020649 0.03489856 0.7976841 -0.6839511 0.3098891 0.660439 -0.6786931 0.3346933 0.6537247 -0.6471837 0.1287413 0.7513847 -0.6460134 0.1066523 0.7558386 -0.6875186 0.39694 0.6080763 -0.6792689 0.4223977 0.6001449 -0.6804307 0.1823193 0.7097703 -0.6794045 0.2060906 0.7042274 -0.6658232 0.5109066 0.5437406 -0.6773008 0.4853407 0.5529087 -0.6991297 0.2895856 0.6537261 -0.7027525 0.2645021 0.6604373 -0.649245 0.6135642 0.4494662 -0.6411914 0.5932264 0.4867814 -0.6531904 0.5728368 0.4951772 -0.651607 0.06418272 0.7558364 -0.6542168 0.08612431 0.7513874 -0.7120085 0.3511226 0.6080764 -0.7054412 0.3770663 0.6001447 -0.6914293 0.1612162 0.7042264 -0.6908988 0.1374373 0.7097674 -0.7075923 0.4400104 0.552905 -0.6978171 0.4662573 0.5437421 -0.7165717 0.2432484 0.6537241 -0.7185476 0.2179642 0.66044 -0.6760978 0.5548576 0.4847936 -0.6892589 0.5288897 0.4951746 -0.6895428 -0.0001298264 0.724245 -0.6559409 0.02944699 0.7542376 -0.6584517 0.04315813 0.7513846 -0.7334458 0.3037997 0.6080815 -0.7285879 0.3301256 0.6001472 -0.6505673 0.6422976 0.4052359 -0.6636533 0.610639 0.4320698 -0.7004973 0.1156523 0.7042216 -0.6984112 0.09194229 0.7097664 -0.7348526 0.392787 0.5529107 -0.7268096 0.4196339 0.5437419 -0.7309455 0.1958545 0.6537275 -0.7312634 0.170504 0.660441 -0.72238 0.4826694 0.4951741 -0.7109423 0.5094501 0.4847905 -0.7517427 0.2551876 0.6080807 -0.7486188 0.2817598 0.6001511 -0.695992 0.5711843 0.4351363 -0.6810566 0.597271 0.4235908 -0.7029287 0.04607337 0.7097664 -0.7241284 0.018371 0.6894204 -0.7065598 0.0695882 0.7042235 -0.7059091 0.03604716 0.7073845 -0.7527007 0.3711913 0.543745 -0.7589672 0.3438905 0.5529088 -0.7421893 0.1476298 0.6537282 -0.7408485 0.1223143 0.6604413 -0.742736 0.4618628 0.4847947 -0.7523932 0.4344049 0.4951735 -0.7668253 0.2054683 0.6080805 -0.7654455 0.2321964 0.6001483 -0.7186629 0.5514473 0.4235913 -0.7318601 0.5244395 0.4351368 -0.7798411 0.293511 0.5529007 -0.7753741 0.3211607 0.5437378 -0.6975653 0.6117487 0.3730497 -0.6821958 0.6355694 0.3614699 -0.6816157 0.6371819 0.359721 -0.6925105 0.6497128 0.3135322 -0.7472637 0.07359708 0.6604396 -0.7502571 0.09876916 0.6537269 -0.7791969 0.3842578 0.4951748 -0.7713522 0.4123035 0.4847903 -0.778625 0.1548772 0.6080758 -0.7789963 0.1816273 0.6001469 -0.7531882 0.5032654 0.4235936 -0.7645906 0.4754528 0.435139 -0.7947149 0.2697749 0.5437367 -0.7973654 0.2418792 0.552904 -0.7210513 0.5917553 0.3604311 -0.7360824 0.5648138 0.3730523 -0.7551087 0.04949798 0.6537284 -0.7519677 0.03230676 0.6584079 -0.7570993 0.01686993 0.6530819 -0.7883131 0.009126127 0.6152066 -0.8026645 0.3324645 0.4951738 -0.7966715 0.3609608 0.4847905 -0.6859862 0.6769707 0.266709 -0.6972256 0.6475534 0.3074914 -0.7870839 0.1036173 0.6080809 -0.7892053 0.1303042 0.6001464 -0.794048 0.4244349 0.4351354 -0.784492 0.4529248 0.4235936 -0.8114803 0.1892011 0.5529037 -0.8106602 0.2172113 0.5437363 -0.7714463 0.5154651 0.3730502 -0.7582131 0.5433244 0.3604323 -0.8185666 0.308092 0.4847968 -0.8226827 0.2792689 0.4951787 -0.7351276 0.6033074 0.3092046 -0.718233 0.6298751 0.2956327 -0.8173999 0.0211342 0.5756828 -0.7921768 0.05192783 0.6080784 -0.7960362 0.07839932 0.6001498 -0.796899 0.03549151 0.6030692 -0.8201121 0.3715814 0.435136 -0.8124359 0.4006507 0.4235883 -0.8221147 0.1357379 0.5529038 -0.8231277 0.1637288 0.5437405 -0.7921228 0.4925758 0.3604311 -0.8035082 0.4639038 0.3730521 -0.8369701 0.253885 0.4847921 -0.839192 0.2248562 0.4951734 -0.7578919 0.5815515 0.2956312 -0.773015 0.5539313 0.3092053 -0.8426543 0.317158 0.4351374 -0.8368978 0.3466559 0.4235938 -0.729138 0.6394386 0.2438769 -0.7102932 0.6689691 0.2190067 -0.7217442 0.6707404 0.1708584 -0.7139403 0.6605847 0.2322005 -0.8292314 0.08166862 0.5529064 -0.8320746 0.10955 0.5437377 -0.8226418 0.4397133 0.360434 -0.8321266 0.4103611 0.3730538 -0.8520995 0.1694917 0.4951756 -0.851781 0.1986078 0.4847929 -0.8075857 0.5021913 0.3092074 -0.7943028 0.5307382 0.2956349 -0.8615953 0.2613548 0.4351405 -0.8577787 0.2911797 0.4235916 -0.7694002 0.5903821 0.2438697 -0.7523823 0.6174553 0.2294989 -0.8374557 0.05488941 0.5437417 -0.8448212 0.008937596 0.5349743 -0.8699008 0.02058618 0.4927969 -0.8344349 0.03650244 0.5498962 -0.8571855 0.3550594 0.3730493 -0.8496423 0.3849632 0.360432 -0.7156453 0.6751423 0.1789826 -0.7087748 0.6947352 0.1223986 -0.861357 0.1134052 0.4951801 -0.8629433 0.1424806 0.484797 -0.8387019 0.4482977 0.3092061 -0.827315 0.4776508 0.2956344 -0.8768424 0.2044513 0.4351403 -0.8749856 0.2344479 0.423597 -0.7911503 0.5669328 0.229496 -0.8063648 0.5387977 0.2438704 -0.8785704 0.2982377 0.3730527 -0.8729972 0.3285797 0.3604318 -0.7607612 0.6243315 0.1773484 -0.7418662 0.6505983 0.1623461 -0.8669335 0.05682148 0.4951742 -0.8704173 0.08572298 0.4847941 -0.8728657 0.03392294 0.4867799 -0.8929402 0.02523738 0.4494672 -0.8567841 0.4225191 0.2956326 -0.8662285 0.3924783 0.3092069 -0.8884452 0.1767247 0.423596 -0.8883364 0.1466733 0.4351385 -0.8265343 0.5139769 0.2294971 -0.8398775 0.4849038 0.243873 -0.8961982 0.2401318 0.3730488 -0.8926222 0.2707688 0.3604299 -0.7828266 0.6006862 0.1623532 -0.7999597 0.5732456 0.1773525 -0.8825823 0.3655782 0.2956367 -0.8900394 0.3349941 0.3092066 -0.7309541 0.6753943 0.09771765 -0.724879 0.6849394 0.07354105 -0.7472825 0.6553482 0.1099435 -0.7568596 0.6528785 0.03022031 -0.7333438 0.6787622 0.03858383 -0.8960313 0.08824557 0.4351328 -0.898106 0.1182318 0.423588 -0.8697951 0.4289354 0.2438667 -0.8583859 0.4588088 0.2294955 -0.9099835 0.1810089 0.3730494 -0.9084188 0.2118134 0.3604308 -0.8204374 0.5482007 0.162353 -0.8357382 0.5197003 0.1773512 -0.9046037 0.3070731 0.2956319 -0.9100467 0.2760543 0.3092072 -0.769549 0.6315543 0.09451683 -0.7723292 0.6338359 0.04195059 -0.7879859 0.6149512 0.03022179 -0.7885428 0.6050723 0.1099444 -0.9039124 0.05925388 0.4235934 -0.9141974 0.005837767 0.4052271 -0.9010587 0.03749217 0.4320736 -0.895986 0.3711302 0.2438678 -0.8865525 0.4016935 0.2294931 -0.9198741 0.1210974 0.3730511 -0.9203277 0.1519467 0.3604291 -0.854538 0.4933638 0.1623482 -0.8679444 0.4639178 0.1773493 -0.9261511 0.215948 0.3092097 -0.9227492 0.2472501 0.2956371 -0.8264284 0.5522038 0.1099415 -0.812197 0.5820107 0.03999395 -0.8171061 0.5754759 0.03413357 -0.8443636 0.5346821 0.03413373 -0.8092086 0.5798692 0.09451534 -0.9183406 0.3117361 0.2438671 -0.9109267 0.3428489 0.2294933 -0.931803 0.03295755 0.361465 -0.9282919 0.09143322 0.3604361 -0.9325283 0.03141736 0.3597277 -0.9490942 0.03026033 0.3135357 -0.9258226 0.06069015 0.3730538 -0.8964223 0.4061654 0.1773604 -0.8849689 0.4364286 0.1623575 -0.9382936 0.1549129 0.3092039 -0.9369466 0.1863634 0.2956344 -0.8453984 0.5257077 0.09451512 -0.8607768 0.4969658 0.1099467 -0.8485205 0.5276491 0.03999143 -0.8696879 0.4926763 0.03021936 -0.9313968 0.2825449 0.2294959 -0.9367615 0.2510047 0.2438739 -0.9210689 0.3466662 0.1773544 -0.9116236 0.3776008 0.1623578 -0.947127 0.1247005 0.2956353 -0.9464142 0.09321819 0.3092097 -0.8779726 0.4692867 0.09452102 -0.8914316 0.4396157 0.1099446 -0.8811448 0.4709823 0.04194926 -0.8928159 0.4494066 0.03022089 -0.9511735 0.1891932 0.2438745 -0.947884 0.2210128 0.2294983 -0.9343684 0.3171704 0.1623527 -0.941769 0.2856914 0.177346 -0.950904 0.03512869 0.3074856 -0.9532571 0.06247206 0.2956319 -0.9637586 0.006377603 0.2666995 -0.90679 0.4108526 0.09450891 -0.9182819 0.3803586 0.1099354 -0.9101382 0.4123696 0.03999463 -0.9136811 0.4049965 0.03412938 -0.9324448 0.3596971 0.03412955 -0.9615103 0.1265942 0.2438685 -0.9603092 0.1585419 0.2295008 -0.9531101 0.255392 0.1623457 -0.9584396 0.223474 0.1773495 -0.941191 0.3194864 0.1099452 -0.9317146 0.3506781 0.09451282 -0.9490955 0.3135349 0.03022481 -0.9351551 0.3519731 0.03999882 -0.9686247 0.09539892 0.2294891 -0.9752837 0.02923161 0.2190146 -0.9846376 0.0360797 0.1708422 -0.967733 0.06342075 0.2438659 -0.9719378 0.0377291 0.2321928 -0.9710039 0.1603076 0.1773501 -0.9677742 0.1924987 0.1623497 -0.9600683 0.2572566 0.1099445 -0.9526561 0.2889851 0.09451991 -0.9633378 0.2665841 0.0302196 -0.9560979 0.2900291 0.04195144 -0.9782913 0.1287934 0.1623529 -0.9794086 0.09646101 0.1773528 -0.9748405 0.1939043 0.1099412 -0.9730985 0.2268927 0.03999003 -0.975132 0.2189805 0.03413246 -0.984705 0.1708539 0.0341324 -0.969518 0.2260579 0.09451272 -0.9924291 0.009903513 0.1224187 -0.9834315 0.02861755 0.1790067 -0.9846189 0.06454176 0.1623575 -0.9920244 0.1223688 0.03022356 -0.9854349 0.1297338 0.1099417 -0.982227 0.1621644 0.09451431 -0.9858543 0.1627633 0.03999163 -0.9943078 0.09793743 0.04195556 -0.9944385 0.03928743 0.09771711 -0.9918091 0.06501307 0.1099454 -0.9907288 0.09758491 0.09451766 -0.9985101 0.03858401 0.03858401 -0.9968936 0.02823526 0.07352515 -0.9968357 0.07352088 0.03021909 -0.02453664 0.9993978 0.02453664 -0.6893314 0.724031 0.02452517 0.1262974 0.07297699 0.9893045 -0.09876362 0.02442016 0.9948113 -0.003824943 0.05832289 0.9982904 -0.004458681 0.03386613 0.9994164 0.01901196 0.1223882 0.9923002 -0.006688775 0.1019907 0.9947629 -0.1132516 0.09092908 0.9893968 -0.006664221 0.03350201 0.9994164 -0.01003634 0.1018798 0.9947461 -0.01334142 0.1013354 0.9947628 -0.03974522 0.170824 0.9844996 0.02238338 0.2190504 0.9754567 -0.04114561 0.1706543 0.9844715 -0.008840932 0.03299447 0.9994164 -0.01667218 0.101006 0.9947461 -0.01994079 0.1002453 0.994763 -0.01112665 0.1698156 0.9854131 -0.01664012 0.1689153 0.9854901 -0.01097672 0.03234659 0.9994164 -0.02645395 0.09872647 0.9947629 -0.02324597 0.09969822 0.9947461 -0.02764241 0.1674677 0.98549 -0.02221552 0.1687229 0.9854131 -0.01307353 0.0315574 0.9994165 0.008053813 0.2667035 0.9637449 -0.01545602 0.2358906 0.9716566 -0.04937866 0.230284 0.9718699 -0.02971547 0.09796462 0.9947462 -0.0328448 0.09678827 0.9947629 -0.0332064 0.1669097 0.9854129 -0.03854224 0.1653014 0.9854897 -0.01510778 0.0306357 0.9994164 -0.03085959 0.234373 0.9716569 -0.02325202 0.2361085 0.9714485 -0.03605976 0.09581167 0.9947461 -0.03911901 0.094427 0.9947629 -0.0005696633 0.3136804 0.9495284 -0.01088611 0.3598713 0.9329385 -0.04104381 0.3044004 0.9516595 -0.04404106 0.1643835 0.9854128 -0.04926863 0.1624266 0.9854898 -0.01708099 0.02958099 0.9994164 -0.04612665 0.2318524 0.9716567 -0.03865286 0.2340805 0.9714486 -0.04520622 0.09166963 0.9947628 -0.04225715 0.09324446 0.9947461 -0.01982873 0.3026257 0.9529032 -0.02958866 0.3004528 0.9533377 -0.05469849 0.1611504 0.985413 -0.05978705 0.1588556 0.9854899 -0.01897731 0.02840178 0.9994164 -0.05387483 0.2310518 0.9714487 -0.06117693 0.2283433 0.9716567 -0.04825517 0.0902867 0.9947461 -0.05111015 0.08851293 0.9947629 -0.03958454 0.3006799 0.9529032 -0.04918651 0.2978719 0.9533378 -0.0700627 0.1546001 0.9854897 -0.06513422 0.1572232 0.9854128 -0.03079434 0.3636802 0.9310147 -0.002782035 0.4052436 0.9142045 -0.02392724 0.365177 0.9306305 -0.02079547 0.02709889 0.9994164 0.0525669 0.08710213 0.9948115 -0.07598143 0.2238533 0.9716566 -0.06886735 0.2270357 0.9714485 -0.05405692 0.08693636 0.9947461 -0.05678396 0.08498386 0.994763 -0.06855699 0.2940188 0.9533377 -0.05917011 0.2974449 0.9529037 -0.0800069 0.149695 0.9854899 -0.07526702 0.1526308 0.9854129 -0.03605859 0.3661524 0.9298559 -0.04776649 0.3628291 0.9306307 -0.1409129 -0.03770734 0.9893036 -0.03853488 0.04394714 0.9982904 -0.09047658 0.2183955 0.971657 -0.0835672 0.2220462 0.9714484 0.008093677 0.4495973 0.8931947 -0.03949657 0.4314302 0.9012812 -0.06222397 0.08108501 0.994763 -0.05962766 0.08321401 0.9947462 -0.0784904 0.29294 0.9529037 -0.08763483 0.2889067 0.9533378 -0.08962684 0.1441412 0.9854899 -0.08508654 0.1473826 0.9854129 -0.0599398 0.3630089 0.9298558 -0.0714009 0.3589284 0.93063 -0.1045527 0.2120179 0.9716569 -0.09791996 0.2160985 0.971449 -0.0419732 0.4262116 0.9036492 -0.02818291 0.4299613 0.9024073 -0.09998254 0.07309696 0.9923005 -0.06494337 0.07913467 0.9947462 0.01578362 0.1443754 0.9893971 -0.06738517 0.07684948 0.994763 -0.1063415 0.2825598 0.953337 -0.09748933 0.287178 0.9529033 -0.09454529 0.141501 0.985413 -0.09886345 0.13797 0.9854899 -0.08354308 0.3583125 0.9298562 -0.09471435 0.3534907 0.9306307 -0.1118362 0.2092366 0.9714487 -0.1181928 0.2047275 0.9716569 -0.06977166 0.4225528 0.9036487 -0.05624587 0.4272 0.902406 -0.1160591 0.2801912 0.9529024 -0.124607 0.2749938 0.953337 -0.02136179 0.4927827 0.8698902 -0.01349503 0.5349514 0.844775 -0.03195639 0.4875299 0.8725212 -0.02979826 0.488091 0.872284 -0.1076778 0.1312073 0.9854898 -0.1036002 0.1350128 0.985413 -0.1176392 0.3465344 0.9306314 -0.1067979 0.3520811 0.9298564 -0.1313326 0.1965586 0.9716566 -0.125286 0.2014726 0.9714485 -0.08405813 0.4226055 0.9024072 -0.09724647 0.4170857 0.9036496 -0.1423139 0.266258 0.953338 -0.1341267 0.2720016 0.9529036 -0.04820843 0.48949 0.8706753 -0.06377609 0.4843937 0.8725224 -0.09271076 0.1488783 0.9844999 -0.1707286 0.1390494 0.9754574 -0.1122085 0.1279485 0.9854128 -0.09157193 0.149771 0.984471 -0.1400461 0.3381006 0.9306316 -0.1296019 0.344338 0.9298573 -0.03591675 0.5493367 0.8348289 0.006515163 0.575794 0.8175688 -0.1381932 0.1928492 0.9714483 -0.1439105 0.1875457 0.9716566 -0.1243165 0.4098347 0.9036486 -0.1115225 0.4162029 0.9024068 -0.1516401 0.2626408 0.9529035 -0.159429 0.256378 0.9533377 -0.09531292 0.4791895 0.872521 -0.08012696 0.4852868 0.8706758 -0.1618502 0.3282235 0.9306309 -0.1518434 0.3351256 0.9298571 -0.05357256 0.5439553 0.8374023 -0.03600606 0.5493513 0.8348153 -0.1942866 0.182895 0.9637437 -0.1558675 0.1777317 0.9716567 -0.1279171 0.1977534 0.9718698 -0.1505084 0.1833988 0.9714484 -0.1508616 0.4008228 0.9036492 -0.1385001 0.4080207 0.9024062 -0.1684942 0.2521606 0.9529033 -0.1758538 0.2454046 0.9533373 -0.1264548 0.4719303 0.8725199 -0.1116931 0.4790113 0.8706738 -0.1734378 0.3244799 0.9298559 -0.1829839 0.3169283 0.9306306 -0.08904339 0.5392889 0.8374 -0.07186875 0.5458218 0.8348134 -0.1648968 0.3980847 0.9024066 -0.1767519 0.3900999 0.9036487 -0.01782772 0.6151344 0.7882206 -0.02414137 0.6529804 0.75699 -0.03490476 0.6020685 0.7976812 -0.03937688 0.6007804 0.7984437 -0.1915257 0.2333795 0.9533373 -0.1846216 0.2406046 0.9529031 -0.1427708 0.4706824 0.8706748 -0.1570431 0.4626481 0.8725218 -0.2033214 0.3042814 0.9306306 -0.1942919 0.312439 0.9298561 -0.1241201 0.5323061 0.8374034 -0.1073965 0.5399541 0.8348147 -0.2018872 0.3777051 0.9036484 -0.1905771 0.3864501 0.902406 -0.07859577 0.5969115 0.7984481 -0.05945296 0.6037081 0.7949854 -0.1862283 0.2442565 0.9516605 -0.2213982 0.2222068 0.9495299 -0.2467705 0.2621714 0.9329365 -0.1999614 0.228016 0.952903 -0.1869739 0.4513821 0.8725222 -0.1732557 0.4603339 0.8706751 0.0001298242 0.6895428 0.724245 -0.02945068 0.655936 0.7542418 -0.2143008 0.2990672 0.9298569 -0.22278 0.2903338 0.9306316 -0.1424892 0.5317692 0.8348164 -0.1586567 0.5230546 0.8374019 -0.2154401 0.3731602 0.9024062 -0.2261612 0.3636877 0.9036494 -0.09882315 0.59852 0.7949892 -0.1174498 0.5904992 0.7984462 -0.2160932 0.4381915 0.8725204 -0.2030026 0.4480119 0.8706752 -0.06416987 0.6516054 0.7558389 -0.04315776 0.658446 0.7513896 -0.235394 0.2789315 0.9310139 -0.2412916 0.2751448 0.9306309 -0.2334105 0.2844038 0.9298569 -0.2845864 0.2885121 0.9142053 -0.1769592 0.5213169 0.8348139 -0.1925341 0.511556 0.8374013 -0.2393867 0.3582665 0.9024074 -0.2494537 0.3481248 0.9036492 -0.155828 0.5815495 0.7984471 -0.1377463 0.5907815 0.7949863 -0.2318572 0.4337832 0.8706747 -0.2442847 0.4231215 0.8725212 -0.1066642 0.6460091 0.7558407 -0.08612506 0.6542169 0.7513872 -0.2106867 0.5086244 0.8348128 -0.2255917 0.4978644 0.8374004 -0.03604695 0.7059093 0.7073843 -0.018371 0.7241284 0.6894204 -0.04607338 0.7029289 0.7097663 -0.2623075 0.3418449 0.9024061 -0.2716985 0.3310565 0.903649 -0.193524 0.5701162 0.7984459 -0.1760967 0.5805039 0.7949876 -0.2714395 0.4062369 0.8725206 -0.2597362 0.4176882 0.8706743 -0.1486754 0.6376554 0.755838 -0.1287391 0.6471785 0.7513894 -0.257654 0.4820465 0.8374041 -0.2434844 0.4937583 0.8348162 -0.09194306 0.6984111 0.7097664 -0.06958795 0.70656 0.7042233 -0.2771409 0.3329984 0.9012796 -0.3236327 0.3121961 0.893194 -0.2841073 0.3239531 0.9024065 -0.213684 0.5677469 0.7949859 -0.2304075 0.5562329 0.7984468 -0.01686981 0.7570993 0.653082 -0.009126089 0.7883131 0.6152066 -0.03230672 0.7519675 0.6584079 -0.2864936 0.3998086 0.8706747 -0.2974264 0.3876126 0.8725216 -0.1707852 0.6373786 0.751386 -0.1900693 0.6265646 0.7558376 -0.2886364 0.4641633 0.8374017 -0.2752703 0.4767701 0.8348153 -0.1374362 0.6908993 0.7097672 -0.1156528 0.7004972 0.7042217 -0.2662771 0.5399793 0.7984477 -0.2503545 0.5525528 0.7949894 -0.07359679 0.7472637 0.6604395 -0.04949817 0.7551087 0.6537284 -0.3333519 0.3635483 0.8698903 -0.36873 0.387801 0.8447772 -0.3120286 0.3802131 0.8706756 -0.3240585 0.3661993 0.8722867 -0.3221436 0.3673239 0.8725231 -0.2306374 0.6127912 0.7558396 -0.212102 0.6248432 0.7513878 -0.3183731 0.4442971 0.8374 -0.305863 0.4577482 0.834814 -0.182321 0.6804309 0.7097696 -0.161217 0.6914299 0.7042256 -0.285967 0.534996 0.7949857 -0.3010392 0.5214021 0.7984455 -0.09876955 0.7502573 0.6537266 -0.1223149 0.7408488 0.6604409 -0.2525116 0.6096323 0.7513897 -0.2702185 0.5963942 0.7558412 -0.03549137 0.796899 0.6030691 -0.02113413 0.8173999 0.5756827 -0.05192802 0.7921767 0.6080784 -0.3467479 0.4225193 0.8374027 -0.3351325 0.4367742 0.8348141 -0.2264304 0.6670539 0.7097664 -0.2061001 0.6794044 0.7042247 -0.3203353 0.51515 0.7949879 -0.3344921 0.500594 0.7984489 -0.1476281 0.7421895 0.6537283 -0.1705045 0.7312624 0.6604419 -0.308656 0.5774432 0.7558378 -0.2918574 0.5918075 0.7513875 -0.1036177 0.7870836 0.6080812 -0.07839932 0.7960361 0.60015 -0.3629965 0.4139071 0.8348139 -0.4117562 0.4025454 0.8175659 -0.3630448 0.4138401 0.8348263 -0.2500829 0.6644754 0.7042237 -0.2695701 0.6508163 0.7097677 -0.008937644 0.8448212 0.5349742 -0.02058633 0.8699008 0.4927969 -0.03650241 0.8344351 0.5498962 -0.366502 0.4776576 0.7984481 -0.3533418 0.4930916 0.7949907 -0.2179727 0.7185422 0.660443 -0.1958557 0.7309445 0.6537284 -0.329924 0.571458 0.7513892 -0.345751 0.5560226 0.7558407 -0.1548756 0.7786257 0.6080753 -0.1303051 0.789205 0.6001467 -0.3115739 0.6317874 0.7097651 -0.2930206 0.6466932 0.7042208 -0.05488904 0.8374559 0.5437416 -0.08166862 0.8292314 0.5529065 -0.3848496 0.4689248 0.7949844 -0.4223518 0.4475696 0.7882261 -0.4446524 0.4788012 0.7569898 -0.4010494 0.4504043 0.7976812 -0.3969782 0.4526547 0.7984435 -0.2644898 0.7027547 0.66044 -0.2432459 0.7165672 0.6537299 -0.3665991 0.5486532 0.7513886 -0.3813797 0.5322187 0.7558392 -0.2054714 0.7668305 0.6080728 -0.1816389 0.7789971 0.6001422 -0.3346777 0.6261458 0.7042246 -0.352212 0.6100629 0.7097675 -0.1357388 0.8221148 0.5529035 -0.1095507 0.8320746 0.5437374 -0.3098992 0.683944 0.6604416 -0.2895859 0.6991302 0.6537254 -0.02523738 0.8929402 0.4494672 -0.05682109 0.8669336 0.4951742 -0.03392296 0.8728657 0.48678 -0.4017021 0.523501 0.7513867 -0.4153821 0.5061275 0.755839 -0.2551885 0.7517484 0.6080733 -0.232198 0.7654508 0.6001409 -0.3913656 0.5857188 0.7097651 -0.3749194 0.6029156 0.7042217 -0.1637277 0.8231276 0.5437409 -0.1892117 0.8114747 0.5529084 -0.3539574 0.6622162 0.6604421 -0.3346924 0.6786884 0.6537302 -0.113406 0.861357 0.4951798 -0.08572329 0.8704175 0.4847937 -0.4876707 0.4874936 0.7242426 -0.4429879 0.484646 0.7542413 -0.4350738 0.4961081 0.7513903 -0.2817588 0.7486248 0.600144 -0.3038014 0.7334499 0.6080756 -0.005861008 0.9141973 0.405227 -0.03750079 0.9010643 0.4320613 -0.4135441 0.5771065 0.7042226 -0.4288367 0.5588632 0.7097682 -0.2418777 0.7973604 0.5529119 -0.2172106 0.8106548 0.5437447 -0.3783657 0.6553471 0.6537275 -0.3965164 0.637646 0.6604411 -0.1424802 0.8629433 0.4847972 -0.1694905 0.8520998 0.4951757 -0.3511239 0.7120082 0.608076 -0.3301193 0.7285935 0.6001439 -0.08824585 0.8960311 0.4351332 -0.05924236 0.9039153 0.4235889 -0.473664 0.5246441 0.7073833 -0.4644679 0.5296257 0.7097649 -0.4504123 0.548815 0.7042236 -0.4990404 0.5250282 0.689423 -0.2935066 0.7798383 0.5529069 -0.2697742 0.7947099 0.5437445 -0.4204135 0.6291985 0.6537291 -0.4373659 0.6103501 0.6604421 -0.1986066 0.8517812 0.4847929 -0.2248569 0.8391913 0.4951742 -0.377069 0.7054405 0.6001438 -0.3969407 0.6875198 0.6080746 -0.1466728 0.8883363 0.4351387 -0.1182321 0.8981058 0.4235885 -0.3211562 0.7753717 0.543744 -0.3438817 0.758968 0.5529131 -0.0606781 0.9258217 0.3730582 -0.03297155 0.9317965 0.3614806 -0.03141756 0.9325282 0.3597277 -0.03026053 0.9490941 0.3135357 -0.476359 0.5804304 0.6604413 -0.4606714 0.6003525 0.6537268 -0.2792699 0.8226826 0.4951784 -0.2538874 0.8369692 0.4847924 -0.4410532 0.6600884 0.6080751 -0.4223956 0.6792712 0.6001439 -0.20445 0.8768427 0.4351402 -0.1767241 0.8884452 0.4235963 -0.3927898 0.7348518 0.5529097 -0.3711958 0.7526985 0.543745 -0.09143268 0.9282921 0.3604356 -0.1210978 0.9198741 0.373051 -0.5088728 0.5545712 0.6584067 -0.4989451 0.5689378 0.6537305 -0.5234081 0.547289 0.653084 -0.5509593 0.5638879 0.6152025 -0.3080909 0.8185668 0.4847971 -0.3324614 0.802666 0.4951734 -0.006377654 0.9637587 0.2666995 -0.03512891 0.950904 0.3074856 -0.483285 0.6298228 0.6080781 -0.4659152 0.6501922 0.6001442 -0.2344608 0.8749849 0.4235913 -0.2613586 0.861599 0.4351308 -0.4400067 0.7075923 0.5529081 -0.4196283 0.7268113 0.5437439 -0.1519472 0.9203277 0.3604289 -0.1810085 0.9099838 0.3730488 -0.3609588 0.7966729 0.4847896 -0.384262 0.7791936 0.4951767 -0.09321792 0.9464173 0.3092001 -0.0624833 0.9532577 0.2956272 -0.5630445 0.5929345 0.5756818 -0.5074466 0.6183215 0.6001471 -0.5234399 0.5968686 0.6080778 -0.5383933 0.5885898 0.6030712 -0.3171567 0.8426538 0.4351394 -0.2911673 0.8577846 0.4235884 -0.4853415 0.677302 0.5529065 -0.4662626 0.6978135 0.5437421 -0.2401437 0.8961928 0.3730541 -0.2118122 0.9084193 0.3604303 -0.4344004 0.7523972 0.4951714 -0.4123078 0.7713486 0.4847923 -0.1246893 0.9471299 0.2956305 -0.1549133 0.9382934 0.3092045 -0.3715798 0.8201144 0.4351332 -0.34666 0.8368961 0.4235938 -0.06343198 0.967731 0.2438711 -0.02923161 0.9752837 0.2190146 -0.0360797 0.9846376 0.1708422 -0.03772919 0.9719377 0.232193 -0.5286059 0.6441039 0.5529067 -0.5109044 0.6658259 0.5437394 -0.2707667 0.8926185 0.360441 -0.2982236 0.8785727 0.3730584 -0.4826757 0.7223774 0.4951718 -0.4618641 0.7427382 0.4847901 -0.1863644 0.9369463 0.2956349 -0.2159467 0.9261516 0.3092091 -0.4244393 0.7940444 0.4351375 -0.4006465 0.812439 0.4235863 -0.1265825 0.9615105 0.2438737 -0.0953984 0.9686223 0.2294995 -0.5533603 0.630982 0.5437407 -0.5910594 0.6037009 0.5349711 -0.600557 0.6296732 0.492791 -0.564223 0.6158485 0.5498937 -0.3550637 0.8571841 0.3730483 -0.3285828 0.8729967 0.3604305 -0.02861756 0.9834315 0.1790067 -0.009898475 0.992431 0.1224034 -0.5094438 0.710945 0.4847929 -0.5288855 0.6892594 0.4951784 -0.2760535 0.9100468 0.3092076 -0.247248 0.9227499 0.2956368 -0.4754522 0.7645895 0.4351414 -0.4529265 0.7844891 0.423597 -0.1891943 0.9511735 0.2438739 -0.1585429 0.9603092 0.2295003 -0.4103564 0.8321289 0.3730538 -0.3849618 0.8496423 0.3604335 -0.06454195 0.984619 0.1623574 -0.09646073 0.9794087 0.1773524 -0.5728368 0.6531904 0.4951772 -0.5932302 0.6411891 0.4867798 -0.6135671 0.6492423 0.4494662 -0.5548599 0.6760949 0.484795 -0.334997 0.8900385 0.3092062 -0.3070749 0.9046034 0.2956311 -0.5244339 0.7318641 0.4351367 -0.5032647 0.7531872 0.4235961 -0.2510031 0.9367645 0.2438641 -0.2210227 0.9478827 0.2294937 -0.4639066 0.8035072 0.3730508 -0.4397137 0.8226426 0.3604318 -0.1603085 0.9710036 0.177351 -0.1287922 0.9782915 0.1623527 -0.3655759 0.8825826 0.2956387 -0.3924768 0.8662283 0.3092095 -0.02823074 0.9968926 0.07354061 -0.06501327 0.9918091 0.1099453 -0.07353635 0.9968348 0.03021558 -0.03927265 0.9944398 0.09770995 -0.03858409 0.9985101 0.03858409 -0.5514481 0.7186639 0.4235884 -0.5711877 0.6959901 0.4351349 -0.3117379 0.91834 0.2438671 -0.2825347 0.9314014 0.22949 -0.5154644 0.7714453 0.3730529 -0.4925729 0.792124 0.3604324 -0.2234836 0.9584365 0.1773541 -0.1925003 0.9677737 0.1623504 -0.4482977 0.8387019 0.3092061 -0.4225212 0.8567827 0.2956338 -0.09758491 0.9907288 0.09451766 -0.09793747 0.9943082 0.04194473 -0.1223525 0.9920264 0.03022066 -0.1297327 0.9854351 0.1099411 -0.5972677 0.6810586 0.4235923 -0.6423039 0.6505581 0.4052404 -0.6106431 0.6636455 0.4320761 -0.371128 0.8959866 0.2438688 -0.3428479 0.9109268 0.2294947 -0.5648138 0.7360824 0.3730523 -0.5433268 0.7582107 0.3604337 -0.2856804 0.9417715 0.1773504 -0.2553909 0.9531087 0.1623552 -0.4776508 0.827315 0.2956344 -0.5021889 0.8075877 0.3092061 -0.1621631 0.9822273 0.09451363 -0.1939059 0.9748401 0.109942 -0.1627619 0.9858545 0.03999266 -0.1708545 0.9847049 0.03413193 -0.2189813 0.9751319 0.03413186 -0.4289378 0.8697942 0.2438655 -0.4016958 0.8865517 0.229492 -0.5917521 0.7210532 0.3604327 -0.6355747 0.6821922 0.3614671 -0.6117454 0.6975674 0.3730513 -0.6371848 0.681613 0.359721 -0.649717 0.6925088 0.3135275 -0.3171696 0.9343688 0.1623523 -0.3466652 0.9210694 0.1773539 -0.5539338 0.7730127 0.3092068 -0.5307357 0.794305 0.2956335 -0.2260598 0.9695175 0.09451367 -0.2572559 0.9600686 0.1099441 -0.2268946 0.973098 0.03999019 -0.2665831 0.9633381 0.0302206 -0.4849035 0.839877 0.2438756 -0.4588062 0.858387 0.2294967 -0.4061685 0.896423 0.1773495 -0.3776121 0.9116201 0.1623512 -0.5815539 0.7578893 0.2956327 -0.6033049 0.7351304 0.3092029 -0.3194855 0.9411913 0.1099457 -0.2900275 0.9560983 0.04195225 -0.3135372 0.9490948 0.03022364 -0.2889835 0.9526566 0.09451991 -0.5139793 0.8265324 0.2294985 -0.5387952 0.8063669 0.2438689 -0.4639154 0.8679459 0.177348 -0.4364196 0.8849743 0.1623527 -0.6475593 0.6972202 0.3074914 -0.6298758 0.7182338 0.2956293 -0.6769766 0.6859804 0.266709 -0.3803694 0.9182766 0.1099421 -0.3506772 0.9317149 0.09451332 -0.3519721 0.9351556 0.03999661 -0.3596931 0.9324462 0.03412955 -0.4049993 0.9136798 0.03412938 -0.5903847 0.7693977 0.2438713 -0.5669302 0.7911525 0.2294944 -0.4933667 0.8545371 0.1623441 -0.5197033 0.8357371 0.1773469 -0.4396065 0.8914367 0.1099397 -0.4108642 0.9067841 0.09451509 -0.4494065 0.8928157 0.03023086 -0.4123814 0.9101326 0.04000169 -0.6689719 0.7102905 0.2190068 -0.6707431 0.7217392 0.1708687 -0.6174579 0.7523797 0.2295005 -0.6394386 0.729138 0.2438769 -0.6605893 0.7139369 0.2321979 -0.573243 0.799962 0.1773509 -0.5481982 0.8204393 0.1623515 -0.4692779 0.8779778 0.09451613 -0.4969682 0.8607753 0.1099481 -0.4926729 0.8696896 0.03022119 -0.4709731 0.8811494 0.04195418 -0.6006866 0.782827 0.1623498 -0.6243346 0.7607591 0.1773467 -0.5522012 0.8264303 0.10994 -0.5276517 0.8485187 0.03999511 -0.5346855 0.8443613 0.03413671 -0.5754758 0.8171061 0.0341368 -0.5257102 0.8453966 0.09451658 -0.6505952 0.7418686 0.1623479 -0.6751411 0.7156456 0.1789857 -0.6947369 0.708774 0.1223933 -0.5820052 0.812201 0.03999231 -0.6149513 0.7879859 0.03021834 -0.5798637 0.8092125 0.09451535 -0.6050721 0.7885425 0.1099477 -0.6753962 0.7309529 0.09771283 -0.631557 0.7695466 0.09451859 -0.6787598 0.7333459 0.03858689 -0.6553454 0.7472852 0.1099417 -0.6849374 0.7248805 0.07354636 -0.6528746 0.7568628 0.03022275 -0.6338388 0.7723268 0.04194882</float_array>
          <technique_common>
            <accessor count="5656" source="#cubenormals-array0-array" stride="3">
              <param type="float" name="X"/>
              <param type="float" name="Y"/>
              <param type="float" name="Z"/>
            </accessor>
          </technique_common>
        </source>
        <vertices id="cubeverts-array0-vertices">
          <input semantic="POSITION" source="#cubeverts-array0"/>
        </vertices>
        <triangles count="5656" material="ref_finger_body_shape003">
          <input offset="0" semantic="VERTEX" source="#cubeverts-array0-vertices"/>
          <input offset="1" semantic="NORMAL" source="#cubenormals-array0"/>
          <p>0 0 1 0 2 0 1 1 3 1 2 1 3 2 4 2 2 2 5 3 4 3 3 3 5 4 6 4 4 4 7 5 8 5 5 5 5 6 9 6 7 6 8 7 10 7 5 7 5 8 11 8 9 8 10 9 12 9 5 9 12 10 13 10 5 10 13 11 14 11 5 11 15 12 16 12 3 12 3 13 17 13 15 13 16 14 18 14 3 14 3 15 18 15 5 15 5 16 18 16 11 16 3 17 19 17 17 17 18 18 20 18 11 18 11 19 20 19 21 19 14 20 22 20 5 20 3 21 23 21 19 21 20 22 24 22 21 22 21 23 24 23 25 23 3 24 26 24 23 24 22 25 27 25 5 25 24 26 28 26 25 26 25 27 28 27 29 27 29 28 30 28 31 28 28 29 30 29 29 29 27 30 32 30 5 30 31 31 33 31 34 31 30 32 33 32 31 32 32 33 35 33 5 33 34 34 36 34 37 34 33 35 36 35 34 35 35 36 38 36 5 36 36 37 39 37 37 37 37 38 39 38 40 38 38 39 41 39 5 39 40 40 42 40 43 40 39 41 42 41 40 41 41 42 44 42 5 42 43 43 45 43 46 43 42 44 45 44 43 44 44 45 47 45 5 45 46 46 48 46 49 46 45 47 48 47 46 47 49 48 50 48 51 48 48 49 50 49 49 49 51 50 52 50 53 50 50 51 52 51 51 51 53 52 54 52 55 52 52 53 54 53 53 53 54 54 56 54 55 54 3 55 57 55 26 55 26 56 57 56 58 56 57 57 59 57 58 57 58 58 59 58 60 58 3 59 61 59 57 59 59 60 62 60 60 60 60 61 62 61 63 61 3 62 64 62 61 62 62 63 65 63 63 63 63 64 65 64 66 64 54 65 67 65 56 65 3 66 68 66 64 66 65 67 69 67 66 67 66 68 69 68 70 68 3 69 71 69 68 69 69 70 72 70 70 70 70 71 72 71 73 71 67 72 74 72 56 72 3 73 75 73 71 73 72 74 76 74 73 74 73 75 76 75 77 75 67 76 78 76 74 76 3 77 79 77 75 77 76 78 80 78 77 78 77 79 80 79 81 79 80 80 82 80 81 80 81 81 82 81 83 81 82 82 84 82 83 82 83 83 84 83 85 83 84 84 86 84 85 84 85 85 86 85 87 85 87 86 88 86 89 86 86 87 88 87 87 87 89 88 90 88 91 88 88 89 90 89 89 89 90 90 92 90 91 90 91 91 93 91 94 91 92 92 93 92 91 92 93 93 95 93 94 93 94 94 95 94 96 94 97 95 98 95 99 95 100 96 98 96 97 96 101 97 98 97 100 97 102 98 98 98 101 98 103 99 98 99 102 99 74 100 98 100 103 100 78 101 98 101 74 101 78 102 104 102 98 102 105 103 104 103 78 103 106 104 104 104 105 104 107 105 104 105 106 105 108 106 104 106 107 106 109 107 104 107 108 107 109 108 110 108 104 108 111 109 112 109 113 109 114 110 112 110 111 110 115 111 112 111 114 111 116 112 112 112 115 112 117 113 112 113 116 113 118 114 119 114 120 114 113 115 119 115 118 115 112 116 119 116 113 116 119 117 121 117 120 117 122 118 121 118 47 118 123 119 121 119 122 119 124 120 121 120 123 120 125 121 121 121 124 121 120 122 121 122 125 122 47 123 121 123 5 123 126 124 127 124 128 124 129 125 127 125 126 125 130 126 127 126 129 126 131 127 127 127 130 127 132 128 127 128 131 128 96 129 127 129 132 129 95 130 133 130 96 130 134 131 133 131 95 131 135 132 133 132 134 132 136 133 133 133 135 133 137 134 133 134 136 134 138 135 133 135 137 135 96 136 133 136 127 136 138 137 139 137 133 137 140 138 141 138 142 138 143 139 144 139 140 139 140 140 144 140 141 140 141 141 145 141 142 141 142 142 145 142 146 142 147 143 148 143 143 143 143 144 148 144 144 144 146 145 149 145 150 145 145 146 149 146 146 146 79 147 151 147 147 147 3 148 151 148 79 148 147 149 151 149 148 149 150 150 152 150 153 150 149 151 152 151 150 151 3 152 154 152 151 152 152 153 155 153 153 153 153 154 155 154 156 154 3 155 157 155 154 155 155 156 158 156 156 156 156 157 158 157 159 157 3 158 160 158 157 158 159 159 161 159 162 159 158 160 161 160 159 160 3 161 163 161 160 161 161 162 164 162 162 162 162 163 164 163 165 163 3 164 166 164 163 164 164 165 167 165 165 165 165 166 167 166 168 166 3 167 169 167 166 167 167 168 170 168 168 168 168 169 170 169 171 169 170 170 172 170 171 170 171 171 173 171 174 171 172 172 173 172 171 172 174 173 175 173 176 173 173 174 175 174 174 174 177 175 178 175 179 175 180 176 178 176 177 176 181 177 178 177 180 177 182 178 178 178 181 178 183 179 178 179 182 179 176 180 178 180 183 180 184 181 185 181 175 181 186 182 185 182 184 182 187 183 185 183 186 183 188 184 185 184 187 184 176 185 185 185 178 185 175 186 185 186 176 186 188 187 189 187 185 187 189 188 190 188 185 188 191 189 192 189 193 189 191 190 194 190 192 190 195 191 194 191 191 191 192 192 196 192 193 192 193 193 196 193 197 193 198 194 199 194 195 194 195 195 199 195 194 195 197 196 200 196 201 196 196 197 200 197 197 197 202 198 203 198 198 198 198 199 203 199 199 199 200 200 204 200 201 200 201 201 204 201 205 201 169 202 206 202 202 202 202 203 206 203 203 203 205 204 207 204 208 204 204 205 207 205 205 205 169 206 209 206 206 206 3 207 209 207 169 207 207 208 210 208 208 208 208 209 210 209 211 209 3 210 212 210 209 210 210 211 213 211 211 211 211 212 213 212 214 212 3 213 215 213 212 213 213 214 216 214 214 214 214 215 216 215 217 215 3 216 218 216 215 216 216 217 219 217 217 217 220 218 219 218 221 218 217 219 219 219 220 219 3 220 222 220 218 220 219 221 223 221 221 221 221 222 223 222 224 222 3 223 225 223 222 223 226 224 227 224 228 224 229 225 227 225 226 225 230 226 227 226 229 226 231 227 227 227 230 227 232 228 227 228 231 228 224 229 227 229 232 229 223 230 233 230 224 230 224 231 233 231 227 231 233 232 234 232 227 232 235 233 234 233 233 233 236 234 234 234 235 234 237 235 234 235 236 235 237 236 238 236 234 236 238 237 239 237 234 237 239 238 240 238 234 238 241 239 242 239 243 239 244 240 245 240 241 240 241 241 245 241 242 241 243 242 246 242 247 242 242 243 246 243 243 243 248 244 249 244 244 244 244 245 249 245 245 245 246 246 250 246 247 246 247 247 250 247 251 247 252 248 253 248 248 248 248 249 253 249 249 249 254 250 255 250 256 250 257 251 255 251 254 251 258 252 255 252 257 252 259 253 255 253 258 253 260 254 255 254 259 254 261 255 255 255 260 255 250 256 262 256 251 256 251 257 262 257 263 257 264 258 265 258 252 258 252 259 265 259 253 259 262 260 266 260 263 260 263 261 266 261 267 261 264 262 268 262 265 262 269 263 268 263 264 263 267 264 270 264 271 264 266 265 270 265 267 265 269 266 272 266 268 266 273 267 272 267 269 267 270 268 274 268 271 268 273 269 275 269 272 269 276 270 275 270 273 270 271 271 277 271 278 271 274 272 277 272 271 272 3 273 279 273 225 273 276 274 279 274 275 274 225 275 279 275 276 275 277 276 280 276 278 276 278 277 280 277 261 277 281 278 282 278 283 278 284 279 285 279 280 279 261 280 285 280 255 280 280 281 285 281 261 281 284 282 286 282 285 282 281 283 287 283 282 283 286 284 288 284 285 284 281 285 289 285 287 285 288 286 290 286 285 286 281 287 291 287 289 287 290 288 292 288 285 288 292 289 293 289 285 289 294 290 295 290 296 290 297 291 295 291 294 291 298 292 295 292 297 292 299 293 295 293 298 293 300 294 295 294 299 294 301 295 295 295 300 295 302 296 303 296 304 296 302 297 305 297 303 297 306 298 305 298 302 298 303 299 307 299 304 299 304 300 307 300 308 300 306 301 309 301 305 301 310 302 309 302 306 302 307 303 311 303 308 303 308 304 311 304 312 304 310 305 313 305 309 305 314 306 313 306 310 306 311 307 315 307 312 307 312 308 315 308 316 308 314 309 317 309 313 309 318 310 317 310 314 310 315 311 319 311 316 311 320 312 319 312 321 312 316 313 319 313 320 313 318 314 322 314 317 314 323 315 322 315 318 315 319 316 324 316 321 316 321 317 324 317 301 317 323 318 325 318 322 318 326 319 325 319 323 319 295 320 327 320 328 320 324 321 327 321 301 321 301 322 327 322 295 322 326 323 329 323 325 323 330 324 329 324 326 324 327 325 331 325 328 325 330 326 332 326 329 326 291 327 332 327 330 327 331 328 333 328 328 328 291 329 334 329 332 329 281 330 334 330 291 330 333 331 335 331 328 331 281 332 336 332 334 332 335 333 337 333 328 333 281 334 338 334 336 334 337 335 339 335 328 335 281 336 340 336 338 336 339 337 341 337 328 337 281 338 342 338 340 338 281 339 343 339 342 339 281 340 344 340 343 340 345 341 346 341 347 341 348 342 346 342 345 342 349 343 346 343 348 343 350 344 346 344 349 344 351 345 346 345 350 345 352 346 346 346 351 346 352 347 353 347 346 347 354 348 355 348 356 348 357 349 358 349 354 349 354 350 358 350 355 350 356 351 359 351 360 351 355 352 359 352 356 352 357 353 361 353 358 353 362 354 361 354 357 354 359 355 363 355 360 355 364 356 365 356 362 356 362 357 365 357 361 357 363 358 366 358 360 358 360 359 366 359 367 359 364 360 368 360 365 360 369 361 368 361 364 361 366 362 370 362 367 362 367 363 370 363 352 363 352 364 370 364 353 364 371 365 372 365 369 365 369 366 372 366 368 366 370 367 373 367 353 367 371 368 374 368 372 368 375 369 374 369 371 369 373 370 376 370 353 370 377 371 378 371 375 371 375 372 378 372 374 372 376 373 379 373 353 373 377 374 380 374 378 374 381 375 380 375 377 375 379 376 382 376 353 376 381 377 383 377 380 377 384 378 383 378 381 378 382 379 385 379 353 379 386 380 387 380 384 380 384 381 387 381 383 381 385 382 388 382 353 382 386 383 389 383 387 383 344 384 389 384 386 384 281 385 389 385 344 385 281 386 390 386 389 386 281 387 391 387 390 387 281 388 392 388 391 388 281 389 393 389 392 389 281 390 394 390 393 390 281 391 395 391 394 391 281 392 396 392 395 392 397 393 398 393 399 393 400 394 398 394 397 394 401 395 398 395 400 395 402 396 398 396 401 396 403 397 398 397 402 397 404 398 398 398 403 398 405 399 406 399 407 399 408 400 406 400 405 400 406 401 409 401 407 401 407 402 409 402 404 402 410 403 411 403 408 403 408 404 411 404 406 404 398 405 412 405 413 405 409 406 412 406 404 406 404 407 412 407 398 407 410 408 414 408 411 408 415 409 414 409 410 409 412 410 416 410 413 410 415 411 417 411 414 411 418 412 417 412 415 412 416 413 419 413 413 413 418 414 420 414 417 414 421 415 420 415 418 415 419 416 422 416 413 416 421 417 423 417 420 417 424 418 423 418 421 418 422 419 425 419 413 419 424 420 426 420 423 420 427 421 426 421 424 421 425 422 428 422 413 422 427 423 429 423 426 423 430 424 429 424 427 424 428 425 431 425 413 425 430 426 432 426 429 426 433 427 432 427 430 427 433 428 434 428 432 428 435 429 434 429 433 429 435 430 436 430 434 430 437 431 436 431 435 431 437 432 438 432 436 432 396 433 438 433 437 433 396 434 439 434 438 434 281 435 439 435 396 435 281 436 440 436 439 436 281 437 441 437 440 437 281 438 442 438 441 438 281 439 443 439 442 439 281 440 444 440 443 440 281 441 445 441 444 441 281 442 446 442 445 442 281 443 447 443 446 443 448 444 449 444 450 444 451 445 449 445 448 445 452 446 449 446 451 446 453 447 449 447 452 447 454 448 449 448 453 448 455 449 449 449 454 449 455 450 456 450 449 450 457 451 458 451 455 451 455 452 458 452 456 452 458 453 459 453 456 453 460 454 461 454 457 454 457 455 461 455 458 455 459 456 462 456 456 456 460 457 463 457 461 457 462 458 464 458 456 458 460 459 465 459 463 459 466 460 465 460 460 460 464 461 467 461 456 461 468 462 469 462 466 462 466 463 469 463 465 463 467 464 470 464 456 464 468 465 471 465 469 465 472 466 471 466 468 466 470 467 473 467 456 467 474 468 475 468 472 468 472 469 475 469 471 469 476 470 477 470 474 470 474 471 477 471 475 471 476 472 478 472 477 472 479 473 478 473 476 473 480 474 481 474 479 474 479 475 481 475 478 475 480 476 482 476 481 476 483 477 482 477 480 477 484 478 485 478 483 478 483 479 485 479 482 479 484 480 486 480 485 480 487 481 486 481 484 481 488 482 489 482 487 482 487 483 489 483 486 483 447 484 490 484 488 484 488 485 490 485 489 485 281 486 490 486 447 486 281 487 491 487 490 487 281 488 492 488 491 488 281 489 493 489 492 489 281 490 494 490 493 490 281 491 495 491 494 491 281 492 496 492 495 492 281 493 497 493 496 493 498 494 499 494 500 494 501 495 499 495 498 495 502 496 499 496 501 496 503 497 499 497 502 497 504 498 499 498 503 498 505 499 499 499 504 499 506 500 507 500 508 500 508 501 509 501 506 501 507 502 510 502 508 502 508 503 511 503 509 503 499 504 511 504 508 504 505 505 511 505 499 505 510 506 512 506 508 506 505 507 513 507 511 507 514 508 513 508 505 508 512 509 515 509 508 509 514 510 516 510 513 510 517 511 516 511 514 511 518 512 516 512 517 512 518 513 519 513 516 513 520 514 519 514 518 514 520 515 521 515 519 515 522 516 521 516 520 516 522 517 523 517 521 517 524 518 523 518 522 518 524 519 525 519 523 519 526 520 525 520 524 520 526 521 527 521 525 521 528 522 527 522 526 522 528 523 529 523 527 523 530 524 529 524 528 524 530 525 531 525 529 525 532 526 531 526 530 526 532 527 533 527 531 527 534 528 533 528 532 528 534 529 535 529 533 529 536 530 535 530 534 530 536 531 537 531 535 531 538 532 537 532 536 532 538 533 539 533 537 533 540 534 539 534 538 534 540 535 541 535 539 535 497 536 541 536 540 536 497 537 542 537 541 537 281 538 542 538 497 538 281 539 543 539 542 539 544 540 545 540 546 540 547 541 545 541 544 541 548 542 545 542 547 542 549 543 545 543 548 543 550 544 545 544 549 544 551 545 545 545 550 545 552 546 553 546 554 546 554 547 555 547 552 547 553 548 556 548 554 548 554 549 557 549 555 549 554 550 558 550 557 550 545 551 559 551 554 551 554 552 559 552 558 552 551 553 559 553 545 553 560 554 561 554 551 554 551 555 561 555 559 555 560 556 562 556 561 556 563 557 562 557 560 557 564 558 562 558 563 558 564 559 565 559 562 559 566 560 565 560 564 560 566 561 567 561 565 561 568 562 567 562 566 562 568 563 569 563 567 563 570 564 569 564 568 564 570 565 571 565 569 565 572 566 571 566 570 566 572 567 573 567 571 567 574 568 573 568 572 568 574 569 575 569 573 569 576 570 575 570 574 570 577 571 578 571 576 571 576 572 578 572 575 572 579 573 580 573 577 573 577 574 580 574 578 574 581 575 582 575 579 575 579 576 582 576 580 576 581 577 583 577 582 577 584 578 583 578 581 578 584 579 585 579 583 579 586 580 585 580 584 580 586 581 587 581 585 581 588 582 589 582 590 582 591 583 589 583 588 583 592 584 589 584 591 584 593 585 589 585 592 585 594 586 589 586 593 586 595 587 589 587 594 587 595 588 596 588 589 588 596 589 597 589 598 589 596 590 599 590 597 590 596 591 600 591 599 591 596 592 601 592 600 592 596 593 602 593 601 593 595 594 603 594 596 594 604 595 603 595 595 595 596 596 603 596 602 596 604 597 605 597 603 597 606 598 605 598 604 598 606 599 607 599 605 599 606 600 608 600 607 600 609 601 608 601 606 601 609 602 610 602 608 602 611 603 610 603 609 603 611 604 612 604 610 604 613 605 612 605 611 605 614 606 615 606 613 606 613 607 615 607 612 607 616 608 617 608 614 608 614 609 617 609 615 609 616 610 618 610 617 610 619 611 618 611 616 611 619 612 620 612 618 612 621 613 620 613 619 613 621 614 622 614 620 614 623 615 622 615 621 615 623 616 624 616 622 616 625 617 624 617 623 617 625 618 626 618 624 618 627 619 626 619 625 619 627 620 628 620 626 620 629 621 628 621 627 621 630 622 631 622 586 622 629 623 631 623 628 623 632 624 631 624 630 624 633 625 631 625 632 625 634 626 631 626 635 626 636 627 631 627 633 627 637 628 631 628 634 628 638 629 631 629 636 629 639 630 631 630 637 630 543 631 631 631 638 631 640 632 631 632 639 632 641 633 631 633 640 633 642 634 631 634 641 634 586 635 631 635 587 635 643 636 631 636 642 636 628 637 631 637 643 637 281 638 631 638 543 638 644 639 631 639 629 639 645 640 631 640 644 640 646 641 631 641 645 641 647 642 631 642 646 642 648 643 631 643 647 643 649 644 631 644 648 644 650 645 631 645 649 645 651 646 631 646 650 646 587 647 631 647 651 647 652 648 653 648 654 648 655 649 653 649 652 649 656 650 653 650 655 650 657 651 653 651 656 651 658 652 653 652 657 652 659 653 660 653 658 653 661 654 660 654 659 654 658 655 660 655 653 655 662 656 663 656 661 656 664 657 663 657 662 657 665 658 663 658 664 658 666 659 663 659 665 659 667 660 663 660 666 660 661 661 663 661 660 661 668 662 669 662 667 662 670 663 669 663 668 663 671 664 669 664 670 664 672 665 669 665 671 665 673 666 669 666 672 666 674 667 669 667 673 667 675 668 669 668 674 668 676 669 669 669 675 669 635 670 669 670 676 670 631 671 669 671 635 671 667 672 669 672 663 672 3 673 281 673 283 673 3 674 283 674 279 674 663 675 669 675 677 675 677 676 669 676 678 676 669 677 631 677 679 677 679 678 680 678 681 678 631 679 680 679 679 679 681 680 682 680 683 680 680 681 682 681 681 681 683 682 684 682 685 682 682 683 684 683 683 683 685 684 686 684 687 684 687 685 686 685 688 685 684 686 686 686 685 686 688 687 689 687 690 687 686 688 689 688 688 688 689 689 691 689 690 689 690 690 691 690 692 690 692 691 693 691 694 691 694 692 693 692 695 692 691 693 693 693 692 693 695 694 696 694 697 694 693 695 696 695 695 695 697 696 698 696 699 696 696 697 698 697 697 697 699 698 700 698 701 698 698 699 700 699 699 699 701 700 702 700 703 700 703 701 702 701 704 701 700 702 702 702 701 702 704 703 705 703 706 703 702 704 705 704 704 704 706 705 707 705 708 705 705 706 707 706 706 706 708 707 709 707 710 707 707 708 709 708 708 708 710 709 711 709 712 709 709 710 711 710 710 710 712 711 713 711 714 711 711 712 713 712 712 712 714 713 715 713 716 713 713 714 715 714 714 714 716 715 717 715 718 715 715 716 717 716 716 716 718 717 719 717 720 717 720 718 719 718 721 718 717 719 719 719 718 719 721 720 722 720 723 720 719 721 722 721 721 721 723 722 724 722 725 722 722 723 724 723 723 723 725 724 726 724 727 724 724 725 726 725 725 725 727 726 728 726 729 726 726 727 728 727 727 727 729 728 730 728 731 728 728 729 730 729 729 729 731 730 732 730 733 730 730 731 732 731 731 731 733 732 734 732 735 732 732 733 734 733 733 733 735 734 736 734 737 734 737 735 736 735 738 735 734 736 736 736 735 736 738 737 739 737 740 737 736 738 739 738 738 738 740 739 741 739 742 739 739 740 741 740 740 740 741 741 743 741 742 741 742 742 743 742 744 742 743 743 745 743 744 743 744 744 745 744 746 744 745 745 747 745 746 745 746 746 747 746 748 746 660 747 663 747 677 747 660 748 677 748 749 748 653 749 749 749 750 749 653 750 660 750 749 750 654 751 750 751 751 751 654 752 653 752 750 752 631 753 281 753 752 753 281 754 753 754 752 754 752 755 754 755 755 755 755 756 754 756 756 756 753 757 754 757 752 757 754 758 757 758 756 758 756 759 758 759 759 759 757 760 758 760 756 760 759 761 760 761 761 761 761 762 760 762 762 762 758 763 760 763 759 763 760 764 763 764 762 764 762 765 764 765 765 765 765 766 764 766 766 766 763 767 764 767 762 767 764 768 767 768 766 768 767 769 768 769 766 769 766 770 768 770 769 770 769 771 770 771 771 771 768 772 770 772 769 772 771 773 772 773 773 773 773 774 772 774 774 774 770 775 772 775 771 775 772 776 775 776 774 776 774 777 776 777 777 777 775 778 776 778 774 778 777 779 778 779 779 779 776 780 778 780 777 780 779 781 780 781 781 781 781 782 780 782 782 782 778 783 780 783 779 783 780 784 783 784 782 784 782 785 784 785 785 785 785 786 784 786 786 786 783 787 784 787 782 787 784 788 787 788 786 788 786 789 788 789 789 789 787 790 788 790 786 790 789 791 790 791 791 791 791 792 790 792 792 792 788 793 790 793 789 793 790 794 793 794 792 794 792 795 794 795 795 795 795 796 794 796 796 796 793 797 794 797 792 797 794 798 797 798 796 798 796 799 798 799 799 799 797 800 798 800 796 800 799 801 800 801 801 801 801 802 800 802 802 802 798 803 800 803 799 803 800 804 803 804 802 804 802 805 804 805 805 805 805 806 804 806 806 806 803 807 804 807 802 807 806 808 807 808 808 808 804 809 807 809 806 809 807 810 809 810 808 810 808 811 810 811 811 811 811 812 810 812 812 812 809 813 810 813 808 813 812 814 813 814 814 814 810 815 813 815 812 815 813 816 815 816 814 816 654 817 751 817 652 817 751 818 816 818 652 818 816 819 817 819 652 819 652 820 817 820 655 820 817 821 818 821 655 821 655 822 818 822 656 822 656 823 818 823 657 823 818 824 819 824 657 824 819 825 820 825 657 825 657 826 820 826 658 826 820 827 821 827 658 827 658 828 821 828 659 828 821 829 822 829 659 829 659 830 822 830 661 830 822 831 823 831 661 831 661 832 823 832 662 832 823 833 824 833 662 833 662 834 824 834 664 834 664 835 824 835 665 835 824 836 825 836 665 836 825 837 826 837 665 837 665 838 826 838 666 838 666 839 826 839 667 839 826 840 827 840 667 840 827 841 828 841 667 841 667 842 828 842 668 842 668 843 828 843 670 843 828 844 829 844 670 844 670 845 829 845 671 845 829 846 830 846 671 846 671 847 831 847 672 847 830 848 831 848 671 848 672 849 832 849 673 849 831 850 832 850 672 850 673 851 833 851 674 851 832 852 833 852 673 852 674 853 834 853 675 853 833 854 834 854 674 854 675 855 835 855 676 855 676 856 835 856 635 856 834 857 835 857 675 857 835 858 836 858 635 858 635 859 837 859 634 859 836 860 837 860 635 860 634 861 838 861 637 861 837 862 838 862 634 862 637 863 839 863 639 863 838 864 839 864 637 864 639 865 840 865 640 865 839 866 840 866 639 866 840 867 841 867 640 867 640 868 841 868 641 868 841 869 842 869 641 869 641 870 842 870 642 870 842 871 843 871 642 871 642 872 843 872 643 872 643 873 843 873 628 873 843 874 844 874 628 874 844 875 845 875 628 875 628 876 845 876 626 876 845 877 846 877 626 877 626 878 846 878 624 878 846 879 847 879 624 879 624 880 847 880 622 880 847 881 848 881 622 881 622 882 848 882 620 882 620 883 848 883 618 883 848 884 849 884 618 884 849 885 850 885 618 885 618 886 850 886 617 886 850 887 851 887 617 887 617 888 851 888 615 888 615 889 851 889 612 889 851 890 852 890 612 890 612 891 852 891 610 891 852 892 853 892 610 892 853 893 854 893 610 893 610 894 854 894 608 894 608 895 854 895 607 895 854 896 855 896 607 896 607 897 855 897 605 897 855 898 856 898 605 898 856 899 857 899 605 899 605 900 857 900 603 900 857 901 858 901 603 901 603 902 858 902 602 902 858 903 859 903 602 903 602 904 859 904 601 904 601 905 859 905 600 905 859 906 860 906 600 906 860 907 861 907 600 907 600 908 861 908 599 908 861 909 862 909 599 909 599 910 862 910 597 910 862 911 863 911 597 911 597 912 863 912 598 912 281 913 3 913 864 913 864 914 865 914 866 914 3 915 865 915 864 915 866 916 867 916 868 916 865 917 867 917 866 917 868 918 869 918 870 918 867 919 869 919 868 919 870 920 871 920 872 920 869 921 871 921 870 921 872 922 873 922 874 922 871 923 873 923 872 923 874 924 875 924 876 924 873 925 875 925 874 925 876 926 877 926 878 926 875 927 877 927 876 927 877 928 879 928 878 928 878 929 879 929 880 929 879 930 881 930 880 930 880 931 881 931 882 931 882 932 883 932 884 932 881 933 883 933 882 933 884 934 885 934 886 934 883 935 885 935 884 935 886 936 887 936 888 936 885 937 887 937 886 937 888 938 889 938 890 938 887 939 889 939 888 939 890 940 891 940 892 940 889 941 891 941 890 941 892 942 893 942 894 942 891 943 893 943 892 943 894 944 895 944 896 944 893 945 895 945 894 945 896 946 897 946 898 946 895 947 897 947 896 947 898 948 899 948 900 948 897 949 899 949 898 949 900 950 901 950 902 950 899 951 901 951 900 951 902 952 903 952 904 952 901 953 903 953 902 953 904 954 905 954 906 954 903 955 905 955 904 955 906 956 907 956 908 956 905 957 907 957 906 957 908 958 909 958 910 958 907 959 909 959 908 959 910 960 911 960 912 960 909 961 911 961 910 961 912 962 913 962 914 962 911 963 913 963 912 963 914 964 915 964 916 964 913 965 915 965 914 965 916 966 917 966 918 966 915 967 917 967 916 967 918 968 919 968 920 968 917 969 919 969 918 969 920 970 921 970 922 970 919 971 921 971 920 971 921 972 923 972 922 972 922 973 924 973 925 973 925 974 924 974 926 974 923 975 924 975 922 975 924 976 927 976 926 976 596 977 598 977 863 977 596 978 863 978 928 978 589 979 928 979 929 979 589 980 596 980 928 980 590 981 929 981 930 981 590 982 589 982 929 982 931 983 932 983 933 983 934 984 932 984 931 984 935 985 932 985 934 985 936 986 932 986 935 986 937 987 932 987 936 987 938 988 932 988 937 988 939 989 932 989 938 989 940 990 932 990 939 990 941 991 932 991 940 991 942 992 932 992 941 992 943 993 932 993 942 993 944 994 932 994 943 994 945 995 932 995 944 995 946 996 932 996 945 996 947 997 932 997 946 997 947 998 948 998 932 998 948 999 949 999 932 999 949 1000 950 1000 932 1000 950 1001 951 1001 932 1001 951 1002 952 1002 932 1002 952 1003 953 1003 932 1003 953 1004 954 1004 932 1004 954 1005 955 1005 932 1005 955 1006 956 1006 932 1006 956 1007 957 1007 932 1007 957 1008 958 1008 932 1008 959 1009 958 1009 957 1009 960 1010 958 1010 959 1010 961 1011 958 1011 960 1011 962 1012 958 1012 961 1012 963 1013 958 1013 962 1013 964 1014 958 1014 963 1014 964 1015 927 1015 958 1015 869 1016 1 1016 871 1016 871 1017 1 1017 873 1017 873 1018 1 1018 875 1018 875 1019 1 1019 877 1019 877 1020 1 1020 879 1020 879 1021 1 1021 881 1021 881 1022 1 1022 883 1022 883 1023 1 1023 885 1023 885 1024 1 1024 887 1024 887 1025 1 1025 889 1025 889 1026 1 1026 891 1026 891 1027 1 1027 893 1027 893 1028 1 1028 895 1028 895 1029 1 1029 897 1029 897 1030 1 1030 899 1030 899 1031 1 1031 901 1031 901 1032 1 1032 903 1032 903 1033 1 1033 905 1033 905 1034 1 1034 907 1034 907 1035 1 1035 909 1035 909 1036 1 1036 911 1036 911 1037 1 1037 913 1037 913 1038 1 1038 915 1038 927 1039 0 1039 958 1039 1 1040 0 1040 915 1040 915 1041 0 1041 917 1041 917 1042 0 1042 919 1042 919 1043 0 1043 921 1043 921 1044 0 1044 923 1044 923 1045 0 1045 924 1045 924 1046 0 1046 927 1046 932 1047 965 1047 933 1047 3 1048 1 1048 865 1048 865 1049 1 1049 867 1049 867 1050 1 1050 869 1050 590 1051 930 1051 588 1051 930 1052 966 1052 588 1052 966 1053 967 1053 588 1053 588 1054 967 1054 591 1054 967 1055 968 1055 591 1055 591 1056 968 1056 592 1056 968 1057 969 1057 592 1057 592 1058 969 1058 593 1058 593 1059 969 1059 594 1059 969 1060 970 1060 594 1060 970 1061 971 1061 594 1061 594 1062 971 1062 595 1062 595 1063 971 1063 604 1063 971 1064 972 1064 604 1064 972 1065 973 1065 604 1065 604 1066 973 1066 606 1066 973 1067 974 1067 606 1067 606 1068 974 1068 609 1068 974 1069 975 1069 609 1069 609 1070 975 1070 611 1070 975 1071 976 1071 611 1071 611 1072 976 1072 613 1072 976 1073 977 1073 613 1073 613 1074 977 1074 614 1074 977 1075 978 1075 614 1075 614 1076 978 1076 616 1076 978 1077 979 1077 616 1077 616 1078 979 1078 619 1078 979 1079 980 1079 619 1079 619 1080 980 1080 621 1080 621 1081 981 1081 623 1081 980 1082 981 1082 621 1082 623 1083 981 1083 625 1083 981 1084 982 1084 625 1084 625 1085 983 1085 627 1085 982 1086 983 1086 625 1086 627 1087 984 1087 629 1087 629 1088 984 1088 644 1088 983 1089 984 1089 627 1089 984 1090 985 1090 644 1090 644 1091 986 1091 645 1091 985 1092 986 1092 644 1092 645 1093 987 1093 646 1093 646 1094 987 1094 647 1094 986 1095 987 1095 645 1095 987 1096 988 1096 647 1096 647 1097 989 1097 648 1097 988 1098 989 1098 647 1098 648 1099 990 1099 649 1099 649 1100 990 1100 650 1100 989 1101 990 1101 648 1101 990 1102 991 1102 650 1102 991 1103 992 1103 650 1103 650 1104 992 1104 651 1104 651 1105 992 1105 587 1105 992 1106 993 1106 587 1106 993 1107 994 1107 587 1107 587 1108 994 1108 585 1108 994 1109 995 1109 585 1109 585 1110 995 1110 583 1110 583 1111 995 1111 582 1111 995 1112 996 1112 582 1112 996 1113 997 1113 582 1113 582 1114 997 1114 580 1114 580 1115 997 1115 578 1115 997 1116 998 1116 578 1116 578 1117 998 1117 575 1117 998 1118 999 1118 575 1118 999 1119 1000 1119 575 1119 575 1120 1000 1120 573 1120 1000 1121 1001 1121 573 1121 573 1122 1001 1122 571 1122 571 1123 1001 1123 569 1123 1001 1124 1002 1124 569 1124 1002 1125 1003 1125 569 1125 569 1126 1003 1126 567 1126 1003 1127 1004 1127 567 1127 567 1128 1004 1128 565 1128 1004 1129 1005 1129 565 1129 565 1130 1005 1130 562 1130 1005 1131 1006 1131 562 1131 562 1132 1006 1132 561 1132 561 1133 1006 1133 559 1133 1006 1134 1007 1134 559 1134 559 1135 1007 1135 558 1135 1007 1136 1008 1136 558 1136 1008 1137 1009 1137 558 1137 558 1138 1009 1138 557 1138 1009 1139 1010 1139 557 1139 557 1140 1010 1140 555 1140 555 1141 1010 1141 552 1141 1010 1142 1011 1142 552 1142 1011 1143 1012 1143 552 1143 552 1144 1012 1144 553 1144 1012 1145 1013 1145 553 1145 553 1146 1013 1146 556 1146 556 1147 1013 1147 1014 1147 554 1148 556 1148 1014 1148 545 1149 1014 1149 1015 1149 545 1150 554 1150 1014 1150 546 1151 1015 1151 1016 1151 546 1152 545 1152 1015 1152 958 1153 1017 1153 1018 1153 1019 1154 1020 1154 1017 1154 958 1155 0 1155 1017 1155 1017 1156 0 1156 1019 1156 0 1157 2 1157 1019 1157 1019 1158 1021 1158 1020 1158 546 1159 1016 1159 544 1159 1016 1160 1022 1160 544 1160 1022 1161 1023 1161 544 1161 544 1162 1023 1162 547 1162 1023 1163 1024 1163 547 1163 547 1164 1024 1164 548 1164 1024 1165 1025 1165 548 1165 548 1166 1025 1166 549 1166 1025 1167 1026 1167 549 1167 549 1168 1026 1168 550 1168 550 1169 1026 1169 551 1169 1026 1170 1027 1170 551 1170 1027 1171 1028 1171 551 1171 551 1172 1028 1172 560 1172 1028 1173 1029 1173 560 1173 560 1174 1029 1174 563 1174 1029 1175 1030 1175 563 1175 563 1176 1030 1176 564 1176 1030 1177 1031 1177 564 1177 564 1178 1031 1178 566 1178 1031 1179 1032 1179 566 1179 566 1180 1032 1180 568 1180 1032 1181 1033 1181 568 1181 568 1182 1033 1182 570 1182 1033 1183 1034 1183 570 1183 570 1184 1034 1184 572 1184 1034 1185 1035 1185 572 1185 572 1186 1035 1186 574 1186 1035 1187 1036 1187 574 1187 574 1188 1036 1188 576 1188 576 1189 1036 1189 577 1189 1036 1190 1037 1190 577 1190 577 1191 1038 1191 579 1191 579 1192 1038 1192 581 1192 1037 1193 1038 1193 577 1193 1038 1194 1039 1194 581 1194 581 1195 1040 1195 584 1195 584 1196 1040 1196 586 1196 1039 1197 1040 1197 581 1197 1040 1198 1041 1198 586 1198 586 1199 1042 1199 630 1199 630 1200 1042 1200 632 1200 1041 1201 1042 1201 586 1201 1042 1202 1043 1202 632 1202 632 1203 1044 1203 633 1203 1043 1204 1044 1204 632 1204 633 1205 1045 1205 636 1205 1044 1206 1045 1206 633 1206 636 1207 1046 1207 638 1207 1045 1208 1046 1208 636 1208 1046 1209 1047 1209 638 1209 638 1210 1047 1210 543 1210 1047 1211 1048 1211 543 1211 543 1212 1048 1212 542 1212 542 1213 1048 1213 541 1213 1048 1214 1049 1214 541 1214 541 1215 1049 1215 539 1215 1049 1216 1050 1216 539 1216 1050 1217 1051 1217 539 1217 539 1218 1051 1218 537 1218 1051 1219 1052 1219 537 1219 537 1220 1052 1220 535 1220 535 1221 1052 1221 533 1221 1052 1222 1053 1222 533 1222 1053 1223 1054 1223 533 1223 533 1224 1054 1224 531 1224 531 1225 1054 1225 529 1225 1054 1226 1055 1226 529 1226 1055 1227 1056 1227 529 1227 529 1228 1056 1228 527 1228 1056 1229 1057 1229 527 1229 527 1230 1057 1230 525 1230 1057 1231 1058 1231 525 1231 525 1232 1058 1232 523 1232 523 1233 1058 1233 521 1233 1058 1234 1059 1234 521 1234 1059 1235 1060 1235 521 1235 521 1236 1060 1236 519 1236 1060 1237 1061 1237 519 1237 519 1238 1061 1238 516 1238 1061 1239 1062 1239 516 1239 516 1240 1062 1240 513 1240 1062 1241 1063 1241 513 1241 513 1242 1063 1242 511 1242 1063 1243 1064 1243 511 1243 511 1244 1064 1244 509 1244 1064 1245 1065 1245 509 1245 509 1246 1065 1246 506 1246 1065 1247 1066 1247 506 1247 506 1248 1066 1248 507 1248 1066 1249 1067 1249 507 1249 507 1250 1067 1250 510 1250 1067 1251 1068 1251 510 1251 510 1252 1068 1252 512 1252 1068 1253 1069 1253 512 1253 512 1254 1069 1254 515 1254 2 1255 1070 1255 1019 1255 2 1256 4 1256 1070 1256 508 1257 515 1257 1069 1257 508 1258 1069 1258 1071 1258 499 1259 1071 1259 1072 1259 499 1260 508 1260 1071 1260 500 1261 1072 1261 1073 1261 500 1262 499 1262 1072 1262 1074 1263 1075 1263 1076 1263 1077 1264 1070 1264 1078 1264 1078 1265 1070 1265 1075 1265 4 1266 6 1266 1070 1266 6 1267 1076 1267 1070 1267 1070 1268 1076 1268 1075 1268 1073 1269 1079 1269 500 1269 500 1270 1079 1270 498 1270 498 1271 1079 1271 501 1271 1079 1272 1080 1272 501 1272 1080 1273 1081 1273 501 1273 501 1274 1081 1274 502 1274 1081 1275 1082 1275 502 1275 502 1276 1082 1276 503 1276 1082 1277 1083 1277 503 1277 503 1278 1083 1278 504 1278 1083 1279 1084 1279 504 1279 504 1280 1084 1280 505 1280 505 1281 1084 1281 514 1281 1084 1282 1085 1282 514 1282 1085 1283 1086 1283 514 1283 514 1284 1086 1284 517 1284 1086 1285 1087 1285 517 1285 517 1286 1087 1286 518 1286 1087 1287 1088 1287 518 1287 518 1288 1088 1288 520 1288 1088 1289 1089 1289 520 1289 520 1290 1089 1290 522 1290 1089 1291 1090 1291 522 1291 522 1292 1090 1292 524 1292 1090 1293 1091 1293 524 1293 524 1294 1091 1294 526 1294 526 1295 1091 1295 528 1295 1091 1296 1092 1296 528 1296 1092 1297 1093 1297 528 1297 528 1298 1093 1298 530 1298 530 1299 1094 1299 532 1299 1093 1300 1094 1300 530 1300 532 1301 1094 1301 534 1301 1094 1302 1095 1302 534 1302 534 1303 1096 1303 536 1303 1095 1304 1096 1304 534 1304 536 1305 1097 1305 538 1305 538 1306 1097 1306 540 1306 1096 1307 1097 1307 536 1307 1097 1308 1098 1308 540 1308 540 1309 1099 1309 497 1309 1098 1310 1099 1310 540 1310 497 1311 1100 1311 496 1311 496 1312 1100 1312 495 1312 1099 1313 1100 1313 497 1313 1100 1314 1101 1314 495 1314 495 1315 1102 1315 494 1315 1101 1316 1102 1316 495 1316 494 1317 1103 1317 493 1317 1102 1318 1103 1318 494 1318 1103 1319 1104 1319 493 1319 493 1320 1104 1320 492 1320 492 1321 1104 1321 491 1321 1104 1322 1105 1322 491 1322 1105 1323 1106 1323 491 1323 491 1324 1106 1324 490 1324 1106 1325 1107 1325 490 1325 490 1326 1107 1326 489 1326 1107 1327 1108 1327 489 1327 489 1328 1108 1328 486 1328 1108 1329 1109 1329 486 1329 486 1330 1109 1330 485 1330 1109 1331 1110 1331 485 1331 485 1332 1110 1332 482 1332 1110 1333 1111 1333 482 1333 482 1334 1111 1334 481 1334 481 1335 1111 1335 478 1335 1111 1336 1112 1336 478 1336 1112 1337 1113 1337 478 1337 478 1338 1113 1338 477 1338 1113 1339 1114 1339 477 1339 477 1340 1114 1340 475 1340 475 1341 1114 1341 471 1341 1114 1342 1115 1342 471 1342 1115 1343 1116 1343 471 1343 471 1344 1116 1344 469 1344 1116 1345 1117 1345 469 1345 469 1346 1117 1346 465 1346 465 1347 1117 1347 463 1347 1117 1348 1118 1348 463 1348 1118 1349 1119 1349 463 1349 463 1350 1119 1350 461 1350 1119 1351 1120 1351 461 1351 461 1352 1120 1352 458 1352 458 1353 1120 1353 459 1353 1120 1354 1121 1354 459 1354 1121 1355 1122 1355 459 1355 459 1356 1122 1356 462 1356 1122 1357 1123 1357 462 1357 462 1358 1123 1358 464 1358 1123 1359 1124 1359 464 1359 464 1360 1124 1360 467 1360 1124 1361 1125 1361 467 1361 467 1362 1125 1362 470 1362 1125 1363 1126 1363 470 1363 470 1364 1126 1364 473 1364 6 1365 5 1365 1127 1365 6 1366 1127 1366 1076 1366 456 1367 473 1367 1126 1367 456 1368 1126 1368 1128 1368 449 1369 1128 1369 1129 1369 449 1370 456 1370 1128 1370 450 1371 1129 1371 1130 1371 450 1372 449 1372 1129 1372 5 1373 121 1373 1127 1373 1127 1374 121 1374 1131 1374 1130 1375 1132 1375 450 1375 450 1376 1132 1376 448 1376 1132 1377 1133 1377 448 1377 448 1378 1133 1378 451 1378 1133 1379 1134 1379 451 1379 451 1380 1134 1380 452 1380 1134 1381 1135 1381 452 1381 452 1382 1135 1382 453 1382 1135 1383 1136 1383 453 1383 453 1384 1136 1384 454 1384 1136 1385 1137 1385 454 1385 454 1386 1137 1386 455 1386 1137 1387 1138 1387 455 1387 455 1388 1138 1388 457 1388 1138 1389 1139 1389 457 1389 457 1390 1139 1390 460 1390 1139 1391 1140 1391 460 1391 460 1392 1140 1392 466 1392 1140 1393 1141 1393 466 1393 466 1394 1141 1394 468 1394 1141 1395 1142 1395 468 1395 468 1396 1142 1396 472 1396 1142 1397 1143 1397 472 1397 472 1398 1143 1398 474 1398 474 1399 1143 1399 476 1399 1143 1400 1144 1400 476 1400 476 1401 1144 1401 479 1401 1144 1402 1145 1402 479 1402 479 1403 1145 1403 480 1403 1145 1404 1146 1404 480 1404 480 1405 1147 1405 483 1405 1146 1406 1147 1406 480 1406 483 1407 1148 1407 484 1407 1147 1408 1148 1408 483 1408 484 1409 1149 1409 487 1409 1148 1410 1149 1410 484 1410 487 1411 1150 1411 488 1411 1149 1412 1150 1412 487 1412 488 1413 1151 1413 447 1413 447 1414 1151 1414 446 1414 1150 1415 1151 1415 488 1415 1151 1416 1152 1416 446 1416 446 1417 1153 1417 445 1417 1152 1418 1153 1418 446 1418 445 1419 1154 1419 444 1419 444 1420 1154 1420 443 1420 1153 1421 1154 1421 445 1421 1154 1422 1155 1422 443 1422 1155 1423 1156 1423 443 1423 443 1424 1156 1424 442 1424 1156 1425 1157 1425 442 1425 442 1426 1157 1426 441 1426 1157 1427 1158 1427 441 1427 441 1428 1158 1428 440 1428 1158 1429 1159 1429 440 1429 440 1430 1159 1430 439 1430 1159 1431 1160 1431 439 1431 439 1432 1160 1432 438 1432 438 1433 1160 1433 436 1433 1160 1434 1161 1434 436 1434 1161 1435 1162 1435 436 1435 436 1436 1162 1436 434 1436 1162 1437 1163 1437 434 1437 434 1438 1163 1438 432 1438 1163 1439 1164 1439 432 1439 432 1440 1164 1440 429 1440 429 1441 1164 1441 426 1441 1164 1442 1165 1442 426 1442 426 1443 1165 1443 423 1443 1165 1444 1166 1444 423 1444 1166 1445 1167 1445 423 1445 423 1446 1167 1446 420 1446 420 1447 1167 1447 417 1447 1167 1448 1168 1448 417 1448 1168 1449 1169 1449 417 1449 417 1450 1169 1450 414 1450 1169 1451 1170 1451 414 1451 414 1452 1170 1452 411 1452 1170 1453 1171 1453 411 1453 411 1454 1171 1454 406 1454 1171 1455 1172 1455 406 1455 406 1456 1172 1456 409 1456 409 1457 1172 1457 412 1457 1172 1458 1173 1458 412 1458 1173 1459 1174 1459 412 1459 412 1460 1174 1460 416 1460 1174 1461 1175 1461 416 1461 416 1462 1175 1462 419 1462 419 1463 1175 1463 422 1463 1175 1464 1176 1464 422 1464 422 1465 1176 1465 425 1465 1176 1466 1177 1466 425 1466 1177 1467 1178 1467 425 1467 425 1468 1178 1468 428 1468 1178 1469 1179 1469 428 1469 428 1470 1179 1470 431 1470 112 1471 117 1471 1180 1471 112 1472 1180 1472 1181 1472 119 1473 1181 1473 1182 1473 119 1474 112 1474 1181 1474 121 1475 1182 1475 1131 1475 121 1476 119 1476 1182 1476 413 1477 431 1477 1179 1477 413 1478 1179 1478 1183 1478 398 1479 1183 1479 1184 1479 398 1480 1184 1480 1185 1480 398 1481 413 1481 1183 1481 399 1482 398 1482 1185 1482 1186 1483 1187 1483 99 1483 99 1484 1187 1484 97 1484 1187 1485 1188 1485 97 1485 97 1486 1188 1486 100 1486 1188 1487 1189 1487 100 1487 100 1488 1189 1488 101 1488 1189 1489 1190 1489 101 1489 101 1490 1190 1490 102 1490 1190 1491 1191 1491 102 1491 102 1492 1191 1492 103 1492 1191 1493 1192 1493 103 1493 103 1494 1192 1494 74 1494 1192 1495 1193 1495 74 1495 74 1496 1193 1496 56 1496 1193 1497 1194 1497 56 1497 56 1498 1194 1498 55 1498 1194 1499 1195 1499 55 1499 55 1500 1195 1500 53 1500 53 1501 1195 1501 51 1501 1195 1502 1196 1502 51 1502 1196 1503 1197 1503 51 1503 51 1504 1197 1504 49 1504 1197 1505 1198 1505 49 1505 49 1506 1198 1506 46 1506 1198 1507 1199 1507 46 1507 46 1508 1199 1508 43 1508 43 1509 1199 1509 40 1509 1199 1510 1200 1510 40 1510 1200 1511 1201 1511 40 1511 40 1512 1201 1512 37 1512 37 1513 1202 1513 34 1513 1201 1514 1202 1514 37 1514 34 1515 1203 1515 31 1515 1202 1516 1203 1516 34 1516 31 1517 1204 1517 29 1517 1203 1518 1204 1518 31 1518 29 1519 1205 1519 25 1519 1204 1520 1205 1520 29 1520 25 1521 1206 1521 21 1521 21 1522 1206 1522 11 1522 1205 1523 1206 1523 25 1523 1206 1524 1207 1524 11 1524 11 1525 1208 1525 9 1525 9 1526 1208 1526 7 1526 1207 1527 1208 1527 11 1527 1208 1528 1209 1528 7 1528 7 1529 1210 1529 8 1529 1209 1530 1210 1530 7 1530 8 1531 1211 1531 10 1531 1210 1532 1211 1532 8 1532 1211 1533 1212 1533 10 1533 10 1534 1212 1534 12 1534 1212 1535 1213 1535 12 1535 12 1536 1213 1536 13 1536 1213 1537 1214 1537 13 1537 13 1538 1214 1538 14 1538 1214 1539 1215 1539 14 1539 14 1540 1215 1540 22 1540 1215 1541 1216 1541 22 1541 22 1542 1216 1542 27 1542 1216 1543 1217 1543 27 1543 27 1544 1217 1544 32 1544 32 1545 1217 1545 35 1545 1217 1546 1218 1546 35 1546 1218 1547 1219 1547 35 1547 35 1548 1219 1548 38 1548 38 1549 1219 1549 41 1549 1219 1550 1220 1550 41 1550 1220 1551 1221 1551 41 1551 41 1552 1221 1552 44 1552 1221 1553 1222 1553 44 1553 44 1554 1222 1554 47 1554 1222 1555 1223 1555 47 1555 47 1556 1223 1556 122 1556 122 1557 1223 1557 123 1557 1223 1558 1224 1558 123 1558 1224 1559 1225 1559 123 1559 123 1560 1225 1560 124 1560 1225 1561 1226 1561 124 1561 124 1562 1226 1562 125 1562 1226 1563 1227 1563 125 1563 125 1564 1227 1564 120 1564 1227 1565 1228 1565 120 1565 120 1566 1228 1566 118 1566 1228 1567 1229 1567 118 1567 118 1568 1229 1568 113 1568 1229 1569 1230 1569 113 1569 113 1570 1230 1570 111 1570 1230 1571 1231 1571 111 1571 111 1572 1231 1572 114 1572 1231 1573 1232 1573 114 1573 114 1574 1232 1574 115 1574 115 1575 1232 1575 116 1575 1232 1576 1233 1576 116 1576 1233 1577 1180 1577 116 1577 116 1578 1180 1578 117 1578 1185 1579 1234 1579 399 1579 399 1580 1234 1580 397 1580 1234 1581 1235 1581 397 1581 397 1582 1235 1582 400 1582 1235 1583 1236 1583 400 1583 400 1584 1236 1584 401 1584 1236 1585 1237 1585 401 1585 401 1586 1237 1586 402 1586 1237 1587 1238 1587 402 1587 402 1588 1238 1588 403 1588 1238 1589 1239 1589 403 1589 403 1590 1239 1590 404 1590 1239 1591 1240 1591 404 1591 404 1592 1240 1592 407 1592 1240 1593 1241 1593 407 1593 407 1594 1241 1594 405 1594 1241 1595 1242 1595 405 1595 405 1596 1242 1596 408 1596 1242 1597 1243 1597 408 1597 408 1598 1243 1598 410 1598 410 1599 1243 1599 415 1599 1243 1600 1244 1600 415 1600 1244 1601 1245 1601 415 1601 415 1602 1245 1602 418 1602 418 1603 1245 1603 421 1603 1245 1604 1246 1604 421 1604 421 1605 1246 1605 424 1605 1246 1606 1247 1606 424 1606 1247 1607 1248 1607 424 1607 424 1608 1248 1608 427 1608 427 1609 1249 1609 430 1609 1248 1610 1249 1610 427 1610 430 1611 1250 1611 433 1611 1249 1612 1250 1612 430 1612 433 1613 1251 1613 435 1613 1250 1614 1251 1614 433 1614 435 1615 1252 1615 437 1615 1251 1616 1252 1616 435 1616 437 1617 1253 1617 396 1617 1252 1618 1253 1618 437 1618 396 1619 1254 1619 395 1619 1253 1620 1254 1620 396 1620 395 1621 1255 1621 394 1621 1254 1622 1255 1622 395 1622 394 1623 1256 1623 393 1623 1255 1624 1256 1624 394 1624 393 1625 1257 1625 392 1625 1256 1626 1257 1626 393 1626 392 1627 1258 1627 391 1627 391 1628 1258 1628 390 1628 1257 1629 1258 1629 392 1629 1258 1630 1259 1630 390 1630 1259 1631 1260 1631 390 1631 390 1632 1260 1632 389 1632 1260 1633 1261 1633 389 1633 389 1634 1261 1634 387 1634 1261 1635 1262 1635 387 1635 387 1636 1262 1636 383 1636 1262 1637 1263 1637 383 1637 383 1638 1263 1638 380 1638 1263 1639 1264 1639 380 1639 380 1640 1264 1640 378 1640 1264 1641 1265 1641 378 1641 378 1642 1265 1642 374 1642 1265 1643 1266 1643 374 1643 374 1644 1266 1644 372 1644 1266 1645 1267 1645 372 1645 372 1646 1267 1646 368 1646 1267 1647 1268 1647 368 1647 368 1648 1268 1648 365 1648 365 1649 1268 1649 361 1649 1268 1650 1269 1650 361 1650 1269 1651 1270 1651 361 1651 361 1652 1270 1652 358 1652 1270 1653 1271 1653 358 1653 358 1654 1271 1654 355 1654 1271 1655 1272 1655 355 1655 355 1656 1272 1656 359 1656 1272 1657 1273 1657 359 1657 359 1658 1273 1658 363 1658 1273 1659 1274 1659 363 1659 363 1660 1274 1660 366 1660 1274 1661 1275 1661 366 1661 366 1662 1275 1662 370 1662 1275 1663 1276 1663 370 1663 370 1664 1276 1664 373 1664 1276 1665 1277 1665 373 1665 373 1666 1277 1666 376 1666 1277 1667 1278 1667 376 1667 376 1668 1278 1668 379 1668 1278 1669 1279 1669 379 1669 379 1670 1279 1670 382 1670 1279 1671 1280 1671 382 1671 382 1672 1280 1672 385 1672 385 1673 1280 1673 388 1673 1280 1674 1281 1674 388 1674 110 1675 1282 1675 1283 1675 104 1676 110 1676 1283 1676 98 1677 1283 1677 1284 1677 98 1678 104 1678 1283 1678 99 1679 1284 1679 1186 1679 99 1680 98 1680 1284 1680 353 1681 388 1681 1281 1681 353 1682 1281 1682 1285 1682 346 1683 1285 1683 1286 1683 346 1684 353 1684 1285 1684 347 1685 1286 1685 1287 1685 347 1686 346 1686 1286 1686 1288 1687 1289 1687 128 1687 128 1688 1289 1688 126 1688 1289 1689 1290 1689 126 1689 126 1690 1290 1690 129 1690 129 1691 1290 1691 130 1691 1290 1692 1291 1692 130 1692 1291 1693 1292 1693 130 1693 130 1694 1292 1694 131 1694 131 1695 1292 1695 132 1695 1292 1696 1293 1696 132 1696 1293 1697 1294 1697 132 1697 132 1698 1294 1698 96 1698 1294 1699 1295 1699 96 1699 96 1700 1295 1700 94 1700 1295 1701 1296 1701 94 1701 94 1702 1296 1702 91 1702 1296 1703 1297 1703 91 1703 91 1704 1297 1704 89 1704 1297 1705 1298 1705 89 1705 89 1706 1298 1706 87 1706 1298 1707 1299 1707 87 1707 87 1708 1299 1708 85 1708 1299 1709 1300 1709 85 1709 85 1710 1300 1710 83 1710 1300 1711 1301 1711 83 1711 83 1712 1301 1712 81 1712 81 1713 1301 1713 77 1713 1301 1714 1302 1714 77 1714 1302 1715 1303 1715 77 1715 77 1716 1303 1716 73 1716 73 1717 1304 1717 70 1717 1303 1718 1304 1718 73 1718 70 1719 1304 1719 66 1719 1304 1720 1305 1720 66 1720 66 1721 1306 1721 63 1721 1305 1722 1306 1722 66 1722 63 1723 1307 1723 60 1723 60 1724 1307 1724 58 1724 1306 1725 1307 1725 63 1725 1307 1726 1308 1726 58 1726 58 1727 1309 1727 26 1727 1308 1728 1309 1728 58 1728 26 1729 1310 1729 23 1729 23 1730 1310 1730 19 1730 1309 1731 1310 1731 26 1731 1310 1732 1311 1732 19 1732 19 1733 1312 1733 17 1733 1311 1734 1312 1734 19 1734 17 1735 1313 1735 15 1735 15 1736 1313 1736 16 1736 1312 1737 1313 1737 17 1737 1313 1738 1314 1738 16 1738 1314 1739 1315 1739 16 1739 16 1740 1315 1740 18 1740 18 1741 1315 1741 20 1741 1315 1742 1316 1742 20 1742 1316 1743 1317 1743 20 1743 20 1744 1317 1744 24 1744 24 1745 1317 1745 28 1745 1317 1746 1318 1746 28 1746 28 1747 1318 1747 30 1747 1318 1748 1319 1748 30 1748 1319 1749 1320 1749 30 1749 30 1750 1320 1750 33 1750 33 1751 1320 1751 36 1751 1320 1752 1321 1752 36 1752 36 1753 1321 1753 39 1753 1321 1754 1322 1754 39 1754 1322 1755 1323 1755 39 1755 39 1756 1323 1756 42 1756 1323 1757 1324 1757 42 1757 42 1758 1324 1758 45 1758 45 1759 1324 1759 48 1759 1324 1760 1325 1760 48 1760 1325 1761 1326 1761 48 1761 48 1762 1326 1762 50 1762 1326 1763 1327 1763 50 1763 50 1764 1327 1764 52 1764 52 1765 1327 1765 54 1765 1327 1766 1328 1766 54 1766 1328 1767 1329 1767 54 1767 54 1768 1329 1768 67 1768 1329 1769 1330 1769 67 1769 67 1770 1330 1770 78 1770 78 1771 1330 1771 105 1771 1330 1772 1331 1772 105 1772 1331 1773 1332 1773 105 1773 105 1774 1332 1774 106 1774 1332 1775 1333 1775 106 1775 106 1776 1333 1776 107 1776 1333 1777 1334 1777 107 1777 107 1778 1334 1778 108 1778 1334 1779 1335 1779 108 1779 108 1780 1335 1780 109 1780 109 1781 1335 1781 110 1781 1335 1782 1282 1782 110 1782 347 1783 1287 1783 345 1783 1287 1784 1336 1784 345 1784 1336 1785 1337 1785 345 1785 345 1786 1337 1786 348 1786 348 1787 1337 1787 349 1787 1337 1788 1338 1788 349 1788 1338 1789 1339 1789 349 1789 349 1790 1339 1790 350 1790 1339 1791 1340 1791 350 1791 350 1792 1340 1792 351 1792 1340 1793 1341 1793 351 1793 351 1794 1341 1794 352 1794 1341 1795 1342 1795 352 1795 352 1796 1342 1796 367 1796 1342 1797 1343 1797 367 1797 367 1798 1343 1798 360 1798 1343 1799 1344 1799 360 1799 360 1800 1344 1800 356 1800 356 1801 1344 1801 354 1801 1344 1802 1345 1802 354 1802 1345 1803 1346 1803 354 1803 354 1804 1346 1804 357 1804 1346 1805 1347 1805 357 1805 357 1806 1347 1806 362 1806 362 1807 1347 1807 364 1807 1347 1808 1348 1808 364 1808 1348 1809 1349 1809 364 1809 364 1810 1349 1810 369 1810 1349 1811 1350 1811 369 1811 369 1812 1350 1812 371 1812 371 1813 1351 1813 375 1813 1350 1814 1351 1814 371 1814 375 1815 1351 1815 377 1815 1351 1816 1352 1816 377 1816 377 1817 1353 1817 381 1817 1352 1818 1353 1818 377 1818 381 1819 1354 1819 384 1819 1353 1820 1354 1820 381 1820 384 1821 1355 1821 386 1821 1354 1822 1355 1822 384 1822 386 1823 1356 1823 344 1823 1355 1824 1356 1824 386 1824 344 1825 1357 1825 343 1825 343 1826 1357 1826 342 1826 1356 1827 1357 1827 344 1827 1357 1828 1358 1828 342 1828 342 1829 1359 1829 340 1829 1358 1830 1359 1830 342 1830 340 1831 1360 1831 338 1831 1359 1832 1360 1832 340 1832 1360 1833 1361 1833 338 1833 338 1834 1361 1834 336 1834 1361 1835 1362 1835 336 1835 336 1836 1362 1836 334 1836 334 1837 1362 1837 332 1837 1362 1838 1363 1838 332 1838 1363 1839 1364 1839 332 1839 332 1840 1364 1840 329 1840 329 1841 1364 1841 325 1841 1364 1842 1365 1842 325 1842 325 1843 1365 1843 322 1843 1365 1844 1366 1844 322 1844 1366 1845 1367 1845 322 1845 322 1846 1367 1846 317 1846 1367 1847 1368 1847 317 1847 317 1848 1368 1848 313 1848 1368 1849 1369 1849 313 1849 313 1850 1369 1850 309 1850 1369 1851 1370 1851 309 1851 309 1852 1370 1852 305 1852 1370 1853 1371 1853 305 1853 305 1854 1371 1854 303 1854 1371 1855 1372 1855 303 1855 303 1856 1372 1856 307 1856 1372 1857 1373 1857 307 1857 307 1858 1373 1858 311 1858 1373 1859 1374 1859 311 1859 311 1860 1374 1860 315 1860 1374 1861 1375 1861 315 1861 315 1862 1375 1862 319 1862 1375 1863 1376 1863 319 1863 319 1864 1376 1864 324 1864 1376 1865 1377 1865 324 1865 324 1866 1377 1866 327 1866 1377 1867 1378 1867 327 1867 327 1868 1378 1868 331 1868 1378 1869 1379 1869 331 1869 331 1870 1379 1870 333 1870 1379 1871 1380 1871 333 1871 333 1872 1380 1872 335 1872 335 1873 1380 1873 337 1873 1380 1874 1381 1874 337 1874 337 1875 1381 1875 339 1875 1381 1876 1382 1876 339 1876 1382 1877 1383 1877 339 1877 339 1878 1383 1878 341 1878 139 1879 1384 1879 1385 1879 133 1880 139 1880 1385 1880 127 1881 1385 1881 1386 1881 127 1882 133 1882 1385 1882 128 1883 1386 1883 1288 1883 128 1884 127 1884 1386 1884 328 1885 341 1885 1383 1885 328 1886 1383 1886 1387 1886 295 1887 1387 1887 1388 1887 295 1888 328 1888 1387 1888 296 1889 1388 1889 1389 1889 296 1890 295 1890 1388 1890 179 1891 1390 1891 177 1891 1390 1892 1391 1892 177 1892 177 1893 1391 1893 180 1893 1391 1894 1392 1894 180 1894 1392 1895 1393 1895 180 1895 180 1896 1393 1896 181 1896 1393 1897 1394 1897 181 1897 181 1898 1394 1898 182 1898 1394 1899 1395 1899 182 1899 182 1900 1395 1900 183 1900 1395 1901 1396 1901 183 1901 183 1902 1396 1902 176 1902 1396 1903 1397 1903 176 1903 176 1904 1397 1904 174 1904 1397 1905 1398 1905 174 1905 174 1906 1398 1906 171 1906 1398 1907 1399 1907 171 1907 171 1908 1399 1908 168 1908 168 1909 1399 1909 165 1909 1399 1910 1400 1910 165 1910 1400 1911 1401 1911 165 1911 165 1912 1401 1912 162 1912 1401 1913 1402 1913 162 1913 162 1914 1402 1914 159 1914 159 1915 1402 1915 156 1915 1402 1916 1403 1916 156 1916 1403 1917 1404 1917 156 1917 156 1918 1404 1918 153 1918 153 1919 1404 1919 150 1919 1404 1920 1405 1920 150 1920 150 1921 1406 1921 146 1921 1405 1922 1406 1922 150 1922 146 1923 1406 1923 142 1923 1406 1924 1407 1924 142 1924 142 1925 1408 1925 140 1925 1407 1926 1408 1926 142 1926 140 1927 1409 1927 143 1927 1408 1928 1409 1928 140 1928 143 1929 1410 1929 147 1929 1409 1930 1410 1930 143 1930 147 1931 1411 1931 79 1931 1410 1932 1411 1932 147 1932 79 1933 1412 1933 75 1933 75 1934 1412 1934 71 1934 1411 1935 1412 1935 79 1935 1412 1936 1413 1936 71 1936 71 1937 1414 1937 68 1937 1413 1938 1414 1938 71 1938 68 1939 1415 1939 64 1939 1414 1940 1415 1940 68 1940 1415 1941 1416 1941 64 1941 64 1942 1416 1942 61 1942 1416 1943 1417 1943 61 1943 61 1944 1417 1944 57 1944 1417 1945 1418 1945 57 1945 57 1946 1418 1946 59 1946 1418 1947 1419 1947 59 1947 59 1948 1419 1948 62 1948 1419 1949 1420 1949 62 1949 62 1950 1420 1950 65 1950 1420 1951 1421 1951 65 1951 65 1952 1421 1952 69 1952 1421 1953 1422 1953 69 1953 69 1954 1422 1954 72 1954 1422 1955 1423 1955 72 1955 72 1956 1423 1956 76 1956 1423 1957 1424 1957 76 1957 76 1958 1424 1958 80 1958 1424 1959 1425 1959 80 1959 80 1960 1425 1960 82 1960 1425 1961 1426 1961 82 1961 82 1962 1426 1962 84 1962 1426 1963 1427 1963 84 1963 84 1964 1427 1964 86 1964 1427 1965 1428 1965 86 1965 86 1966 1428 1966 88 1966 1428 1967 1429 1967 88 1967 88 1968 1429 1968 90 1968 1429 1969 1430 1969 90 1969 90 1970 1430 1970 92 1970 1430 1971 1431 1971 92 1971 92 1972 1431 1972 93 1972 1431 1973 1432 1973 93 1973 93 1974 1432 1974 95 1974 1432 1975 1433 1975 95 1975 95 1976 1433 1976 134 1976 134 1977 1433 1977 135 1977 1433 1978 1434 1978 135 1978 1434 1979 1435 1979 135 1979 135 1980 1435 1980 136 1980 1435 1981 1436 1981 136 1981 136 1982 1436 1982 137 1982 1436 1983 1437 1983 137 1983 137 1984 1437 1984 138 1984 138 1985 1437 1985 139 1985 1437 1986 1384 1986 139 1986 296 1987 1389 1987 294 1987 1389 1988 1438 1988 294 1988 1438 1989 1439 1989 294 1989 294 1990 1439 1990 297 1990 1439 1991 1440 1991 297 1991 297 1992 1440 1992 298 1992 1440 1993 1441 1993 298 1993 298 1994 1441 1994 299 1994 299 1995 1441 1995 300 1995 1441 1996 1442 1996 300 1996 1442 1997 1443 1997 300 1997 300 1998 1443 1998 301 1998 1443 1999 1444 1999 301 1999 301 2000 1444 2000 321 2000 321 2001 1444 2001 320 2001 1444 2002 1445 2002 320 2002 1445 2003 1446 2003 320 2003 320 2004 1446 2004 316 2004 316 2005 1446 2005 312 2005 1446 2006 1447 2006 312 2006 1447 2007 1448 2007 312 2007 312 2008 1448 2008 308 2008 308 2009 1448 2009 304 2009 1448 2010 1449 2010 304 2010 1449 2011 1450 2011 304 2011 304 2012 1450 2012 302 2012 1450 2013 1451 2013 302 2013 302 2014 1451 2014 306 2014 1451 2015 1452 2015 306 2015 306 2016 1452 2016 310 2016 310 2017 1452 2017 314 2017 1452 2018 1453 2018 314 2018 314 2019 1454 2019 318 2019 1453 2020 1454 2020 314 2020 318 2021 1455 2021 323 2021 1454 2022 1455 2022 318 2022 323 2023 1456 2023 326 2023 1455 2024 1456 2024 323 2024 326 2025 1457 2025 330 2025 1456 2026 1457 2026 326 2026 330 2027 1458 2027 291 2027 291 2028 1458 2028 289 2028 1457 2029 1458 2029 330 2029 1458 2030 1459 2030 289 2030 289 2031 1460 2031 287 2031 1459 2032 1460 2032 289 2032 287 2033 1461 2033 282 2033 1460 2034 1461 2034 287 2034 282 2035 1462 2035 283 2035 1461 2036 1462 2036 282 2036 1462 2037 1463 2037 283 2037 283 2038 1463 2038 279 2038 279 2039 1463 2039 275 2039 1463 2040 1464 2040 275 2040 1464 2041 1465 2041 275 2041 275 2042 1465 2042 272 2042 1465 2043 1466 2043 272 2043 272 2044 1466 2044 268 2044 1466 2045 1467 2045 268 2045 268 2046 1467 2046 265 2046 1467 2047 1468 2047 265 2047 265 2048 1468 2048 253 2048 1468 2049 1469 2049 253 2049 253 2050 1469 2050 249 2050 249 2051 1469 2051 245 2051 1469 2052 1470 2052 245 2052 1470 2053 1471 2053 245 2053 245 2054 1471 2054 242 2054 1471 2055 1472 2055 242 2055 242 2056 1472 2056 246 2056 1472 2057 1473 2057 246 2057 246 2058 1473 2058 250 2058 1473 2059 1474 2059 250 2059 250 2060 1474 2060 262 2060 1474 2061 1475 2061 262 2061 262 2062 1475 2062 266 2062 1475 2063 1476 2063 266 2063 266 2064 1476 2064 270 2064 1476 2065 1477 2065 270 2065 270 2066 1477 2066 274 2066 1477 2067 1478 2067 274 2067 274 2068 1478 2068 277 2068 1478 2069 1479 2069 277 2069 277 2070 1479 2070 280 2070 1479 2071 1480 2071 280 2071 280 2072 1480 2072 284 2072 1480 2073 1481 2073 284 2073 284 2074 1481 2074 286 2074 1481 2075 1482 2075 286 2075 286 2076 1482 2076 288 2076 1482 2077 1483 2077 288 2077 288 2078 1483 2078 290 2078 1483 2079 1484 2079 290 2079 290 2080 1484 2080 292 2080 292 2081 1484 2081 293 2081 1484 2082 1485 2082 293 2082 185 2083 190 2083 1486 2083 185 2084 1486 2084 1487 2084 178 2085 1487 2085 1488 2085 178 2086 185 2086 1487 2086 179 2087 1488 2087 1390 2087 179 2088 178 2088 1488 2088 285 2089 293 2089 1485 2089 285 2090 1485 2090 1489 2090 255 2091 1489 2091 1490 2091 255 2092 1490 2092 1491 2092 255 2093 285 2093 1489 2093 256 2094 255 2094 1491 2094 228 2095 1492 2095 226 2095 1492 2096 1493 2096 226 2096 1493 2097 1494 2097 226 2097 226 2098 1494 2098 229 2098 1494 2099 1495 2099 229 2099 229 2100 1495 2100 230 2100 1495 2101 1496 2101 230 2101 230 2102 1496 2102 231 2102 231 2103 1496 2103 232 2103 1496 2104 1497 2104 232 2104 1497 2105 1498 2105 232 2105 232 2106 1498 2106 224 2106 1498 2107 1499 2107 224 2107 224 2108 1499 2108 221 2108 1499 2109 1500 2109 221 2109 221 2110 1500 2110 220 2110 1500 2111 1501 2111 220 2111 220 2112 1501 2112 217 2112 217 2113 1501 2113 214 2113 1501 2114 1502 2114 214 2114 1502 2115 1503 2115 214 2115 214 2116 1503 2116 211 2116 1503 2117 1504 2117 211 2117 211 2118 1504 2118 208 2118 1504 2119 1505 2119 208 2119 208 2120 1505 2120 205 2120 1505 2121 1506 2121 205 2121 205 2122 1506 2122 201 2122 1506 2123 1507 2123 201 2123 201 2124 1507 2124 197 2124 197 2125 1508 2125 193 2125 1507 2126 1508 2126 197 2126 193 2127 1508 2127 191 2127 1508 2128 1509 2128 191 2128 191 2129 1510 2129 195 2129 1509 2130 1510 2130 191 2130 195 2131 1511 2131 198 2131 198 2132 1511 2132 202 2132 1510 2133 1511 2133 195 2133 1511 2134 1512 2134 202 2134 202 2135 1513 2135 169 2135 1512 2136 1513 2136 202 2136 169 2137 1514 2137 166 2137 166 2138 1514 2138 163 2138 1513 2139 1514 2139 169 2139 1514 2140 1515 2140 163 2140 163 2141 1516 2141 160 2141 1515 2142 1516 2142 163 2142 160 2143 1517 2143 157 2143 1516 2144 1517 2144 160 2144 1517 2145 1518 2145 157 2145 157 2146 1518 2146 154 2146 154 2147 1518 2147 151 2147 1518 2148 1519 2148 151 2148 1519 2149 1520 2149 151 2149 151 2150 1520 2150 148 2150 1520 2151 1521 2151 148 2151 148 2152 1521 2152 144 2152 1521 2153 1522 2153 144 2153 144 2154 1522 2154 141 2154 1522 2155 1523 2155 141 2155 141 2156 1523 2156 145 2156 1523 2157 1524 2157 145 2157 145 2158 1524 2158 149 2158 1524 2159 1525 2159 149 2159 149 2160 1525 2160 152 2160 1525 2161 1526 2161 152 2161 152 2162 1526 2162 155 2162 1526 2163 1527 2163 155 2163 155 2164 1527 2164 158 2164 1527 2165 1528 2165 158 2165 158 2166 1528 2166 161 2166 1528 2167 1529 2167 161 2167 161 2168 1529 2168 164 2168 1529 2169 1530 2169 164 2169 164 2170 1530 2170 167 2170 1530 2171 1531 2171 167 2171 167 2172 1531 2172 170 2172 1531 2173 1532 2173 170 2173 170 2174 1532 2174 172 2174 1532 2175 1533 2175 172 2175 172 2176 1533 2176 173 2176 1533 2177 1534 2177 173 2177 173 2178 1534 2178 175 2178 1534 2179 1535 2179 175 2179 175 2180 1535 2180 184 2180 1535 2181 1536 2181 184 2181 184 2182 1536 2182 186 2182 1536 2183 1537 2183 186 2183 186 2184 1537 2184 187 2184 1537 2185 1538 2185 187 2185 187 2186 1538 2186 188 2186 1538 2187 1539 2187 188 2187 188 2188 1539 2188 189 2188 1539 2189 1486 2189 189 2189 189 2190 1486 2190 190 2190 256 2191 1491 2191 254 2191 1491 2192 1540 2192 254 2192 1540 2193 1541 2193 254 2193 254 2194 1541 2194 257 2194 1541 2195 1542 2195 257 2195 257 2196 1542 2196 258 2196 258 2197 1542 2197 259 2197 1542 2198 1543 2198 259 2198 1543 2199 1544 2199 259 2199 259 2200 1544 2200 260 2200 1544 2201 1545 2201 260 2201 260 2202 1545 2202 261 2202 1545 2203 1546 2203 261 2203 261 2204 1546 2204 278 2204 1546 2205 1547 2205 278 2205 278 2206 1547 2206 271 2206 1547 2207 1548 2207 271 2207 271 2208 1548 2208 267 2208 1548 2209 1549 2209 267 2209 267 2210 1549 2210 263 2210 263 2211 1549 2211 251 2211 1549 2212 1550 2212 251 2212 1550 2213 1551 2213 251 2213 251 2214 1551 2214 247 2214 247 2215 1551 2215 243 2215 1551 2216 1552 2216 243 2216 243 2217 1552 2217 241 2217 1552 2218 1553 2218 241 2218 241 2219 1553 2219 244 2219 1553 2220 1554 2220 244 2220 244 2221 1555 2221 248 2221 1554 2222 1555 2222 244 2222 248 2223 1556 2223 252 2223 1555 2224 1556 2224 248 2224 252 2225 1557 2225 264 2225 1556 2226 1557 2226 252 2226 264 2227 1558 2227 269 2227 1557 2228 1558 2228 264 2228 269 2229 1559 2229 273 2229 273 2230 1559 2230 276 2230 1558 2231 1559 2231 269 2231 1559 2232 1560 2232 276 2232 276 2233 1561 2233 225 2233 1560 2234 1561 2234 276 2234 225 2235 1562 2235 222 2235 222 2236 1562 2236 218 2236 1561 2237 1562 2237 225 2237 1562 2238 1563 2238 218 2238 1563 2239 1564 2239 218 2239 218 2240 1564 2240 215 2240 1564 2241 1565 2241 215 2241 215 2242 1565 2242 212 2242 1565 2243 1566 2243 212 2243 212 2244 1566 2244 209 2244 1566 2245 1567 2245 209 2245 209 2246 1567 2246 206 2246 1567 2247 1568 2247 206 2247 206 2248 1568 2248 203 2248 203 2249 1568 2249 199 2249 1568 2250 1569 2250 199 2250 1569 2251 1570 2251 199 2251 199 2252 1570 2252 194 2252 1570 2253 1571 2253 194 2253 194 2254 1571 2254 192 2254 192 2255 1571 2255 196 2255 1571 2256 1572 2256 196 2256 1572 2257 1573 2257 196 2257 196 2258 1573 2258 200 2258 1573 2259 1574 2259 200 2259 200 2260 1574 2260 204 2260 204 2261 1574 2261 207 2261 1574 2262 1575 2262 207 2262 1575 2263 1576 2263 207 2263 207 2264 1576 2264 210 2264 1576 2265 1577 2265 210 2265 210 2266 1577 2266 213 2266 1577 2267 1578 2267 213 2267 213 2268 1578 2268 216 2268 1578 2269 1579 2269 216 2269 216 2270 1579 2270 219 2270 1579 2271 1580 2271 219 2271 219 2272 1580 2272 223 2272 1580 2273 1581 2273 223 2273 223 2274 1581 2274 233 2274 1581 2275 1582 2275 233 2275 233 2276 1582 2276 235 2276 1582 2277 1583 2277 235 2277 235 2278 1583 2278 236 2278 1583 2279 1584 2279 236 2279 236 2280 1584 2280 237 2280 1584 2281 1585 2281 237 2281 237 2282 1585 2282 238 2282 238 2283 1585 2283 239 2283 1585 2284 1586 2284 239 2284 1586 2285 1587 2285 239 2285 239 2286 1587 2286 240 2286 234 2287 240 2287 1587 2287 234 2288 1587 2288 1588 2288 227 2289 1588 2289 1589 2289 227 2290 234 2290 1588 2290 228 2291 1589 2291 1492 2291 228 2292 227 2292 1589 2292 678 2293 669 2293 679 2293 1590 2294 679 2294 681 2294 1590 2295 678 2295 679 2295 1591 2296 681 2296 683 2296 1591 2297 1590 2297 681 2297 1592 2298 683 2298 685 2298 1592 2299 1591 2299 683 2299 1593 2300 1592 2300 685 2300 1594 2301 1593 2301 685 2301 1594 2302 685 2302 687 2302 1595 2303 1594 2303 687 2303 1595 2304 687 2304 688 2304 1596 2305 688 2305 690 2305 1596 2306 1595 2306 688 2306 1597 2307 1596 2307 690 2307 1597 2308 690 2308 692 2308 1598 2309 692 2309 694 2309 1598 2310 1597 2310 692 2310 1599 2311 694 2311 695 2311 1599 2312 1598 2312 694 2312 1600 2313 695 2313 697 2313 1600 2314 1599 2314 695 2314 1601 2315 697 2315 699 2315 1601 2316 1600 2316 697 2316 1602 2317 699 2317 701 2317 1602 2318 1601 2318 699 2318 1603 2319 701 2319 703 2319 1603 2320 1602 2320 701 2320 1604 2321 703 2321 704 2321 1604 2322 1603 2322 703 2322 1605 2323 704 2323 706 2323 1605 2324 1604 2324 704 2324 1606 2325 706 2325 708 2325 1606 2326 1605 2326 706 2326 1607 2327 708 2327 710 2327 1607 2328 1606 2328 708 2328 1608 2329 710 2329 712 2329 1608 2330 1607 2330 710 2330 1609 2331 712 2331 714 2331 1609 2332 1608 2332 712 2332 1610 2333 714 2333 716 2333 1610 2334 1609 2334 714 2334 1611 2335 716 2335 718 2335 1611 2336 1610 2336 716 2336 1612 2337 1611 2337 718 2337 1612 2338 718 2338 720 2338 1613 2339 720 2339 721 2339 1613 2340 1612 2340 720 2340 1614 2341 721 2341 723 2341 1614 2342 1613 2342 721 2342 1615 2343 723 2343 725 2343 1615 2344 1614 2344 723 2344 1616 2345 725 2345 727 2345 1616 2346 1615 2346 725 2346 1617 2347 727 2347 729 2347 1617 2348 1616 2348 727 2348 1618 2349 729 2349 731 2349 1618 2350 1617 2350 729 2350 1619 2351 731 2351 733 2351 1619 2352 733 2352 735 2352 1619 2353 1618 2353 731 2353 1620 2354 1619 2354 735 2354 1620 2355 735 2355 737 2355 1621 2356 1620 2356 737 2356 1621 2357 737 2357 738 2357 1622 2358 1621 2358 738 2358 1622 2359 738 2359 740 2359 1623 2360 1622 2360 740 2360 1623 2361 740 2361 742 2361 1624 2362 1623 2362 742 2362 1624 2363 742 2363 744 2363 1625 2364 1624 2364 744 2364 1625 2365 744 2365 746 2365 1626 2366 1625 2366 746 2366 1626 2367 746 2367 748 2367 1627 2368 1626 2368 748 2368 932 2369 958 2369 1018 2369 965 2370 932 2370 1018 2370 1074 2371 965 2371 1018 2371 1074 2372 1127 2372 965 2372 1076 2373 1127 2373 1074 2373 1210 2374 1209 2374 1127 2374 1208 2375 1127 2375 1209 2375 1211 2376 1210 2376 1127 2376 1207 2377 1127 2377 1208 2377 1212 2378 1211 2378 1127 2378 1213 2379 1212 2379 1127 2379 1214 2380 1213 2380 1127 2380 1314 2381 1313 2381 965 2381 1312 2382 965 2382 1313 2382 1315 2383 1314 2383 965 2383 1315 2384 965 2384 1127 2384 1315 2385 1127 2385 1207 2385 1311 2386 965 2386 1312 2386 1316 2387 1315 2387 1207 2387 1316 2388 1207 2388 1206 2388 1215 2389 1214 2389 1127 2389 1310 2390 965 2390 1311 2390 1317 2391 1316 2391 1206 2391 1317 2392 1206 2392 1205 2392 1309 2393 965 2393 1310 2393 1216 2394 1215 2394 1127 2394 1318 2395 1317 2395 1205 2395 1318 2396 1205 2396 1204 2396 1319 2397 1204 2397 1203 2397 1319 2398 1318 2398 1204 2398 1217 2399 1216 2399 1127 2399 1320 2400 1203 2400 1202 2400 1320 2401 1319 2401 1203 2401 1218 2402 1217 2402 1127 2402 1321 2403 1202 2403 1201 2403 1321 2404 1320 2404 1202 2404 1219 2405 1218 2405 1127 2405 1322 2406 1321 2406 1201 2406 1322 2407 1201 2407 1200 2407 1220 2408 1219 2408 1127 2408 1323 2409 1200 2409 1199 2409 1323 2410 1322 2410 1200 2410 1221 2411 1220 2411 1127 2411 1324 2412 1199 2412 1198 2412 1324 2413 1323 2413 1199 2413 1222 2414 1221 2414 1127 2414 1325 2415 1198 2415 1197 2415 1325 2416 1324 2416 1198 2416 1326 2417 1197 2417 1196 2417 1326 2418 1325 2418 1197 2418 1327 2419 1196 2419 1195 2419 1327 2420 1326 2420 1196 2420 1328 2421 1195 2421 1194 2421 1328 2422 1327 2422 1195 2422 1193 2423 1328 2423 1194 2423 1417 2424 965 2424 1309 2424 1417 2425 1309 2425 1308 2425 1418 2426 1417 2426 1308 2426 1418 2427 1308 2427 1307 2427 1416 2428 965 2428 1417 2428 1419 2429 1418 2429 1307 2429 1419 2430 1307 2430 1306 2430 1415 2431 965 2431 1416 2431 1420 2432 1419 2432 1306 2432 1420 2433 1306 2433 1305 2433 1329 2434 1328 2434 1193 2434 1414 2435 965 2435 1415 2435 1421 2436 1420 2436 1305 2436 1421 2437 1305 2437 1304 2437 1413 2438 965 2438 1414 2438 1422 2439 1421 2439 1304 2439 1422 2440 1304 2440 1303 2440 1192 2441 1329 2441 1193 2441 1412 2442 965 2442 1413 2442 1423 2443 1422 2443 1303 2443 1423 2444 1303 2444 1302 2444 1330 2445 1329 2445 1192 2445 1411 2446 965 2446 1412 2446 1424 2447 1423 2447 1302 2447 1424 2448 1302 2448 1301 2448 1425 2449 1424 2449 1301 2449 1425 2450 1301 2450 1300 2450 1426 2451 1425 2451 1300 2451 1426 2452 1300 2452 1299 2452 1427 2453 1426 2453 1299 2453 1427 2454 1299 2454 1298 2454 1428 2455 1298 2455 1297 2455 1428 2456 1427 2456 1298 2456 1429 2457 1297 2457 1296 2457 1429 2458 1428 2458 1297 2458 1430 2459 1429 2459 1296 2459 1431 2460 1296 2460 1295 2460 1431 2461 1430 2461 1296 2461 1432 2462 1431 2462 1295 2462 1432 2463 1295 2463 1294 2463 1284 2464 1187 2464 1186 2464 1284 2465 1188 2465 1187 2465 1284 2466 1189 2466 1188 2466 1284 2467 1190 2467 1189 2467 1284 2468 1191 2468 1190 2468 1284 2469 1192 2469 1191 2469 1284 2470 1330 2470 1192 2470 1283 2471 1330 2471 1284 2471 1283 2472 1331 2472 1330 2472 1283 2473 1332 2473 1331 2473 1283 2474 1333 2474 1332 2474 1283 2475 1334 2475 1333 2475 1283 2476 1335 2476 1334 2476 1282 2477 1335 2477 1283 2477 1181 2478 1230 2478 1229 2478 1181 2479 1231 2479 1230 2479 1181 2480 1232 2480 1231 2480 1181 2481 1233 2481 1232 2481 1181 2482 1180 2482 1233 2482 1182 2483 1228 2483 1227 2483 1182 2484 1229 2484 1228 2484 1182 2485 1181 2485 1229 2485 1131 2486 1182 2486 1227 2486 1131 2487 1223 2487 1222 2487 1131 2488 1224 2488 1223 2488 1131 2489 1225 2489 1224 2489 1131 2490 1226 2490 1225 2490 1131 2491 1227 2491 1226 2491 1131 2492 1222 2492 1127 2492 1386 2493 1289 2493 1288 2493 1386 2494 1290 2494 1289 2494 1386 2495 1291 2495 1290 2495 1386 2496 1292 2496 1291 2496 1386 2497 1293 2497 1292 2497 1386 2498 1294 2498 1293 2498 1385 2499 1432 2499 1294 2499 1385 2500 1433 2500 1432 2500 1385 2501 1434 2501 1433 2501 1385 2502 1435 2502 1434 2502 1385 2503 1436 2503 1435 2503 1385 2504 1437 2504 1436 2504 1385 2505 1294 2505 1386 2505 1384 2506 1437 2506 1385 2506 1522 2507 1408 2507 1407 2507 1521 2508 1409 2508 1408 2508 1521 2509 1408 2509 1522 2509 1523 2510 1522 2510 1407 2510 1523 2511 1407 2511 1406 2511 1520 2512 1410 2512 1409 2512 1520 2513 1409 2513 1521 2513 1524 2514 1406 2514 1405 2514 1524 2515 1523 2515 1406 2515 1519 2516 1411 2516 1410 2516 1519 2517 965 2517 1411 2517 1519 2518 1410 2518 1520 2518 1525 2519 1405 2519 1404 2519 1525 2520 1524 2520 1405 2520 1518 2521 965 2521 1519 2521 1526 2522 1525 2522 1404 2522 1526 2523 1404 2523 1403 2523 1517 2524 965 2524 1518 2524 1527 2525 1526 2525 1403 2525 1527 2526 1403 2526 1402 2526 1516 2527 965 2527 1517 2527 1528 2528 1402 2528 1401 2528 1528 2529 1527 2529 1402 2529 1515 2530 965 2530 1516 2530 1529 2531 1528 2531 1401 2531 1529 2532 1401 2532 1400 2532 1514 2533 965 2533 1515 2533 1530 2534 1529 2534 1400 2534 1530 2535 1400 2535 1399 2535 1513 2536 965 2536 1514 2536 1531 2537 1530 2537 1399 2537 1531 2538 1399 2538 1398 2538 1532 2539 1531 2539 1398 2539 1533 2540 1398 2540 1397 2540 1533 2541 1532 2541 1398 2541 1534 2542 1397 2542 1396 2542 1534 2543 1533 2543 1397 2543 1488 2544 1391 2544 1390 2544 1488 2545 1392 2545 1391 2545 1488 2546 1393 2546 1392 2546 1488 2547 1394 2547 1393 2547 1488 2548 1395 2548 1394 2548 1488 2549 1396 2549 1395 2549 1487 2550 1535 2550 1534 2550 1487 2551 1536 2551 1535 2551 1487 2552 1537 2552 1536 2552 1487 2553 1538 2553 1537 2553 1487 2554 1396 2554 1488 2554 1487 2555 1534 2555 1396 2555 1539 2556 1538 2556 1487 2556 1486 2557 1539 2557 1487 2557 1571 2558 1509 2558 1508 2558 1570 2559 1509 2559 1571 2559 1570 2560 1510 2560 1509 2560 1572 2561 1571 2561 1508 2561 1572 2562 1508 2562 1507 2562 1569 2563 1511 2563 1510 2563 1569 2564 1510 2564 1570 2564 1573 2565 1507 2565 1506 2565 1573 2566 1572 2566 1507 2566 1568 2567 1512 2567 1511 2567 1568 2568 1511 2568 1569 2568 1574 2569 1573 2569 1506 2569 1574 2570 1506 2570 1505 2570 1567 2571 1513 2571 1512 2571 1567 2572 1512 2572 1568 2572 1575 2573 1505 2573 1504 2573 1575 2574 1574 2574 1505 2574 1566 2575 1513 2575 1567 2575 1566 2576 965 2576 1513 2576 1576 2577 1575 2577 1504 2577 1576 2578 1504 2578 1503 2578 1565 2579 965 2579 1566 2579 1577 2580 1576 2580 1503 2580 1577 2581 1503 2581 1502 2581 1564 2582 965 2582 1565 2582 1578 2583 1577 2583 1502 2583 1578 2584 1502 2584 1501 2584 1563 2585 965 2585 1564 2585 1579 2586 1578 2586 1501 2586 1579 2587 1500 2587 1499 2587 1579 2588 1501 2588 1500 2588 1562 2589 965 2589 1563 2589 1580 2590 1579 2590 1499 2590 1580 2591 1499 2591 1498 2591 1561 2592 965 2592 1562 2592 1589 2593 1493 2593 1492 2593 1589 2594 1494 2594 1493 2594 1589 2595 1495 2595 1494 2595 1589 2596 1496 2596 1495 2596 1589 2597 1497 2597 1496 2597 1589 2598 1498 2598 1497 2598 1581 2599 1580 2599 1498 2599 1581 2600 1498 2600 1589 2600 1588 2601 1581 2601 1589 2601 1588 2602 1582 2602 1581 2602 1588 2603 1583 2603 1582 2603 1588 2604 1584 2604 1583 2604 1585 2605 1584 2605 1588 2605 1586 2606 1585 2606 1588 2606 1587 2607 1586 2607 1588 2607 1471 2608 1553 2608 1552 2608 1470 2609 1554 2609 1553 2609 1470 2610 1553 2610 1471 2610 1472 2611 1552 2611 1551 2611 1472 2612 1471 2612 1552 2612 1469 2613 1555 2613 1554 2613 1469 2614 1554 2614 1470 2614 1473 2615 1472 2615 1551 2615 1473 2616 1551 2616 1550 2616 1468 2617 1556 2617 1555 2617 1468 2618 1555 2618 1469 2618 1490 2619 1540 2619 1491 2619 1490 2620 1541 2620 1540 2620 1490 2621 1542 2621 1541 2621 1490 2622 1543 2622 1542 2622 1490 2623 1544 2623 1543 2623 1490 2624 1545 2624 1544 2624 1474 2625 1473 2625 1550 2625 1474 2626 1550 2626 1549 2626 1467 2627 1557 2627 1556 2627 1467 2628 1556 2628 1468 2628 1475 2629 1474 2629 1549 2629 1475 2630 1549 2630 1548 2630 1466 2631 1557 2631 1467 2631 1466 2632 1558 2632 1557 2632 1476 2633 1548 2633 1547 2633 1476 2634 1475 2634 1548 2634 1465 2635 1558 2635 1466 2635 1465 2636 1559 2636 1558 2636 1477 2637 1476 2637 1547 2637 1464 2638 1559 2638 1465 2638 1464 2639 1560 2639 1559 2639 1478 2640 1547 2640 1546 2640 1478 2641 1477 2641 1547 2641 1463 2642 965 2642 1561 2642 1463 2643 1560 2643 1464 2643 1463 2644 1561 2644 1560 2644 1479 2645 1478 2645 1546 2645 1479 2646 1546 2646 1545 2646 1461 2647 1628 2647 1462 2647 1489 2648 1480 2648 1479 2648 1489 2649 1545 2649 1490 2649 1489 2650 1479 2650 1545 2650 1481 2651 1480 2651 1489 2651 1460 2652 1628 2652 1461 2652 1482 2653 1481 2653 1489 2653 1459 2654 1628 2654 1460 2654 1483 2655 1482 2655 1489 2655 1458 2656 1628 2656 1459 2656 1484 2657 1483 2657 1489 2657 1485 2658 1484 2658 1489 2658 1388 2659 1438 2659 1389 2659 1388 2660 1439 2660 1438 2660 1388 2661 1440 2661 1439 2661 1388 2662 1441 2662 1440 2662 1388 2663 1442 2663 1441 2663 1388 2664 1443 2664 1442 2664 1371 2665 1450 2665 1449 2665 1370 2666 1450 2666 1371 2666 1370 2667 1451 2667 1450 2667 1372 2668 1371 2668 1449 2668 1372 2669 1449 2669 1448 2669 1369 2670 1451 2670 1370 2670 1369 2671 1452 2671 1451 2671 1373 2672 1372 2672 1448 2672 1373 2673 1448 2673 1447 2673 1368 2674 1452 2674 1369 2674 1368 2675 1453 2675 1452 2675 1374 2676 1373 2676 1447 2676 1374 2677 1447 2677 1446 2677 1367 2678 1453 2678 1368 2678 1367 2679 1454 2679 1453 2679 1375 2680 1374 2680 1446 2680 1375 2681 1445 2681 1444 2681 1375 2682 1446 2682 1445 2682 1366 2683 1454 2683 1367 2683 1366 2684 1455 2684 1454 2684 1376 2685 1375 2685 1444 2685 1376 2686 1444 2686 1443 2686 1365 2687 1455 2687 1366 2687 1365 2688 1456 2688 1455 2688 1377 2689 1388 2689 1387 2689 1377 2690 1376 2690 1443 2690 1377 2691 1443 2691 1388 2691 1364 2692 1456 2692 1365 2692 1364 2693 1457 2693 1456 2693 1378 2694 1377 2694 1387 2694 1363 2695 1457 2695 1364 2695 1363 2696 1458 2696 1457 2696 1379 2697 1378 2697 1387 2697 1362 2698 1458 2698 1363 2698 1362 2699 1628 2699 1458 2699 1380 2700 1379 2700 1387 2700 1361 2701 1628 2701 1362 2701 1381 2702 1380 2702 1387 2702 1360 2703 1628 2703 1361 2703 1382 2704 1381 2704 1387 2704 1359 2705 1628 2705 1360 2705 1383 2706 1382 2706 1387 2706 1358 2707 1628 2707 1359 2707 1357 2708 1628 2708 1358 2708 1356 2709 1628 2709 1357 2709 1286 2710 1336 2710 1287 2710 1286 2711 1337 2711 1336 2711 1286 2712 1338 2712 1337 2712 1286 2713 1339 2713 1338 2713 1286 2714 1340 2714 1339 2714 1286 2715 1341 2715 1340 2715 1285 2716 1341 2716 1286 2716 1271 2717 1345 2717 1344 2717 1270 2718 1346 2718 1345 2718 1270 2719 1345 2719 1271 2719 1272 2720 1344 2720 1343 2720 1272 2721 1271 2721 1344 2721 1269 2722 1346 2722 1270 2722 1269 2723 1347 2723 1346 2723 1273 2724 1272 2724 1343 2724 1268 2725 1348 2725 1347 2725 1268 2726 1347 2726 1269 2726 1274 2727 1273 2727 1343 2727 1274 2728 1343 2728 1342 2728 1267 2729 1348 2729 1268 2729 1267 2730 1349 2730 1348 2730 1275 2731 1274 2731 1342 2731 1275 2732 1342 2732 1341 2732 1275 2733 1341 2733 1285 2733 1266 2734 1350 2734 1349 2734 1266 2735 1349 2735 1267 2735 1276 2736 1275 2736 1285 2736 1265 2737 1350 2737 1266 2737 1265 2738 1351 2738 1350 2738 1277 2739 1276 2739 1285 2739 1264 2740 1352 2740 1351 2740 1264 2741 1351 2741 1265 2741 1278 2742 1277 2742 1285 2742 1263 2743 1352 2743 1264 2743 1263 2744 1353 2744 1352 2744 1279 2745 1278 2745 1285 2745 1262 2746 1353 2746 1263 2746 1262 2747 1354 2747 1353 2747 1280 2748 1279 2748 1285 2748 1261 2749 1355 2749 1354 2749 1261 2750 1354 2750 1262 2750 1281 2751 1280 2751 1285 2751 1260 2752 1355 2752 1261 2752 1260 2753 1356 2753 1355 2753 1260 2754 1628 2754 1356 2754 1259 2755 1628 2755 1260 2755 1258 2756 1628 2756 1259 2756 1257 2757 1628 2757 1258 2757 1256 2758 1628 2758 1257 2758 1255 2759 1628 2759 1256 2759 1254 2760 1628 2760 1255 2760 1253 2761 1628 2761 1254 2761 1184 2762 1234 2762 1185 2762 1184 2763 1235 2763 1234 2763 1184 2764 1236 2764 1235 2764 1184 2765 1237 2765 1236 2765 1184 2766 1238 2766 1237 2766 1184 2767 1239 2767 1238 2767 1171 2768 1241 2768 1240 2768 1171 2769 1242 2769 1241 2769 1172 2770 1171 2770 1240 2770 1172 2771 1240 2771 1239 2771 1170 2772 1243 2772 1242 2772 1170 2773 1242 2773 1171 2773 1173 2774 1184 2774 1183 2774 1173 2775 1172 2775 1239 2775 1173 2776 1239 2776 1184 2776 1169 2777 1243 2777 1170 2777 1169 2778 1244 2778 1243 2778 1174 2779 1173 2779 1183 2779 1168 2780 1244 2780 1169 2780 1168 2781 1245 2781 1244 2781 1175 2782 1174 2782 1183 2782 1167 2783 1245 2783 1168 2783 1167 2784 1246 2784 1245 2784 1176 2785 1175 2785 1183 2785 1166 2786 1246 2786 1167 2786 1166 2787 1247 2787 1246 2787 1177 2788 1176 2788 1183 2788 1165 2789 1247 2789 1166 2789 1165 2790 1248 2790 1247 2790 1178 2791 1177 2791 1183 2791 1164 2792 1248 2792 1165 2792 1164 2793 1249 2793 1248 2793 1179 2794 1178 2794 1183 2794 1163 2795 1249 2795 1164 2795 1163 2796 1250 2796 1249 2796 1162 2797 1250 2797 1163 2797 1162 2798 1251 2798 1250 2798 1161 2799 1251 2799 1162 2799 1161 2800 1252 2800 1251 2800 1160 2801 1252 2801 1161 2801 1160 2802 1253 2802 1252 2802 1159 2803 1253 2803 1160 2803 1159 2804 1628 2804 1253 2804 1158 2805 1628 2805 1159 2805 1157 2806 1628 2806 1158 2806 1156 2807 1628 2807 1157 2807 1155 2808 1628 2808 1156 2808 1154 2809 1628 2809 1155 2809 1153 2810 1628 2810 1154 2810 1152 2811 1628 2811 1153 2811 1151 2812 1628 2812 1152 2812 1129 2813 1132 2813 1130 2813 1129 2814 1133 2814 1132 2814 1129 2815 1134 2815 1133 2815 1129 2816 1135 2816 1134 2816 1129 2817 1136 2817 1135 2817 1129 2818 1137 2818 1136 2818 1128 2819 1137 2819 1129 2819 1120 2820 1138 2820 1137 2820 1120 2821 1137 2821 1128 2821 1121 2822 1120 2822 1128 2822 1119 2823 1139 2823 1138 2823 1119 2824 1138 2824 1120 2824 1122 2825 1121 2825 1128 2825 1118 2826 1139 2826 1119 2826 1123 2827 1122 2827 1128 2827 1117 2828 1139 2828 1118 2828 1117 2829 1140 2829 1139 2829 1124 2830 1123 2830 1128 2830 1116 2831 1141 2831 1140 2831 1116 2832 1140 2832 1117 2832 1125 2833 1124 2833 1128 2833 1115 2834 1141 2834 1116 2834 1115 2835 1142 2835 1141 2835 1126 2836 1125 2836 1128 2836 1114 2837 1143 2837 1142 2837 1114 2838 1142 2838 1115 2838 1113 2839 1144 2839 1143 2839 1113 2840 1143 2840 1114 2840 1112 2841 1144 2841 1113 2841 1112 2842 1145 2842 1144 2842 1111 2843 1146 2843 1145 2843 1111 2844 1145 2844 1112 2844 1110 2845 1146 2845 1111 2845 1110 2846 1147 2846 1146 2846 1109 2847 1148 2847 1147 2847 1109 2848 1147 2848 1110 2848 1108 2849 1148 2849 1109 2849 1108 2850 1149 2850 1148 2850 1107 2851 1150 2851 1149 2851 1107 2852 1149 2852 1108 2852 1106 2853 1151 2853 1150 2853 1106 2854 1150 2854 1107 2854 1106 2855 1628 2855 1151 2855 1105 2856 1628 2856 1106 2856 1104 2857 1628 2857 1105 2857 1103 2858 1628 2858 1104 2858 1102 2859 1628 2859 1103 2859 1101 2860 1628 2860 1102 2860 1100 2861 1628 2861 1101 2861 1099 2862 1628 2862 1100 2862 1072 2863 1079 2863 1073 2863 1072 2864 1080 2864 1079 2864 1072 2865 1081 2865 1080 2865 1072 2866 1082 2866 1081 2866 1072 2867 1083 2867 1082 2867 1072 2868 1084 2868 1083 2868 1066 2869 1065 2869 1071 2869 1064 2870 1071 2870 1065 2870 1067 2871 1066 2871 1071 2871 1063 2872 1071 2872 1064 2872 1063 2873 1072 2873 1071 2873 1063 2874 1084 2874 1072 2874 1068 2875 1067 2875 1071 2875 1062 2876 1084 2876 1063 2876 1062 2877 1085 2877 1084 2877 1069 2878 1068 2878 1071 2878 1061 2879 1085 2879 1062 2879 1061 2880 1086 2880 1085 2880 1061 2881 1087 2881 1086 2881 1060 2882 1087 2882 1061 2882 1060 2883 1088 2883 1087 2883 1059 2884 1088 2884 1060 2884 1059 2885 1089 2885 1088 2885 1058 2886 1089 2886 1059 2886 1058 2887 1090 2887 1089 2887 1057 2888 1090 2888 1058 2888 1057 2889 1091 2889 1090 2889 1056 2890 1091 2890 1057 2890 1056 2891 1092 2891 1091 2891 1055 2892 1092 2892 1056 2892 1055 2893 1093 2893 1092 2893 1054 2894 1093 2894 1055 2894 1054 2895 1094 2895 1093 2895 1053 2896 1094 2896 1054 2896 1053 2897 1095 2897 1094 2897 1052 2898 1095 2898 1053 2898 1052 2899 1096 2899 1095 2899 1051 2900 1096 2900 1052 2900 1051 2901 1097 2901 1096 2901 1050 2902 1097 2902 1051 2902 1050 2903 1098 2903 1097 2903 1049 2904 1098 2904 1050 2904 1049 2905 1099 2905 1098 2905 1048 2906 1099 2906 1049 2906 1048 2907 1628 2907 1099 2907 1047 2908 1628 2908 1048 2908 1015 2909 1022 2909 1016 2909 1015 2910 1023 2910 1022 2910 1015 2911 1024 2911 1023 2911 1015 2912 1025 2912 1024 2912 1015 2913 1026 2913 1025 2913 1015 2914 1027 2914 1026 2914 1012 2915 1011 2915 1014 2915 1010 2916 1014 2916 1011 2916 1013 2917 1012 2917 1014 2917 1009 2918 1014 2918 1010 2918 1008 2919 1014 2919 1009 2919 1007 2920 1015 2920 1014 2920 1007 2921 1014 2921 1008 2921 1007 2922 1027 2922 1015 2922 1006 2923 1028 2923 1027 2923 1006 2924 1027 2924 1007 2924 1005 2925 1028 2925 1006 2925 1005 2926 1029 2926 1028 2926 1005 2927 1030 2927 1029 2927 1004 2928 1030 2928 1005 2928 1004 2929 1031 2929 1030 2929 1003 2930 1031 2930 1004 2930 1003 2931 1032 2931 1031 2931 1002 2932 1032 2932 1003 2932 1002 2933 1033 2933 1032 2933 1001 2934 1033 2934 1002 2934 1001 2935 1034 2935 1033 2935 1000 2936 1034 2936 1001 2936 1000 2937 1035 2937 1034 2937 999 2938 1035 2938 1000 2938 999 2939 1036 2939 1035 2939 998 2940 1037 2940 1036 2940 998 2941 1036 2941 999 2941 997 2942 1038 2942 1037 2942 997 2943 1037 2943 998 2943 996 2944 1039 2944 1038 2944 996 2945 1038 2945 997 2945 995 2946 1039 2946 996 2946 995 2947 1040 2947 1039 2947 994 2948 1040 2948 995 2948 994 2949 1041 2949 1040 2949 993 2950 1041 2950 994 2950 929 2951 966 2951 930 2951 929 2952 967 2952 966 2952 929 2953 968 2953 967 2953 929 2954 969 2954 968 2954 929 2955 970 2955 969 2955 929 2956 971 2956 970 2956 928 2957 971 2957 929 2957 862 2958 928 2958 863 2958 861 2959 928 2959 862 2959 860 2960 928 2960 861 2960 859 2961 928 2961 860 2961 858 2962 928 2962 859 2962 857 2963 971 2963 928 2963 857 2964 972 2964 971 2964 857 2965 928 2965 858 2965 856 2966 972 2966 857 2966 856 2967 973 2967 972 2967 855 2968 973 2968 856 2968 854 2969 973 2969 855 2969 854 2970 974 2970 973 2970 853 2971 974 2971 854 2971 853 2972 975 2972 974 2972 852 2973 975 2973 853 2973 852 2974 976 2974 975 2974 851 2975 977 2975 976 2975 851 2976 976 2976 852 2976 850 2977 978 2977 977 2977 850 2978 977 2978 851 2978 849 2979 978 2979 850 2979 849 2980 979 2980 978 2980 848 2981 979 2981 849 2981 848 2982 980 2982 979 2982 847 2983 980 2983 848 2983 847 2984 981 2984 980 2984 846 2985 981 2985 847 2985 846 2986 982 2986 981 2986 845 2987 982 2987 846 2987 845 2988 983 2988 982 2988 844 2989 983 2989 845 2989 844 2990 984 2990 983 2990 1629 2991 1042 2991 1041 2991 1629 2992 984 2992 844 2992 1629 2993 1043 2993 1042 2993 1629 2994 1044 2994 1043 2994 1629 2995 837 2995 836 2995 1629 2996 1045 2996 1044 2996 1629 2997 838 2997 837 2997 1629 2998 1046 2998 1045 2998 1629 2999 839 2999 838 2999 1629 3000 1047 3000 1046 3000 1629 3001 840 3001 839 3001 1629 3002 841 3002 840 3002 1629 3003 842 3003 841 3003 1629 3004 1041 3004 993 3004 1629 3005 843 3005 842 3005 1629 3006 844 3006 843 3006 1629 3007 1628 3007 1047 3007 1629 3008 985 3008 984 3008 1629 3009 986 3009 985 3009 1629 3010 987 3010 986 3010 1629 3011 988 3011 987 3011 1629 3012 989 3012 988 3012 1629 3013 990 3013 989 3013 1629 3014 991 3014 990 3014 1629 3015 992 3015 991 3015 1629 3016 993 3016 992 3016 750 3017 816 3017 751 3017 750 3018 817 3018 816 3018 750 3019 818 3019 817 3019 750 3020 819 3020 818 3020 750 3021 820 3021 819 3021 749 3022 821 3022 820 3022 749 3023 822 3023 821 3023 749 3024 820 3024 750 3024 677 3025 823 3025 822 3025 677 3026 824 3026 823 3026 677 3027 825 3027 824 3027 677 3028 826 3028 825 3028 677 3029 827 3029 826 3029 677 3030 822 3030 749 3030 678 3031 828 3031 827 3031 678 3032 829 3032 828 3032 678 3033 830 3033 829 3033 678 3034 831 3034 830 3034 678 3035 832 3035 831 3035 678 3036 833 3036 832 3036 678 3037 834 3037 833 3037 678 3038 835 3038 834 3038 678 3039 836 3039 835 3039 678 3040 1629 3040 836 3040 678 3041 827 3041 677 3041 1628 3042 965 3042 1462 3042 1462 3043 965 3043 1463 3043 1627 3044 748 3044 1630 3044 748 3045 747 3045 1630 3045 1631 3046 747 3046 745 3046 814 3047 1632 3047 812 3047 1633 3048 682 3048 680 3048 1634 3049 680 3049 631 3049 1634 3050 1633 3050 680 3050 1635 3051 1634 3051 631 3051 1636 3052 684 3052 682 3052 1636 3053 1633 3053 1634 3053 1636 3054 682 3054 1633 3054 1637 3055 1635 3055 631 3055 1638 3056 1636 3056 1634 3056 1638 3057 1634 3057 1635 3057 1639 3058 686 3058 684 3058 1639 3059 689 3059 686 3059 1639 3060 684 3060 1636 3060 1640 3061 1637 3061 631 3061 1641 3062 1638 3062 1635 3062 1641 3063 1635 3063 1637 3063 1642 3064 1639 3064 1636 3064 1642 3065 1636 3065 1638 3065 1643 3066 1640 3066 631 3066 1644 3067 1637 3067 1640 3067 1644 3068 1641 3068 1637 3068 1645 3069 1638 3069 1641 3069 1645 3070 1642 3070 1638 3070 1646 3071 1643 3071 631 3071 1647 3072 691 3072 689 3072 1647 3073 1639 3073 1642 3073 1647 3074 689 3074 1639 3074 1648 3075 1644 3075 1640 3075 1648 3076 1640 3076 1643 3076 1649 3077 1645 3077 1641 3077 1649 3078 1641 3078 1644 3078 1650 3079 1646 3079 631 3079 1651 3080 1642 3080 1645 3080 1651 3081 1647 3081 1642 3081 1652 3082 1648 3082 1643 3082 1652 3083 1643 3083 1646 3083 1653 3084 693 3084 691 3084 1653 3085 696 3085 693 3085 1653 3086 691 3086 1647 3086 1654 3087 1649 3087 1644 3087 1654 3088 1644 3088 1648 3088 1655 3089 1650 3089 631 3089 1656 3090 1645 3090 1649 3090 1656 3091 1651 3091 1645 3091 1657 3092 1646 3092 1650 3092 1657 3093 1652 3093 1646 3093 1658 3094 1653 3094 1647 3094 1658 3095 1647 3095 1651 3095 1659 3096 1654 3096 1648 3096 1659 3097 1648 3097 1652 3097 1660 3098 1655 3098 631 3098 1661 3099 1656 3099 1649 3099 1661 3100 1649 3100 1654 3100 1662 3101 1657 3101 1650 3101 1662 3102 1650 3102 1655 3102 1663 3103 1658 3103 1651 3103 1663 3104 1651 3104 1656 3104 1664 3105 1652 3105 1657 3105 1664 3106 1659 3106 1652 3106 1665 3107 696 3107 1653 3107 1665 3108 698 3108 696 3108 1665 3109 1653 3109 1658 3109 1666 3110 1660 3110 631 3110 1666 3111 631 3111 752 3111 1667 3112 1654 3112 1659 3112 1667 3113 1661 3113 1654 3113 1668 3114 1662 3114 1655 3114 1668 3115 1655 3115 1660 3115 1669 3116 1656 3116 1661 3116 1669 3117 1663 3117 1656 3117 1670 3118 1657 3118 1662 3118 1670 3119 1664 3119 1657 3119 1671 3120 1665 3120 1658 3120 1671 3121 1658 3121 1663 3121 1672 3122 752 3122 755 3122 1672 3123 1666 3123 752 3123 1673 3124 1659 3124 1664 3124 1673 3125 1667 3125 1659 3125 1674 3126 700 3126 698 3126 1674 3127 698 3127 1665 3127 1675 3128 1660 3128 1666 3128 1675 3129 1668 3129 1660 3129 1676 3130 1669 3130 1661 3130 1676 3131 1661 3131 1667 3131 1677 3132 1662 3132 1668 3132 1677 3133 1670 3133 1662 3133 1678 3134 1671 3134 1663 3134 1678 3135 1663 3135 1669 3135 1679 3136 1664 3136 1670 3136 1679 3137 1673 3137 1664 3137 1680 3138 1665 3138 1671 3138 1680 3139 1674 3139 1665 3139 1681 3140 755 3140 756 3140 1681 3141 1675 3141 1666 3141 1681 3142 1672 3142 755 3142 1681 3143 1666 3143 1672 3143 1682 3144 1667 3144 1673 3144 1682 3145 1676 3145 1667 3145 1683 3146 1677 3146 1668 3146 1683 3147 1668 3147 1675 3147 1684 3148 1678 3148 1669 3148 1684 3149 1669 3149 1676 3149 1685 3150 1679 3150 1670 3150 1685 3151 1670 3151 1677 3151 1686 3152 1671 3152 1678 3152 1686 3153 1680 3153 1671 3153 1687 3154 1682 3154 1673 3154 1687 3155 1673 3155 1679 3155 1688 3156 702 3156 700 3156 1688 3157 705 3157 702 3157 1688 3158 1674 3158 1680 3158 1688 3159 700 3159 1674 3159 1689 3160 1675 3160 1681 3160 1689 3161 1683 3161 1675 3161 1690 3162 1676 3162 1682 3162 1690 3163 1684 3163 1676 3163 1691 3164 1677 3164 1683 3164 1691 3165 1685 3165 1677 3165 1692 3166 1686 3166 1678 3166 1692 3167 1678 3167 1684 3167 1693 3168 1679 3168 1685 3168 1693 3169 1687 3169 1679 3169 1694 3170 1688 3170 1680 3170 1694 3171 1680 3171 1686 3171 1695 3172 756 3172 759 3172 1695 3173 759 3173 761 3173 1695 3174 1689 3174 1681 3174 1695 3175 1681 3175 756 3175 1696 3176 1682 3176 1687 3176 1696 3177 1690 3177 1682 3177 1697 3178 705 3178 1688 3178 1697 3179 707 3179 705 3179 1698 3180 1691 3180 1683 3180 1698 3181 1683 3181 1689 3181 1699 3182 1684 3182 1690 3182 1699 3183 1692 3183 1684 3183 1700 3184 1693 3184 1685 3184 1700 3185 1685 3185 1691 3185 1701 3186 1686 3186 1692 3186 1701 3187 1694 3187 1686 3187 1702 3188 1687 3188 1693 3188 1702 3189 1696 3189 1687 3189 1703 3190 1688 3190 1694 3190 1703 3191 1697 3191 1688 3191 1704 3192 761 3192 762 3192 1704 3193 1689 3193 1695 3193 1704 3194 1695 3194 761 3194 1704 3195 1698 3195 1689 3195 1705 3196 1690 3196 1696 3196 1705 3197 1699 3197 1690 3197 1706 3198 1700 3198 1691 3198 1706 3199 1691 3199 1698 3199 1707 3200 1692 3200 1699 3200 1707 3201 1701 3201 1692 3201 1708 3202 1702 3202 1693 3202 1708 3203 1693 3203 1700 3203 1709 3204 1694 3204 1701 3204 1709 3205 1703 3205 1694 3205 1710 3206 1705 3206 1696 3206 1710 3207 1696 3207 1702 3207 1711 3208 709 3208 707 3208 1711 3209 711 3209 709 3209 1711 3210 707 3210 1697 3210 1711 3211 1697 3211 1703 3211 1712 3212 1698 3212 1704 3212 1712 3213 1706 3213 1698 3213 1713 3214 1707 3214 1699 3214 1713 3215 1699 3215 1705 3215 1714 3216 1700 3216 1706 3216 1714 3217 1708 3217 1700 3217 1715 3218 1701 3218 1707 3218 1715 3219 1709 3219 1701 3219 1716 3220 1702 3220 1708 3220 1716 3221 1710 3221 1702 3221 1717 3222 1703 3222 1709 3222 1717 3223 1711 3223 1703 3223 1718 3224 1704 3224 762 3224 1718 3225 762 3225 765 3225 1718 3226 765 3226 766 3226 1718 3227 1712 3227 1704 3227 1719 3228 1705 3228 1710 3228 1719 3229 1713 3229 1705 3229 1720 3230 713 3230 711 3230 1720 3231 711 3231 1711 3231 1721 3232 1714 3232 1706 3232 1721 3233 1706 3233 1712 3233 1722 3234 1715 3234 1707 3234 1722 3235 1707 3235 1713 3235 1723 3236 1716 3236 1708 3236 1723 3237 1708 3237 1714 3237 1724 3238 1717 3238 1709 3238 1724 3239 1709 3239 1715 3239 1725 3240 1710 3240 1716 3240 1725 3241 1719 3241 1710 3241 1726 3242 1711 3242 1717 3242 1726 3243 1720 3243 1711 3243 1727 3244 1718 3244 766 3244 1727 3245 1712 3245 1718 3245 1727 3246 1721 3246 1712 3246 1727 3247 766 3247 769 3247 1728 3248 1722 3248 1713 3248 1728 3249 1713 3249 1719 3249 1729 3250 1723 3250 1714 3250 1729 3251 1714 3251 1721 3251 1730 3252 1715 3252 1722 3252 1730 3253 1724 3253 1715 3253 1731 3254 1725 3254 1716 3254 1731 3255 1716 3255 1723 3255 1732 3256 1717 3256 1724 3256 1732 3257 1726 3257 1717 3257 1733 3258 1728 3258 1719 3258 1733 3259 1719 3259 1725 3259 1734 3260 713 3260 1720 3260 1734 3261 715 3261 713 3261 1734 3262 1720 3262 1726 3262 1735 3263 1729 3263 1721 3263 1735 3264 1721 3264 1727 3264 1736 3265 1722 3265 1728 3265 1736 3266 1730 3266 1722 3266 1737 3267 1723 3267 1729 3267 1737 3268 1731 3268 1723 3268 1738 3269 1724 3269 1730 3269 1738 3270 1732 3270 1724 3270 1739 3271 1725 3271 1731 3271 1739 3272 1733 3272 1725 3272 1740 3273 1726 3273 1732 3273 1740 3274 1734 3274 1726 3274 1741 3275 1727 3275 769 3275 1741 3276 769 3276 771 3276 1741 3277 1735 3277 1727 3277 1742 3278 1736 3278 1728 3278 1742 3279 1728 3279 1733 3279 1743 3280 717 3280 715 3280 1743 3281 719 3281 717 3281 1743 3282 715 3282 1734 3282 1744 3283 1737 3283 1729 3283 1744 3284 1729 3284 1735 3284 1745 3285 1738 3285 1730 3285 1745 3286 1730 3286 1736 3286 1746 3287 1731 3287 1737 3287 1746 3288 1739 3288 1731 3288 1747 3289 1732 3289 1738 3289 1747 3290 1740 3290 1732 3290 1748 3291 1733 3291 1739 3291 1748 3292 1742 3292 1733 3292 1749 3293 1734 3293 1740 3293 1749 3294 1743 3294 1734 3294 1750 3295 771 3295 773 3295 1750 3296 773 3296 774 3296 1750 3297 1744 3297 1735 3297 1750 3298 1741 3298 771 3298 1750 3299 1735 3299 1741 3299 1751 3300 1736 3300 1742 3300 1751 3301 1745 3301 1736 3301 1752 3302 1737 3302 1744 3302 1752 3303 1746 3303 1737 3303 1753 3304 1738 3304 1745 3304 1753 3305 1747 3305 1738 3305 1754 3306 1748 3306 1739 3306 1754 3307 1739 3307 1746 3307 1755 3308 1749 3308 1740 3308 1755 3309 1740 3309 1747 3309 1756 3310 1751 3310 1742 3310 1756 3311 1742 3311 1748 3311 1757 3312 719 3312 1743 3312 1757 3313 722 3313 719 3313 1757 3314 1743 3314 1749 3314 1758 3315 1744 3315 1750 3315 1758 3316 1752 3316 1744 3316 1759 3317 1745 3317 1751 3317 1759 3318 1753 3318 1745 3318 1760 3319 1754 3319 1746 3319 1760 3320 1746 3320 1752 3320 1761 3321 1755 3321 1747 3321 1761 3322 1747 3322 1753 3322 1762 3323 1748 3323 1754 3323 1762 3324 1756 3324 1748 3324 1763 3325 1749 3325 1755 3325 1763 3326 1757 3326 1749 3326 1764 3327 1758 3327 1750 3327 1764 3328 774 3328 777 3328 1764 3329 1750 3329 774 3329 1765 3330 1759 3330 1751 3330 1765 3331 1751 3331 1756 3331 1766 3332 724 3332 722 3332 1766 3333 726 3333 724 3333 1766 3334 722 3334 1757 3334 1767 3335 1752 3335 1758 3335 1767 3336 1760 3336 1752 3336 1768 3337 1753 3337 1759 3337 1768 3338 1761 3338 1753 3338 1769 3339 1762 3339 1754 3339 1769 3340 1754 3340 1760 3340 1770 3341 1755 3341 1761 3341 1770 3342 1763 3342 1755 3342 1771 3343 1756 3343 1762 3343 1771 3344 1765 3344 1756 3344 1772 3345 1766 3345 1757 3345 1772 3346 1757 3346 1763 3346 1773 3347 1767 3347 1758 3347 1773 3348 777 3348 779 3348 1773 3349 779 3349 781 3349 1773 3350 1764 3350 777 3350 1773 3351 1758 3351 1764 3351 1774 3352 1759 3352 1765 3352 1774 3353 1768 3353 1759 3353 1775 3354 1769 3354 1760 3354 1775 3355 1760 3355 1767 3355 1776 3356 1761 3356 1768 3356 1776 3357 1770 3357 1761 3357 1777 3358 1771 3358 1762 3358 1777 3359 1762 3359 1769 3359 1778 3360 1763 3360 1770 3360 1778 3361 1772 3361 1763 3361 1779 3362 1765 3362 1771 3362 1779 3363 1774 3363 1765 3363 1780 3364 728 3364 726 3364 1780 3365 1766 3365 1772 3365 1780 3366 726 3366 1766 3366 1781 3367 1775 3367 1767 3367 1781 3368 1767 3368 1773 3368 1782 3369 1768 3369 1774 3369 1782 3370 1776 3370 1768 3370 1783 3371 1769 3371 1775 3371 1783 3372 1777 3372 1769 3372 1784 3373 1778 3373 1770 3373 1784 3374 1770 3374 1776 3374 1785 3375 1771 3375 1777 3375 1785 3376 1779 3376 1771 3376 1786 3377 1772 3377 1778 3377 1786 3378 1780 3378 1772 3378 1787 3379 781 3379 782 3379 1787 3380 1773 3380 781 3380 1787 3381 1781 3381 1773 3381 1788 3382 1782 3382 1774 3382 1788 3383 1774 3383 1779 3383 1789 3384 730 3384 728 3384 1789 3385 728 3385 1780 3385 1790 3386 1783 3386 1775 3386 1790 3387 1775 3387 1781 3387 1791 3388 1776 3388 1782 3388 1791 3389 1784 3389 1776 3389 1792 3390 1785 3390 1777 3390 1792 3391 1777 3391 1783 3391 1793 3392 1786 3392 1778 3392 1793 3393 1778 3393 1784 3393 1794 3394 1779 3394 1785 3394 1794 3395 1788 3395 1779 3395 1795 3396 1780 3396 1786 3396 1795 3397 1789 3397 1780 3397 1796 3398 1787 3398 782 3398 1796 3399 1781 3399 1787 3399 1796 3400 1790 3400 1781 3400 1796 3401 782 3401 785 3401 1797 3402 1782 3402 1788 3402 1797 3403 1791 3403 1782 3403 1798 3404 1792 3404 1783 3404 1798 3405 1783 3405 1790 3405 1799 3406 1793 3406 1784 3406 1799 3407 1784 3407 1791 3407 1800 3408 1794 3408 1785 3408 1800 3409 1785 3409 1792 3409 1801 3410 1786 3410 1793 3410 1801 3411 1795 3411 1786 3411 1802 3412 1797 3412 1788 3412 1802 3413 1788 3413 1794 3413 1803 3414 1789 3414 1795 3414 1803 3415 730 3415 1789 3415 1803 3416 732 3416 730 3416 1803 3417 734 3417 732 3417 1804 3418 1790 3418 1796 3418 1804 3419 1798 3419 1790 3419 1805 3420 1791 3420 1797 3420 1805 3421 1799 3421 1791 3421 1806 3422 1792 3422 1798 3422 1806 3423 1800 3423 1792 3423 1807 3424 1793 3424 1799 3424 1807 3425 1801 3425 1793 3425 1808 3426 1794 3426 1800 3426 1808 3427 1802 3427 1794 3427 1809 3428 1803 3428 1795 3428 1809 3429 1795 3429 1801 3429 1810 3430 1796 3430 785 3430 1810 3431 1804 3431 1796 3431 1810 3432 785 3432 786 3432 1810 3433 786 3433 789 3433 1811 3434 1805 3434 1797 3434 1811 3435 1797 3435 1802 3435 1812 3436 736 3436 734 3436 1812 3437 734 3437 1803 3437 1813 3438 1798 3438 1804 3438 1813 3439 1806 3439 1798 3439 1814 3440 1807 3440 1799 3440 1814 3441 1799 3441 1805 3441 1815 3442 1800 3442 1806 3442 1815 3443 1808 3443 1800 3443 1816 3444 1809 3444 1801 3444 1816 3445 1801 3445 1807 3445 1817 3446 1811 3446 1802 3446 1817 3447 1802 3447 1808 3447 1818 3448 1803 3448 1809 3448 1818 3449 1812 3449 1803 3449 1819 3450 789 3450 791 3450 1819 3451 1813 3451 1804 3451 1819 3452 1804 3452 1810 3452 1819 3453 1810 3453 789 3453 1820 3454 1805 3454 1811 3454 1820 3455 1814 3455 1805 3455 1821 3456 1806 3456 1813 3456 1821 3457 1815 3457 1806 3457 1822 3458 1807 3458 1814 3458 1822 3459 1816 3459 1807 3459 1823 3460 1808 3460 1815 3460 1823 3461 1817 3461 1808 3461 1824 3462 1818 3462 1809 3462 1824 3463 1809 3463 1816 3463 1825 3464 1811 3464 1817 3464 1825 3465 1820 3465 1811 3465 1826 3466 1812 3466 1818 3466 1826 3467 739 3467 736 3467 1826 3468 741 3468 739 3468 1826 3469 736 3469 1812 3469 1827 3470 1813 3470 1819 3470 1827 3471 1821 3471 1813 3471 1828 3472 1822 3472 1814 3472 1828 3473 1814 3473 1820 3473 1829 3474 1815 3474 1821 3474 1829 3475 1823 3475 1815 3475 1830 3476 1824 3476 1816 3476 1830 3477 1816 3477 1822 3477 1831 3478 1817 3478 1823 3478 1831 3479 1825 3479 1817 3479 1832 3480 1818 3480 1824 3480 1832 3481 1826 3481 1818 3481 1833 3482 1827 3482 1819 3482 1833 3483 791 3483 792 3483 1833 3484 792 3484 795 3484 1833 3485 1819 3485 791 3485 1834 3486 1820 3486 1825 3486 1834 3487 1828 3487 1820 3487 1835 3488 741 3488 1826 3488 1835 3489 743 3489 741 3489 1836 3490 1829 3490 1821 3490 1836 3491 1821 3491 1827 3491 1837 3492 1822 3492 1828 3492 1837 3493 1830 3493 1822 3493 1838 3494 1823 3494 1829 3494 1838 3495 1831 3495 1823 3495 1839 3496 1824 3496 1830 3496 1839 3497 1832 3497 1824 3497 1840 3498 1825 3498 1831 3498 1840 3499 1834 3499 1825 3499 1841 3500 1835 3500 1826 3500 1841 3501 1826 3501 1832 3501 1842 3502 1827 3502 1833 3502 1842 3503 1833 3503 795 3503 1842 3504 795 3504 796 3504 1842 3505 1836 3505 1827 3505 1843 3506 1828 3506 1834 3506 1843 3507 1837 3507 1828 3507 1844 3508 1829 3508 1836 3508 1844 3509 1838 3509 1829 3509 1845 3510 1830 3510 1837 3510 1845 3511 1839 3511 1830 3511 1846 3512 1831 3512 1838 3512 1846 3513 1840 3513 1831 3513 1847 3514 1832 3514 1839 3514 1847 3515 1841 3515 1832 3515 1848 3516 1843 3516 1834 3516 1848 3517 1834 3517 1840 3517 1849 3518 745 3518 743 3518 1849 3519 1835 3519 1841 3519 1849 3520 1850 3520 1631 3520 1849 3521 743 3521 1835 3521 1849 3522 1631 3522 745 3522 1851 3523 1844 3523 1836 3523 1851 3524 1836 3524 1842 3524 1852 3525 1837 3525 1843 3525 1852 3526 1845 3526 1837 3526 1853 3527 1838 3527 1844 3527 1853 3528 1846 3528 1838 3528 1854 3529 1839 3529 1845 3529 1854 3530 1847 3530 1839 3530 1855 3531 1840 3531 1846 3531 1855 3532 1848 3532 1840 3532 1856 3533 1849 3533 1841 3533 1856 3534 1850 3534 1849 3534 1856 3535 1857 3535 1850 3535 1856 3536 1841 3536 1847 3536 1858 3537 1851 3537 1842 3537 1858 3538 796 3538 799 3538 1858 3539 1842 3539 796 3539 1859 3540 1843 3540 1848 3540 1859 3541 1852 3541 1843 3541 1860 3542 1844 3542 1851 3542 1860 3543 1853 3543 1844 3543 1861 3544 1845 3544 1852 3544 1861 3545 1854 3545 1845 3545 1862 3546 1855 3546 1846 3546 1862 3547 1846 3547 1853 3547 1863 3548 1856 3548 1847 3548 1863 3549 1847 3549 1854 3549 1863 3550 1857 3550 1856 3550 1863 3551 1864 3551 1857 3551 1863 3552 1865 3552 1864 3552 1866 3553 1848 3553 1855 3553 1866 3554 1859 3554 1848 3554 1867 3555 1860 3555 1851 3555 1867 3556 1858 3556 799 3556 1867 3557 1851 3557 1858 3557 1867 3558 799 3558 801 3558 1867 3559 801 3559 802 3559 1868 3560 1861 3560 1852 3560 1868 3561 1852 3561 1859 3561 1869 3562 1853 3562 1860 3562 1869 3563 1862 3563 1853 3563 1870 3564 1863 3564 1854 3564 1870 3565 1854 3565 1861 3565 1870 3566 1865 3566 1863 3566 1870 3567 1871 3567 1865 3567 1872 3568 1855 3568 1862 3568 1872 3569 1866 3569 1855 3569 1873 3570 1859 3570 1866 3570 1873 3571 1868 3571 1859 3571 1874 3572 1869 3572 1860 3572 1874 3573 1860 3573 1867 3573 1875 3574 1861 3574 1868 3574 1875 3575 1871 3575 1870 3575 1875 3576 1876 3576 1871 3576 1875 3577 1870 3577 1861 3577 1877 3578 1872 3578 1862 3578 1877 3579 1862 3579 1869 3579 1878 3580 1866 3580 1872 3580 1878 3581 1873 3581 1866 3581 1879 3582 1867 3582 802 3582 1879 3583 1874 3583 1867 3583 1879 3584 802 3584 805 3584 1880 3585 1868 3585 1873 3585 1880 3586 1875 3586 1868 3586 1880 3587 1876 3587 1875 3587 1880 3588 1881 3588 1876 3588 1880 3589 1882 3589 1881 3589 1883 3590 1869 3590 1874 3590 1883 3591 1877 3591 1869 3591 1884 3592 1878 3592 1872 3592 1884 3593 1872 3593 1877 3593 1885 3594 1873 3594 1878 3594 1885 3595 1880 3595 1873 3595 1885 3596 1886 3596 1882 3596 1885 3597 1882 3597 1880 3597 1887 3598 805 3598 806 3598 1887 3599 806 3599 808 3599 1887 3600 1883 3600 1874 3600 1887 3601 1874 3601 1879 3601 1887 3602 1879 3602 805 3602 1888 3603 1877 3603 1883 3603 1888 3604 1884 3604 1877 3604 1889 3605 1885 3605 1878 3605 1889 3606 1878 3606 1884 3606 1889 3607 1890 3607 1886 3607 1889 3608 1886 3608 1885 3608 1891 3609 1888 3609 1883 3609 1891 3610 1883 3610 1887 3610 1892 3611 1884 3611 1888 3611 1892 3612 1890 3612 1889 3612 1892 3613 1893 3613 1890 3613 1892 3614 1894 3614 1893 3614 1892 3615 1889 3615 1884 3615 1895 3616 1891 3616 1887 3616 1895 3617 1887 3617 808 3617 1895 3618 808 3618 811 3618 1896 3619 1894 3619 1892 3619 1896 3620 1897 3620 1894 3620 1896 3621 1892 3621 1888 3621 1896 3622 1888 3622 1891 3622 1898 3623 1895 3623 811 3623 1898 3624 1896 3624 1891 3624 1898 3625 812 3625 1632 3625 1898 3626 1891 3626 1895 3626 1898 3627 811 3627 812 3627 1898 3628 1632 3628 1897 3628 1898 3629 1897 3629 1896 3629 814 3630 815 3630 1899 3630 1899 3631 815 3631 1900 3631 1901 3632 815 3632 813 3632 926 3633 1902 3633 925 3633 1903 3634 754 3634 753 3634 1904 3635 753 3635 281 3635 1904 3636 1903 3636 753 3636 1905 3637 1904 3637 281 3637 1906 3638 757 3638 754 3638 1906 3639 1903 3639 1904 3639 1906 3640 754 3640 1903 3640 1907 3641 1905 3641 281 3641 1908 3642 1906 3642 1904 3642 1908 3643 1904 3643 1905 3643 1909 3644 758 3644 757 3644 1909 3645 760 3645 758 3645 1909 3646 757 3646 1906 3646 1910 3647 1907 3647 281 3647 1911 3648 1908 3648 1905 3648 1911 3649 1905 3649 1907 3649 1912 3650 1906 3650 1908 3650 1912 3651 1909 3651 1906 3651 1913 3652 1910 3652 281 3652 1914 3653 1911 3653 1907 3653 1914 3654 1907 3654 1910 3654 1915 3655 1908 3655 1911 3655 1915 3656 1912 3656 1908 3656 1916 3657 1913 3657 281 3657 1917 3658 763 3658 760 3658 1917 3659 1909 3659 1912 3659 1917 3660 760 3660 1909 3660 1918 3661 1914 3661 1910 3661 1918 3662 1910 3662 1913 3662 1919 3663 1915 3663 1911 3663 1919 3664 1911 3664 1914 3664 1920 3665 1916 3665 281 3665 1921 3666 1912 3666 1915 3666 1921 3667 1917 3667 1912 3667 1922 3668 1918 3668 1913 3668 1922 3669 1913 3669 1916 3669 1923 3670 764 3670 763 3670 1923 3671 767 3671 764 3671 1923 3672 763 3672 1917 3672 1924 3673 1919 3673 1914 3673 1924 3674 1914 3674 1918 3674 1925 3675 1920 3675 281 3675 1926 3676 1921 3676 1915 3676 1926 3677 1915 3677 1919 3677 1927 3678 1916 3678 1920 3678 1927 3679 1922 3679 1916 3679 1928 3680 1923 3680 1917 3680 1928 3681 1917 3681 1921 3681 1929 3682 1924 3682 1918 3682 1929 3683 1918 3683 1922 3683 1930 3684 1925 3684 281 3684 1931 3685 1919 3685 1924 3685 1931 3686 1926 3686 1919 3686 1932 3687 1927 3687 1920 3687 1932 3688 1920 3688 1925 3688 1933 3689 1921 3689 1926 3689 1933 3690 1928 3690 1921 3690 1934 3691 1922 3691 1927 3691 1934 3692 1929 3692 1922 3692 1935 3693 767 3693 1923 3693 1935 3694 768 3694 767 3694 1935 3695 1923 3695 1928 3695 1936 3696 1930 3696 281 3696 1936 3697 281 3697 864 3697 1937 3698 1931 3698 1924 3698 1937 3699 1924 3699 1929 3699 1938 3700 1932 3700 1925 3700 1938 3701 1925 3701 1930 3701 1939 3702 1926 3702 1931 3702 1939 3703 1933 3703 1926 3703 1940 3704 1927 3704 1932 3704 1940 3705 1934 3705 1927 3705 1941 3706 1935 3706 1928 3706 1941 3707 1928 3707 1933 3707 1942 3708 864 3708 866 3708 1942 3709 1936 3709 864 3709 1943 3710 1937 3710 1929 3710 1943 3711 1929 3711 1934 3711 1944 3712 770 3712 768 3712 1944 3713 768 3713 1935 3713 1945 3714 1930 3714 1936 3714 1945 3715 1938 3715 1930 3715 1946 3716 1939 3716 1931 3716 1946 3717 1931 3717 1937 3717 1947 3718 1932 3718 1938 3718 1947 3719 1940 3719 1932 3719 1948 3720 1941 3720 1933 3720 1948 3721 1933 3721 1939 3721 1949 3722 1934 3722 1940 3722 1949 3723 1943 3723 1934 3723 1950 3724 1935 3724 1941 3724 1950 3725 1944 3725 1935 3725 1951 3726 866 3726 868 3726 1951 3727 1945 3727 1936 3727 1951 3728 1942 3728 866 3728 1951 3729 1936 3729 1942 3729 1952 3730 1937 3730 1943 3730 1952 3731 1946 3731 1937 3731 1953 3732 1938 3732 1945 3732 1953 3733 1947 3733 1938 3733 1954 3734 1939 3734 1946 3734 1954 3735 1948 3735 1939 3735 1955 3736 1940 3736 1947 3736 1955 3737 1949 3737 1940 3737 1956 3738 1941 3738 1948 3738 1956 3739 1950 3739 1941 3739 1957 3740 1952 3740 1943 3740 1957 3741 1943 3741 1949 3741 1958 3742 772 3742 770 3742 1958 3743 775 3743 772 3743 1958 3744 1944 3744 1950 3744 1958 3745 770 3745 1944 3745 1959 3746 1945 3746 1951 3746 1959 3747 1953 3747 1945 3747 1960 3748 1946 3748 1952 3748 1960 3749 1954 3749 1946 3749 1961 3750 1955 3750 1947 3750 1961 3751 1947 3751 1953 3751 1962 3752 1956 3752 1948 3752 1962 3753 1948 3753 1954 3753 1963 3754 1949 3754 1955 3754 1963 3755 1957 3755 1949 3755 1964 3756 1958 3756 1950 3756 1964 3757 1950 3757 1956 3757 1965 3758 1951 3758 868 3758 1965 3759 868 3759 870 3759 1965 3760 870 3760 872 3760 1965 3761 1959 3761 1951 3761 1966 3762 1952 3762 1957 3762 1966 3763 1960 3763 1952 3763 1967 3764 775 3764 1958 3764 1967 3765 776 3765 775 3765 1968 3766 1953 3766 1959 3766 1968 3767 1961 3767 1953 3767 1969 3768 1954 3768 1960 3768 1969 3769 1962 3769 1954 3769 1970 3770 1955 3770 1961 3770 1970 3771 1963 3771 1955 3771 1971 3772 1956 3772 1962 3772 1971 3773 1964 3773 1956 3773 1972 3774 1966 3774 1957 3774 1972 3775 1957 3775 1963 3775 1973 3776 1958 3776 1964 3776 1973 3777 1967 3777 1958 3777 1974 3778 1968 3778 1959 3778 1974 3779 872 3779 874 3779 1974 3780 1965 3780 872 3780 1974 3781 1959 3781 1965 3781 1975 3782 1960 3782 1966 3782 1975 3783 1969 3783 1960 3783 1976 3784 1961 3784 1968 3784 1976 3785 1970 3785 1961 3785 1977 3786 1962 3786 1969 3786 1977 3787 1971 3787 1962 3787 1978 3788 1963 3788 1970 3788 1978 3789 1972 3789 1963 3789 1979 3790 1964 3790 1971 3790 1979 3791 1973 3791 1964 3791 1980 3792 1966 3792 1972 3792 1980 3793 1975 3793 1966 3793 1981 3794 778 3794 776 3794 1981 3795 780 3795 778 3795 1981 3796 776 3796 1967 3796 1981 3797 1967 3797 1973 3797 1982 3798 1976 3798 1968 3798 1982 3799 1968 3799 1974 3799 1983 3800 1977 3800 1969 3800 1983 3801 1969 3801 1975 3801 1984 3802 1978 3802 1970 3802 1984 3803 1970 3803 1976 3803 1985 3804 1971 3804 1977 3804 1985 3805 1979 3805 1971 3805 1986 3806 1980 3806 1972 3806 1986 3807 1972 3807 1978 3807 1987 3808 1973 3808 1979 3808 1987 3809 1981 3809 1973 3809 1988 3810 874 3810 876 3810 1988 3811 876 3811 878 3811 1988 3812 1974 3812 874 3812 1988 3813 1982 3813 1974 3813 1989 3814 1975 3814 1980 3814 1989 3815 1983 3815 1975 3815 1990 3816 783 3816 780 3816 1990 3817 780 3817 1981 3817 1991 3818 1976 3818 1982 3818 1991 3819 1984 3819 1976 3819 1992 3820 1977 3820 1983 3820 1992 3821 1985 3821 1977 3821 1993 3822 1986 3822 1978 3822 1993 3823 1978 3823 1984 3823 1994 3824 1987 3824 1979 3824 1994 3825 1979 3825 1985 3825 1995 3826 1989 3826 1980 3826 1995 3827 1980 3827 1986 3827 1996 3828 1981 3828 1987 3828 1996 3829 1990 3829 1981 3829 1997 3830 1988 3830 878 3830 1997 3831 1982 3831 1988 3831 1997 3832 1991 3832 1982 3832 1997 3833 878 3833 880 3833 1998 3834 1992 3834 1983 3834 1998 3835 1983 3835 1989 3835 1999 3836 1993 3836 1984 3836 1999 3837 1984 3837 1991 3837 2000 3838 1985 3838 1992 3838 2000 3839 1994 3839 1985 3839 2001 3840 1995 3840 1986 3840 2001 3841 1986 3841 1993 3841 2002 3842 1987 3842 1994 3842 2002 3843 1996 3843 1987 3843 2003 3844 1998 3844 1989 3844 2003 3845 1989 3845 1995 3845 2004 3846 783 3846 1990 3846 2004 3847 784 3847 783 3847 2004 3848 1990 3848 1996 3848 2005 3849 1999 3849 1991 3849 2005 3850 1991 3850 1997 3850 2006 3851 2000 3851 1992 3851 2006 3852 1992 3852 1998 3852 2007 3853 2001 3853 1993 3853 2007 3854 1993 3854 1999 3854 2008 3855 2002 3855 1994 3855 2008 3856 1994 3856 2000 3856 2009 3857 2003 3857 1995 3857 2009 3858 1995 3858 2001 3858 2010 3859 2004 3859 1996 3859 2010 3860 1996 3860 2002 3860 2011 3861 2005 3861 1997 3861 2011 3862 1997 3862 880 3862 2011 3863 880 3863 882 3863 2012 3864 2006 3864 1998 3864 2012 3865 1998 3865 2003 3865 2013 3866 787 3866 784 3866 2013 3867 788 3867 787 3867 2013 3868 784 3868 2004 3868 2014 3869 1999 3869 2005 3869 2014 3870 2007 3870 1999 3870 2015 3871 2000 3871 2006 3871 2015 3872 2008 3872 2000 3872 2016 3873 2001 3873 2007 3873 2016 3874 2009 3874 2001 3874 2017 3875 2002 3875 2008 3875 2017 3876 2010 3876 2002 3876 2018 3877 2003 3877 2009 3877 2018 3878 2012 3878 2003 3878 2019 3879 2004 3879 2010 3879 2019 3880 2013 3880 2004 3880 2020 3881 882 3881 884 3881 2020 3882 884 3882 886 3882 2020 3883 2005 3883 2011 3883 2020 3884 2014 3884 2005 3884 2020 3885 2011 3885 882 3885 2021 3886 2015 3886 2006 3886 2021 3887 2006 3887 2012 3887 2022 3888 2016 3888 2007 3888 2022 3889 2007 3889 2014 3889 2023 3890 2008 3890 2015 3890 2023 3891 2017 3891 2008 3891 2024 3892 2018 3892 2009 3892 2024 3893 2009 3893 2016 3893 2025 3894 2019 3894 2010 3894 2025 3895 2010 3895 2017 3895 2026 3896 2012 3896 2018 3896 2026 3897 2021 3897 2012 3897 2027 3898 2013 3898 2019 3898 2027 3899 790 3899 788 3899 2027 3900 788 3900 2013 3900 2028 3901 2014 3901 2020 3901 2028 3902 2022 3902 2014 3902 2029 3903 2015 3903 2021 3903 2029 3904 2023 3904 2015 3904 2030 3905 2024 3905 2016 3905 2030 3906 2016 3906 2022 3906 2031 3907 2025 3907 2017 3907 2031 3908 2017 3908 2023 3908 2032 3909 2026 3909 2018 3909 2032 3910 2018 3910 2024 3910 2033 3911 2019 3911 2025 3911 2033 3912 2027 3912 2019 3912 2034 3913 2028 3913 2020 3913 2034 3914 886 3914 888 3914 2034 3915 2020 3915 886 3915 2035 3916 2029 3916 2021 3916 2035 3917 2021 3917 2026 3917 2036 3918 793 3918 790 3918 2036 3919 794 3919 793 3919 2036 3920 790 3920 2027 3920 2037 3921 2022 3921 2028 3921 2037 3922 2030 3922 2022 3922 2038 3923 2031 3923 2023 3923 2038 3924 2023 3924 2029 3924 2039 3925 2032 3925 2024 3925 2039 3926 2024 3926 2030 3926 2040 3927 2033 3927 2025 3927 2040 3928 2025 3928 2031 3928 2041 3929 2026 3929 2032 3929 2041 3930 2035 3930 2026 3930 2042 3931 2036 3931 2027 3931 2042 3932 2027 3932 2033 3932 2043 3933 2028 3933 2034 3933 2043 3934 2037 3934 2028 3934 2043 3935 888 3935 890 3935 2043 3936 890 3936 892 3936 2043 3937 2034 3937 888 3937 2044 3938 2029 3938 2035 3938 2044 3939 2038 3939 2029 3939 2045 3940 2039 3940 2030 3940 2045 3941 2030 3941 2037 3941 2046 3942 2031 3942 2038 3942 2046 3943 2040 3943 2031 3943 2047 3944 2032 3944 2039 3944 2047 3945 2041 3945 2032 3945 2048 3946 2042 3946 2033 3946 2048 3947 2033 3947 2040 3947 2049 3948 2044 3948 2035 3948 2049 3949 2035 3949 2041 3949 2050 3950 797 3950 794 3950 2050 3951 794 3951 2036 3951 2050 3952 2036 3952 2042 3952 2051 3953 2037 3953 2043 3953 2051 3954 2045 3954 2037 3954 2052 3955 2038 3955 2044 3955 2052 3956 2046 3956 2038 3956 2053 3957 2047 3957 2039 3957 2053 3958 2039 3958 2045 3958 2054 3959 2040 3959 2046 3959 2054 3960 2048 3960 2040 3960 2055 3961 2049 3961 2041 3961 2055 3962 2041 3962 2047 3962 2056 3963 2050 3963 2042 3963 2056 3964 2042 3964 2048 3964 2057 3965 892 3965 894 3965 2057 3966 2043 3966 892 3966 2057 3967 2051 3967 2043 3967 2058 3968 2044 3968 2049 3968 2058 3969 2052 3969 2044 3969 2059 3970 798 3970 797 3970 2059 3971 797 3971 2050 3971 2060 3972 2053 3972 2045 3972 2060 3973 2045 3973 2051 3973 2061 3974 2046 3974 2052 3974 2061 3975 2054 3975 2046 3975 2062 3976 2055 3976 2047 3976 2062 3977 2047 3977 2053 3977 2063 3978 2048 3978 2054 3978 2063 3979 2056 3979 2048 3979 2064 3980 2049 3980 2055 3980 2064 3981 2058 3981 2049 3981 2065 3982 2050 3982 2056 3982 2065 3983 2059 3983 2050 3983 2066 3984 2051 3984 2057 3984 2066 3985 894 3985 896 3985 2066 3986 2060 3986 2051 3986 2066 3987 2057 3987 894 3987 2067 3988 2061 3988 2052 3988 2067 3989 2052 3989 2058 3989 2068 3990 2062 3990 2053 3990 2068 3991 2053 3991 2060 3991 2069 3992 2063 3992 2054 3992 2069 3993 2054 3993 2061 3993 2070 3994 2055 3994 2062 3994 2070 3995 2064 3995 2055 3995 2071 3996 2065 3996 2056 3996 2071 3997 2056 3997 2063 3997 2072 3998 2058 3998 2064 3998 2072 3999 2067 3999 2058 3999 2073 4000 2059 4000 2065 4000 2073 4001 798 4001 2059 4001 2073 4002 800 4002 798 4002 2073 4003 803 4003 800 4003 2074 4004 2060 4004 2066 4004 2074 4005 2068 4005 2060 4005 2075 4006 2061 4006 2067 4006 2075 4007 2069 4007 2061 4007 2076 4008 2062 4008 2068 4008 2076 4009 2070 4009 2062 4009 2077 4010 2071 4010 2063 4010 2077 4011 2063 4011 2069 4011 2078 4012 2072 4012 2064 4012 2078 4013 2064 4013 2070 4013 2079 4014 2073 4014 2065 4014 2079 4015 2065 4015 2071 4015 2080 4016 2074 4016 2066 4016 2080 4017 2066 4017 896 4017 2080 4018 896 4018 898 4018 2080 4019 898 4019 900 4019 2081 4020 2067 4020 2072 4020 2081 4021 2075 4021 2067 4021 2082 4022 804 4022 803 4022 2082 4023 803 4023 2073 4023 2083 4024 2068 4024 2074 4024 2083 4025 2076 4025 2068 4025 2084 4026 2069 4026 2075 4026 2084 4027 2077 4027 2069 4027 2085 4028 2070 4028 2076 4028 2085 4029 2078 4029 2070 4029 2086 4030 2071 4030 2077 4030 2086 4031 2079 4031 2071 4031 2087 4032 2081 4032 2072 4032 2087 4033 2072 4033 2078 4033 2088 4034 2073 4034 2079 4034 2088 4035 2082 4035 2073 4035 2089 4036 900 4036 902 4036 2089 4037 2074 4037 2080 4037 2089 4038 2083 4038 2074 4038 2089 4039 2080 4039 900 4039 2090 4040 2075 4040 2081 4040 2090 4041 2084 4041 2075 4041 2091 4042 2076 4042 2083 4042 2091 4043 2085 4043 2076 4043 2092 4044 2086 4044 2077 4044 2092 4045 2077 4045 2084 4045 2093 4046 2087 4046 2078 4046 2093 4047 2078 4047 2085 4047 2094 4048 2088 4048 2079 4048 2094 4049 2079 4049 2086 4049 2095 4050 2081 4050 2087 4050 2095 4051 2090 4051 2081 4051 2096 4052 2082 4052 2088 4052 2096 4053 807 4053 804 4053 2096 4054 809 4054 807 4054 2096 4055 804 4055 2082 4055 2097 4056 2083 4056 2089 4056 2097 4057 2091 4057 2083 4057 2098 4058 2092 4058 2084 4058 2098 4059 2084 4059 2090 4059 2099 4060 2085 4060 2091 4060 2099 4061 2093 4061 2085 4061 2100 4062 2086 4062 2092 4062 2100 4063 2094 4063 2086 4063 2101 4064 2087 4064 2093 4064 2101 4065 2095 4065 2087 4065 2102 4066 2088 4066 2094 4066 2102 4067 2096 4067 2088 4067 2103 4068 2097 4068 2089 4068 2103 4069 902 4069 904 4069 2103 4070 904 4070 906 4070 2103 4071 2089 4071 902 4071 2104 4072 2090 4072 2095 4072 2104 4073 2098 4073 2090 4073 2105 4074 809 4074 2096 4074 2105 4075 810 4075 809 4075 2106 4076 2091 4076 2097 4076 2106 4077 2099 4077 2091 4077 2107 4078 2092 4078 2098 4078 2107 4079 2100 4079 2092 4079 2108 4080 2093 4080 2099 4080 2108 4081 2101 4081 2093 4081 2109 4082 2102 4082 2094 4082 2109 4083 2094 4083 2100 4083 2110 4084 2095 4084 2101 4084 2110 4085 2104 4085 2095 4085 2111 4086 2096 4086 2102 4086 2111 4087 2105 4087 2096 4087 2112 4088 2097 4088 2103 4088 2112 4089 2106 4089 2097 4089 2112 4090 2103 4090 906 4090 2112 4091 906 4091 908 4091 2113 4092 2107 4092 2098 4092 2113 4093 2098 4093 2104 4093 2114 4094 2108 4094 2099 4094 2114 4095 2099 4095 2106 4095 2115 4096 2109 4096 2100 4096 2115 4097 2100 4097 2107 4097 2116 4098 2101 4098 2108 4098 2116 4099 2110 4099 2101 4099 2117 4100 2111 4100 2102 4100 2117 4101 2102 4101 2109 4101 2118 4102 2113 4102 2104 4102 2118 4103 2104 4103 2110 4103 2119 4104 810 4104 2105 4104 2119 4105 813 4105 810 4105 2119 4106 2105 4106 2111 4106 2119 4107 2120 4107 1901 4107 2119 4108 1901 4108 813 4108 2121 4109 2106 4109 2112 4109 2121 4110 2114 4110 2106 4110 2122 4111 2107 4111 2113 4111 2122 4112 2115 4112 2107 4112 2123 4113 2108 4113 2114 4113 2123 4114 2116 4114 2108 4114 2124 4115 2117 4115 2109 4115 2124 4116 2109 4116 2115 4116 2125 4117 2118 4117 2110 4117 2125 4118 2110 4118 2116 4118 2126 4119 2119 4119 2111 4119 2126 4120 2120 4120 2119 4120 2126 4121 2127 4121 2120 4121 2126 4122 2111 4122 2117 4122 2128 4123 2121 4123 2112 4123 2128 4124 908 4124 910 4124 2128 4125 2112 4125 908 4125 2129 4126 2113 4126 2118 4126 2129 4127 2122 4127 2113 4127 2130 4128 2114 4128 2121 4128 2130 4129 2123 4129 2114 4129 2131 4130 2124 4130 2115 4130 2131 4131 2115 4131 2122 4131 2132 4132 2116 4132 2123 4132 2132 4133 2125 4133 2116 4133 2133 4134 2117 4134 2124 4134 2133 4135 2127 4135 2126 4135 2133 4136 2134 4136 2127 4136 2133 4137 2135 4137 2134 4137 2133 4138 2126 4138 2117 4138 2136 4139 2118 4139 2125 4139 2136 4140 2129 4140 2118 4140 2137 4141 2128 4141 910 4141 2137 4142 2130 4142 2121 4142 2137 4143 910 4143 912 4143 2137 4144 912 4144 914 4144 2137 4145 2121 4145 2128 4145 2138 4146 2122 4146 2129 4146 2138 4147 2131 4147 2122 4147 2139 4148 2123 4148 2130 4148 2139 4149 2132 4149 2123 4149 2140 4150 2133 4150 2124 4150 2140 4151 2124 4151 2131 4151 2140 4152 2135 4152 2133 4152 2140 4153 2141 4153 2135 4153 2142 4154 2136 4154 2125 4154 2142 4155 2125 4155 2132 4155 2143 4156 2129 4156 2136 4156 2143 4157 2138 4157 2129 4157 2144 4158 2139 4158 2130 4158 2144 4159 2130 4159 2137 4159 2145 4160 2140 4160 2131 4160 2145 4161 2131 4161 2138 4161 2145 4162 2141 4162 2140 4162 2145 4163 2146 4163 2141 4163 2147 4164 2132 4164 2139 4164 2147 4165 2142 4165 2132 4165 2148 4166 2143 4166 2136 4166 2148 4167 2136 4167 2142 4167 2149 4168 2137 4168 914 4168 2149 4169 2144 4169 2137 4169 2149 4170 914 4170 916 4170 2150 4171 2145 4171 2138 4171 2150 4172 2138 4172 2143 4172 2150 4173 2146 4173 2145 4173 2150 4174 2151 4174 2146 4174 2150 4175 2152 4175 2151 4175 2153 4176 2139 4176 2144 4176 2153 4177 2147 4177 2139 4177 2154 4178 2148 4178 2142 4178 2154 4179 2142 4179 2147 4179 2155 4180 2143 4180 2148 4180 2155 4181 2150 4181 2143 4181 2155 4182 2156 4182 2152 4182 2155 4183 2152 4183 2150 4183 2157 4184 2153 4184 2144 4184 2157 4185 916 4185 918 4185 2157 4186 918 4186 920 4186 2157 4187 2144 4187 2149 4187 2157 4188 2149 4188 916 4188 2158 4189 2147 4189 2153 4189 2158 4190 2154 4190 2147 4190 2159 4191 2148 4191 2154 4191 2159 4192 2155 4192 2148 4192 2159 4193 2160 4193 2156 4193 2159 4194 2156 4194 2155 4194 2161 4195 2158 4195 2153 4195 2161 4196 2153 4196 2157 4196 2162 4197 2154 4197 2158 4197 2162 4198 2160 4198 2159 4198 2162 4199 2163 4199 2160 4199 2162 4200 2164 4200 2163 4200 2162 4201 2159 4201 2154 4201 2165 4202 920 4202 922 4202 2165 4203 2157 4203 920 4203 2165 4204 2161 4204 2157 4204 2166 4205 2167 4205 2164 4205 2166 4206 2158 4206 2161 4206 2166 4207 2162 4207 2158 4207 2166 4208 2164 4208 2162 4208 2168 4209 2167 4209 2166 4209 2168 4210 2165 4210 922 4210 2168 4211 2161 4211 2165 4211 2168 4212 2166 4212 2161 4212 2168 4213 925 4213 1902 4213 2168 4214 922 4214 925 4214 2168 4215 1902 4215 2167 4215 926 4216 927 4216 2169 4216 2169 4217 927 4217 964 4217 933 4218 1628 4218 2170 4218 933 4219 965 4219 1628 4219 931 4220 2170 4220 2171 4220 931 4221 2171 4221 2172 4221 931 4222 933 4222 2170 4222 934 4223 931 4223 2172 4223 935 4224 2172 4224 2173 4224 935 4225 934 4225 2172 4225 936 4226 2173 4226 2174 4226 936 4227 935 4227 2173 4227 937 4228 2174 4228 2175 4228 937 4229 936 4229 2174 4229 938 4230 2175 4230 2176 4230 938 4231 937 4231 2175 4231 939 4232 2176 4232 2177 4232 939 4233 2177 4233 2178 4233 939 4234 938 4234 2176 4234 940 4235 939 4235 2178 4235 941 4236 2178 4236 2179 4236 941 4237 940 4237 2178 4237 942 4238 2179 4238 2180 4238 942 4239 941 4239 2179 4239 943 4240 2180 4240 2181 4240 943 4241 2181 4241 2182 4241 943 4242 942 4242 2180 4242 944 4243 943 4243 2182 4243 945 4244 944 4244 2182 4244 945 4245 2182 4245 2183 4245 946 4246 2183 4246 2184 4246 946 4247 945 4247 2183 4247 947 4248 2184 4248 2185 4248 947 4249 2185 4249 2186 4249 947 4250 946 4250 2184 4250 948 4251 947 4251 2186 4251 949 4252 2186 4252 2187 4252 949 4253 948 4253 2186 4253 950 4254 2187 4254 2188 4254 950 4255 949 4255 2187 4255 951 4256 2188 4256 2189 4256 951 4257 2189 4257 2190 4257 951 4258 950 4258 2188 4258 952 4259 2190 4259 2191 4259 952 4260 951 4260 2190 4260 953 4261 952 4261 2191 4261 954 4262 2191 4262 2192 4262 954 4263 953 4263 2191 4263 955 4264 2192 4264 2193 4264 955 4265 954 4265 2192 4265 956 4266 2193 4266 2194 4266 956 4267 955 4267 2193 4267 957 4268 2194 4268 2195 4268 957 4269 956 4269 2194 4269 959 4270 2195 4270 2196 4270 959 4271 957 4271 2195 4271 960 4272 2196 4272 2197 4272 960 4273 959 4273 2196 4273 961 4274 2197 4274 2198 4274 961 4275 2198 4275 2199 4275 961 4276 960 4276 2197 4276 962 4277 961 4277 2199 4277 963 4278 2199 4278 2200 4278 963 4279 962 4279 2199 4279 964 4280 2200 4280 2169 4280 964 4281 963 4281 2200 4281 1021 4282 1019 4282 1070 4282 1021 4283 1070 4283 1077 4283 1021 4284 1077 4284 1020 4284 1020 4285 1077 4285 1078 4285 1017 4286 1020 4286 1078 4286 1017 4287 1078 4287 1075 4287 1018 4288 1075 4288 1074 4288 1017 4289 1075 4289 1018 4289 1629 4290 678 4290 1590 4290 2201 4291 1590 4291 1591 4291 2201 4292 1629 4292 1590 4292 2202 4293 1591 4293 1592 4293 2202 4294 2201 4294 1591 4294 2203 4295 1592 4295 1593 4295 2203 4296 2202 4296 1592 4296 2204 4297 1593 4297 1594 4297 2204 4298 1594 4298 1595 4298 2204 4299 2203 4299 1593 4299 2205 4300 1595 4300 1596 4300 2205 4301 2204 4301 1595 4301 2206 4302 2205 4302 1596 4302 2206 4303 1596 4303 1597 4303 2207 4304 1597 4304 1598 4304 2207 4305 1598 4305 1599 4305 2207 4306 2206 4306 1597 4306 2208 4307 1599 4307 1600 4307 2208 4308 2207 4308 1599 4308 2209 4309 1600 4309 1601 4309 2209 4310 2208 4310 1600 4310 2210 4311 1601 4311 1602 4311 2210 4312 2209 4312 1601 4312 2211 4313 1602 4313 1603 4313 2211 4314 1603 4314 1604 4314 2211 4315 2210 4315 1602 4315 2212 4316 1604 4316 1605 4316 2212 4317 2211 4317 1604 4317 2213 4318 1605 4318 1606 4318 2213 4319 2212 4319 1605 4319 2214 4320 1606 4320 1607 4320 2214 4321 2213 4321 1606 4321 2215 4322 1607 4322 1608 4322 2215 4323 2214 4323 1607 4323 2216 4324 1608 4324 1609 4324 2216 4325 2215 4325 1608 4325 2217 4326 1609 4326 1610 4326 2217 4327 2216 4327 1609 4327 2218 4328 1610 4328 1611 4328 2218 4329 2217 4329 1610 4329 2219 4330 1611 4330 1612 4330 2219 4331 1612 4331 1613 4331 2219 4332 2218 4332 1611 4332 2220 4333 1613 4333 1614 4333 2220 4334 2219 4334 1613 4334 2221 4335 1614 4335 1615 4335 2221 4336 2220 4336 1614 4336 2222 4337 1615 4337 1616 4337 2222 4338 2221 4338 1615 4338 2223 4339 1616 4339 1617 4339 2223 4340 2222 4340 1616 4340 2224 4341 1617 4341 1618 4341 2224 4342 2223 4342 1617 4342 2225 4343 1618 4343 1619 4343 2225 4344 2224 4344 1618 4344 2226 4345 1619 4345 1620 4345 2226 4346 2225 4346 1619 4346 2227 4347 1620 4347 1621 4347 2227 4348 1621 4348 1622 4348 2227 4349 2226 4349 1620 4349 2228 4350 1622 4350 1623 4350 2228 4351 2227 4351 1622 4351 2229 4352 1623 4352 1624 4352 2229 4353 2228 4353 1623 4353 2230 4354 2229 4354 1624 4354 2230 4355 1624 4355 1625 4355 2231 4356 2230 4356 1625 4356 2231 4357 1625 4357 1626 4357 1630 4358 2231 4358 1626 4358 1630 4359 1626 4359 1627 4359 1628 4360 1629 4360 2232 4360 2233 4361 1628 4361 2232 4361 2234 4362 2232 4362 2235 4362 2234 4363 2235 4363 2236 4363 2234 4364 2233 4364 2232 4364 2237 4365 2234 4365 2236 4365 2238 4366 2236 4366 2239 4366 2238 4367 2237 4367 2236 4367 2240 4368 2239 4368 2241 4368 2240 4369 2241 4369 2242 4369 2240 4370 2238 4370 2239 4370 2243 4371 2240 4371 2242 4371 2244 4372 2242 4372 2245 4372 2244 4373 2245 4373 2246 4373 2244 4374 2243 4374 2242 4374 2247 4375 2244 4375 2246 4375 2248 4376 2247 4376 2246 4376 2248 4377 2246 4377 2249 4377 2250 4378 2249 4378 2251 4378 2250 4379 2248 4379 2249 4379 2252 4380 2251 4380 2253 4380 2252 4381 2253 4381 2254 4381 2252 4382 2250 4382 2251 4382 2255 4383 2252 4383 2254 4383 2256 4384 2254 4384 2257 4384 2256 4385 2255 4385 2254 4385 2258 4386 2257 4386 2259 4386 2258 4387 2256 4387 2257 4387 2260 4388 2259 4388 2261 4388 2260 4389 2261 4389 2262 4389 2260 4390 2258 4390 2259 4390 2263 4391 2260 4391 2262 4391 2264 4392 2262 4392 2265 4392 2264 4393 2265 4393 2266 4393 2264 4394 2263 4394 2262 4394 2267 4395 2264 4395 2266 4395 2268 4396 2266 4396 2269 4396 2268 4397 2267 4397 2266 4397 2270 4398 2269 4398 2271 4398 2270 4399 2271 4399 2272 4399 2270 4400 2268 4400 2269 4400 2273 4401 2270 4401 2272 4401 2274 4402 2272 4402 2275 4402 2274 4403 2275 4403 2276 4403 2274 4404 2273 4404 2272 4404 2277 4405 2274 4405 2276 4405 2278 4406 2276 4406 2279 4406 2278 4407 2277 4407 2276 4407 2280 4408 2279 4408 2281 4408 2280 4409 2281 4409 2282 4409 2280 4410 2278 4410 2279 4410 2283 4411 2280 4411 2282 4411 2284 4412 2282 4412 2285 4412 2284 4413 2285 4413 2286 4413 2284 4414 2283 4414 2282 4414 2287 4415 2286 4415 2288 4415 2287 4416 2284 4416 2286 4416 2289 4417 2287 4417 2288 4417 2290 4418 2288 4418 2291 4418 2290 4419 2291 4419 2292 4419 2290 4420 2289 4420 2288 4420 2293 4421 2292 4421 1899 4421 2293 4422 2290 4422 2292 4422 1900 4423 2293 4423 1899 4423 1899 4424 2294 4424 814 4424 1632 4425 2294 4425 1897 4425 814 4426 2294 4426 1632 4426 2294 4427 2295 4427 1897 4427 1897 4428 2296 4428 1894 4428 2295 4429 2296 4429 1897 4429 1894 4430 2297 4430 1893 4430 2296 4431 2297 4431 1894 4431 1893 4432 2298 4432 1890 4432 2297 4433 2298 4433 1893 4433 1890 4434 2299 4434 1886 4434 2298 4435 2299 4435 1890 4435 1886 4436 2300 4436 1882 4436 2299 4437 2300 4437 1886 4437 1882 4438 2301 4438 1881 4438 2300 4439 2301 4439 1882 4439 1881 4440 2302 4440 1876 4440 2301 4441 2302 4441 1881 4441 1876 4442 2303 4442 1871 4442 2302 4443 2303 4443 1876 4443 1871 4444 2304 4444 1865 4444 2303 4445 2304 4445 1871 4445 1864 4446 2305 4446 1857 4446 1865 4447 2305 4447 1864 4447 2304 4448 2305 4448 1865 4448 2305 4449 2306 4449 1857 4449 1857 4450 2307 4450 1850 4450 2306 4451 2307 4451 1857 4451 1850 4452 2308 4452 1631 4452 2307 4453 2308 4453 1850 4453 1631 4454 1630 4454 747 4454 2308 4455 1630 4455 1631 4455 2169 4456 2309 4456 926 4456 1902 4457 2309 4457 2167 4457 926 4458 2309 4458 1902 4458 2309 4459 2310 4459 2167 4459 2167 4460 2311 4460 2164 4460 2310 4461 2311 4461 2167 4461 2164 4462 2312 4462 2163 4462 2311 4463 2312 4463 2164 4463 2163 4464 2313 4464 2160 4464 2312 4465 2313 4465 2163 4465 2160 4466 2314 4466 2156 4466 2313 4467 2314 4467 2160 4467 2156 4468 2315 4468 2152 4468 2314 4469 2315 4469 2156 4469 2152 4470 2316 4470 2151 4470 2315 4471 2316 4471 2152 4471 2151 4472 2317 4472 2146 4472 2316 4473 2317 4473 2151 4473 2146 4474 2318 4474 2141 4474 2317 4475 2318 4475 2146 4475 2141 4476 2319 4476 2135 4476 2318 4477 2319 4477 2141 4477 2134 4478 2320 4478 2127 4478 2135 4479 2320 4479 2134 4479 2319 4480 2320 4480 2135 4480 2320 4481 2321 4481 2127 4481 2127 4482 2322 4482 2120 4482 2321 4483 2322 4483 2127 4483 2120 4484 2323 4484 1901 4484 2322 4485 2323 4485 2120 4485 1901 4486 1900 4486 815 4486 2323 4487 1900 4487 1901 4487 1900 4488 2323 4488 2293 4488 2309 4489 2169 4489 2200 4489 2234 4490 2324 4490 2233 4490 2233 4491 2325 4491 1628 4491 2324 4492 2325 4492 2233 4492 2325 4493 2326 4493 1628 4493 2237 4494 2327 4494 2234 4494 2324 4495 2327 4495 2325 4495 2234 4496 2327 4496 2324 4496 2326 4497 2328 4497 1628 4497 2327 4498 2329 4498 2325 4498 2325 4499 2329 4499 2326 4499 2238 4500 2330 4500 2237 4500 2240 4501 2330 4501 2238 4501 2237 4502 2330 4502 2327 4502 2328 4503 2331 4503 1628 4503 2329 4504 2332 4504 2326 4504 2326 4505 2332 4505 2328 4505 2327 4506 2333 4506 2329 4506 2330 4507 2333 4507 2327 4507 2331 4508 2334 4508 1628 4508 2332 4509 2335 4509 2328 4509 2328 4510 2335 4510 2331 4510 2329 4511 2336 4511 2332 4511 2333 4512 2336 4512 2329 4512 2334 4513 2337 4513 1628 4513 2243 4514 2338 4514 2240 4514 2330 4515 2338 4515 2333 4515 2240 4516 2338 4516 2330 4516 2335 4517 2339 4517 2331 4517 2331 4518 2339 4518 2334 4518 2336 4519 2340 4519 2332 4519 2332 4520 2340 4520 2335 4520 2337 4521 2341 4521 1628 4521 2333 4522 2342 4522 2336 4522 2338 4523 2342 4523 2333 4523 2339 4524 2343 4524 2334 4524 2334 4525 2343 4525 2337 4525 2244 4526 2344 4526 2243 4526 2247 4527 2344 4527 2244 4527 2243 4528 2344 4528 2338 4528 2340 4529 2345 4529 2335 4529 2335 4530 2345 4530 2339 4530 2341 4531 2346 4531 1628 4531 2342 4532 2347 4532 2336 4532 2336 4533 2347 4533 2340 4533 2337 4534 2348 4534 2341 4534 2343 4535 2348 4535 2337 4535 2344 4536 2349 4536 2338 4536 2338 4537 2349 4537 2342 4537 2345 4538 2350 4538 2339 4538 2339 4539 2350 4539 2343 4539 2346 4540 2351 4540 1628 4540 2340 4541 2352 4541 2345 4541 2347 4542 2352 4542 2340 4542 2348 4543 2353 4543 2341 4543 2341 4544 2353 4544 2346 4544 2342 4545 2354 4545 2347 4545 2349 4546 2354 4546 2342 4546 2343 4547 2355 4547 2348 4547 2350 4548 2355 4548 2343 4548 2247 4549 2356 4549 2344 4549 2248 4550 2356 4550 2247 4550 2344 4551 2356 4551 2349 4551 2351 4552 2357 4552 1628 4552 1628 4553 2357 4553 2170 4553 2352 4554 2358 4554 2345 4554 2345 4555 2358 4555 2350 4555 2353 4556 2359 4556 2346 4556 2346 4557 2359 4557 2351 4557 2347 4558 2360 4558 2352 4558 2354 4559 2360 4559 2347 4559 2348 4560 2361 4560 2353 4560 2355 4561 2361 4561 2348 4561 2356 4562 2362 4562 2349 4562 2349 4563 2362 4563 2354 4563 2170 4564 2363 4564 2171 4564 2357 4565 2363 4565 2170 4565 2358 4566 2364 4566 2350 4566 2350 4567 2364 4567 2355 4567 2250 4568 2365 4568 2248 4568 2248 4569 2365 4569 2356 4569 2351 4570 2366 4570 2357 4570 2359 4571 2366 4571 2351 4571 2360 4572 2367 4572 2352 4572 2352 4573 2367 4573 2358 4573 2353 4574 2368 4574 2359 4574 2361 4575 2368 4575 2353 4575 2362 4576 2369 4576 2354 4576 2354 4577 2369 4577 2360 4577 2355 4578 2370 4578 2361 4578 2364 4579 2370 4579 2355 4579 2356 4580 2371 4580 2362 4580 2365 4581 2371 4581 2356 4581 2171 4582 2372 4582 2172 4582 2366 4583 2372 4583 2357 4583 2363 4584 2372 4584 2171 4584 2357 4585 2372 4585 2363 4585 2358 4586 2373 4586 2364 4586 2367 4587 2373 4587 2358 4587 2359 4588 2374 4588 2366 4588 2368 4589 2374 4589 2359 4589 2360 4590 2375 4590 2367 4590 2369 4591 2375 4591 2360 4591 2361 4592 2376 4592 2368 4592 2370 4593 2376 4593 2361 4593 2362 4594 2377 4594 2369 4594 2371 4595 2377 4595 2362 4595 2373 4596 2378 4596 2364 4596 2364 4597 2378 4597 2370 4597 2252 4598 2379 4598 2250 4598 2255 4599 2379 4599 2252 4599 2365 4600 2379 4600 2371 4600 2250 4601 2379 4601 2365 4601 2366 4602 2380 4602 2372 4602 2374 4603 2380 4603 2366 4603 2367 4604 2381 4604 2373 4604 2375 4605 2381 4605 2367 4605 2376 4606 2382 4606 2368 4606 2368 4607 2382 4607 2374 4607 2377 4608 2383 4608 2369 4608 2369 4609 2383 4609 2375 4609 2370 4610 2384 4610 2376 4610 2378 4611 2384 4611 2370 4611 2379 4612 2385 4612 2371 4612 2371 4613 2385 4613 2377 4613 2372 4614 2386 4614 2172 4614 2172 4615 2386 4615 2173 4615 2173 4616 2386 4616 2174 4616 2380 4617 2386 4617 2372 4617 2373 4618 2387 4618 2378 4618 2381 4619 2387 4619 2373 4619 2255 4620 2388 4620 2379 4620 2256 4621 2388 4621 2255 4621 2374 4622 2389 4622 2380 4622 2382 4623 2389 4623 2374 4623 2375 4624 2390 4624 2381 4624 2383 4625 2390 4625 2375 4625 2376 4626 2391 4626 2382 4626 2384 4627 2391 4627 2376 4627 2377 4628 2392 4628 2383 4628 2385 4629 2392 4629 2377 4629 2387 4630 2393 4630 2378 4630 2378 4631 2393 4631 2384 4631 2379 4632 2394 4632 2385 4632 2388 4633 2394 4633 2379 4633 2389 4634 2395 4634 2380 4634 2174 4635 2395 4635 2175 4635 2386 4636 2395 4636 2174 4636 2380 4637 2395 4637 2386 4637 2381 4638 2396 4638 2387 4638 2390 4639 2396 4639 2381 4639 2382 4640 2397 4640 2389 4640 2391 4641 2397 4641 2382 4641 2383 4642 2398 4642 2390 4642 2392 4643 2398 4643 2383 4643 2384 4644 2399 4644 2391 4644 2393 4645 2399 4645 2384 4645 2385 4646 2400 4646 2392 4646 2394 4647 2400 4647 2385 4647 2387 4648 2401 4648 2393 4648 2396 4649 2401 4649 2387 4649 2258 4650 2402 4650 2256 4650 2260 4651 2402 4651 2258 4651 2256 4652 2402 4652 2388 4652 2388 4653 2402 4653 2394 4653 2397 4654 2403 4654 2389 4654 2389 4655 2403 4655 2395 4655 2398 4656 2404 4656 2390 4656 2390 4657 2404 4657 2396 4657 2399 4658 2405 4658 2391 4658 2391 4659 2405 4659 2397 4659 2392 4660 2406 4660 2398 4660 2400 4661 2406 4661 2392 4661 2401 4662 2407 4662 2393 4662 2393 4663 2407 4663 2399 4663 2394 4664 2408 4664 2400 4664 2402 4665 2408 4665 2394 4665 2175 4666 2409 4666 2176 4666 2176 4667 2409 4667 2177 4667 2395 4668 2409 4668 2175 4668 2403 4669 2409 4669 2395 4669 2396 4670 2410 4670 2401 4670 2404 4671 2410 4671 2396 4671 2263 4672 2411 4672 2260 4672 2260 4673 2411 4673 2402 4673 2397 4674 2412 4674 2403 4674 2405 4675 2412 4675 2397 4675 2398 4676 2413 4676 2404 4676 2406 4677 2413 4677 2398 4677 2407 4678 2414 4678 2399 4678 2399 4679 2414 4679 2405 4679 2408 4680 2415 4680 2400 4680 2400 4681 2415 4681 2406 4681 2410 4682 2416 4682 2401 4682 2401 4683 2416 4683 2407 4683 2402 4684 2417 4684 2408 4684 2411 4685 2417 4685 2402 4685 2409 4686 2418 4686 2177 4686 2403 4687 2418 4687 2409 4687 2412 4688 2418 4688 2403 4688 2177 4689 2418 4689 2178 4689 2413 4690 2419 4690 2404 4690 2404 4691 2419 4691 2410 4691 2414 4692 2420 4692 2405 4692 2405 4693 2420 4693 2412 4693 2406 4694 2421 4694 2413 4694 2415 4695 2421 4695 2406 4695 2416 4696 2422 4696 2407 4696 2407 4697 2422 4697 2414 4697 2408 4698 2423 4698 2415 4698 2417 4699 2423 4699 2408 4699 2419 4700 2424 4700 2410 4700 2410 4701 2424 4701 2416 4701 2263 4702 2425 4702 2411 4702 2264 4703 2425 4703 2263 4703 2411 4704 2425 4704 2417 4704 2420 4705 2426 4705 2412 4705 2412 4706 2426 4706 2418 4706 2421 4707 2427 4707 2413 4707 2413 4708 2427 4708 2419 4708 2422 4709 2428 4709 2414 4709 2414 4710 2428 4710 2420 4710 2423 4711 2429 4711 2415 4711 2415 4712 2429 4712 2421 4712 2424 4713 2430 4713 2416 4713 2416 4714 2430 4714 2422 4714 2425 4715 2431 4715 2417 4715 2417 4716 2431 4716 2423 4716 2426 4717 2432 4717 2418 4717 2418 4718 2432 4718 2178 4718 2178 4719 2432 4719 2179 4719 2427 4720 2433 4720 2419 4720 2419 4721 2433 4721 2424 4721 2267 4722 2434 4722 2264 4722 2268 4723 2434 4723 2267 4723 2264 4724 2434 4724 2425 4724 2420 4725 2435 4725 2426 4725 2428 4726 2435 4726 2420 4726 2421 4727 2436 4727 2427 4727 2429 4728 2436 4728 2421 4728 2422 4729 2437 4729 2428 4729 2430 4730 2437 4730 2422 4730 2423 4731 2438 4731 2429 4731 2431 4732 2438 4732 2423 4732 2424 4733 2439 4733 2430 4733 2433 4734 2439 4734 2424 4734 2425 4735 2440 4735 2431 4735 2434 4736 2440 4736 2425 4736 2179 4737 2441 4737 2180 4737 2180 4738 2441 4738 2181 4738 2426 4739 2441 4739 2432 4739 2435 4740 2441 4740 2426 4740 2432 4741 2441 4741 2179 4741 2436 4742 2442 4742 2427 4742 2427 4743 2442 4743 2433 4743 2437 4744 2443 4744 2428 4744 2428 4745 2443 4745 2435 4745 2429 4746 2444 4746 2436 4746 2438 4747 2444 4747 2429 4747 2439 4748 2445 4748 2430 4748 2430 4749 2445 4749 2437 4749 2440 4750 2446 4750 2431 4750 2431 4751 2446 4751 2438 4751 2433 4752 2447 4752 2439 4752 2442 4753 2447 4753 2433 4753 2434 4754 2448 4754 2440 4754 2270 4755 2448 4755 2268 4755 2268 4756 2448 4756 2434 4756 2435 4757 2449 4757 2441 4757 2443 4758 2449 4758 2435 4758 2436 4759 2450 4759 2442 4759 2444 4760 2450 4760 2436 4760 2445 4761 2451 4761 2437 4761 2437 4762 2451 4762 2443 4762 2446 4763 2452 4763 2438 4763 2438 4764 2452 4764 2444 4764 2447 4765 2453 4765 2439 4765 2439 4766 2453 4766 2445 4766 2440 4767 2454 4767 2446 4767 2448 4768 2454 4768 2440 4768 2449 4769 2455 4769 2441 4769 2181 4770 2455 4770 2182 4770 2441 4771 2455 4771 2181 4771 2450 4772 2456 4772 2442 4772 2442 4773 2456 4773 2447 4773 2273 4774 2457 4774 2270 4774 2274 4775 2457 4775 2273 4775 2270 4776 2457 4776 2448 4776 2443 4777 2458 4777 2449 4777 2451 4778 2458 4778 2443 4778 2452 4779 2459 4779 2444 4779 2444 4780 2459 4780 2450 4780 2453 4781 2460 4781 2445 4781 2445 4782 2460 4782 2451 4782 2454 4783 2461 4783 2446 4783 2446 4784 2461 4784 2452 4784 2447 4785 2462 4785 2453 4785 2456 4786 2462 4786 2447 4786 2457 4787 2463 4787 2448 4787 2448 4788 2463 4788 2454 4788 2449 4789 2464 4789 2455 4789 2458 4790 2464 4790 2449 4790 2182 4791 2464 4791 2183 4791 2183 4792 2464 4792 2184 4792 2455 4793 2464 4793 2182 4793 2450 4794 2465 4794 2456 4794 2459 4795 2465 4795 2450 4795 2460 4796 2466 4796 2451 4796 2451 4797 2466 4797 2458 4797 2452 4798 2467 4798 2459 4798 2461 4799 2467 4799 2452 4799 2453 4800 2468 4800 2460 4800 2462 4801 2468 4801 2453 4801 2463 4802 2469 4802 2454 4802 2454 4803 2469 4803 2461 4803 2465 4804 2470 4804 2456 4804 2456 4805 2470 4805 2462 4805 2277 4806 2471 4806 2274 4806 2274 4807 2471 4807 2457 4807 2457 4808 2471 4808 2463 4808 2458 4809 2472 4809 2464 4809 2466 4810 2472 4810 2458 4810 2459 4811 2473 4811 2465 4811 2467 4812 2473 4812 2459 4812 2468 4813 2474 4813 2460 4813 2460 4814 2474 4814 2466 4814 2461 4815 2475 4815 2467 4815 2469 4816 2475 4816 2461 4816 2470 4817 2476 4817 2462 4817 2462 4818 2476 4818 2468 4818 2471 4819 2477 4819 2463 4819 2463 4820 2477 4820 2469 4820 2184 4821 2478 4821 2185 4821 2464 4822 2478 4822 2184 4822 2472 4823 2478 4823 2464 4823 2465 4824 2479 4824 2470 4824 2473 4825 2479 4825 2465 4825 2278 4826 2480 4826 2277 4826 2277 4827 2480 4827 2471 4827 2474 4828 2481 4828 2466 4828 2466 4829 2481 4829 2472 4829 2467 4830 2482 4830 2473 4830 2475 4831 2482 4831 2467 4831 2476 4832 2483 4832 2468 4832 2468 4833 2483 4833 2474 4833 2469 4834 2484 4834 2475 4834 2477 4835 2484 4835 2469 4835 2470 4836 2485 4836 2476 4836 2479 4837 2485 4837 2470 4837 2471 4838 2486 4838 2477 4838 2480 4839 2486 4839 2471 4839 2472 4840 2487 4840 2478 4840 2185 4841 2487 4841 2186 4841 2481 4842 2487 4842 2472 4842 2478 4843 2487 4843 2185 4843 2482 4844 2488 4844 2473 4844 2473 4845 2488 4845 2479 4845 2483 4846 2489 4846 2474 4846 2474 4847 2489 4847 2481 4847 2484 4848 2490 4848 2475 4848 2475 4849 2490 4849 2482 4849 2476 4850 2491 4850 2483 4850 2485 4851 2491 4851 2476 4851 2486 4852 2492 4852 2477 4852 2477 4853 2492 4853 2484 4853 2479 4854 2493 4854 2485 4854 2488 4855 2493 4855 2479 4855 2480 4856 2494 4856 2486 4856 2278 4857 2494 4857 2480 4857 2280 4858 2494 4858 2278 4858 2283 4859 2494 4859 2280 4859 2481 4860 2495 4860 2487 4860 2489 4861 2495 4861 2481 4861 2482 4862 2496 4862 2488 4862 2490 4863 2496 4863 2482 4863 2483 4864 2497 4864 2489 4864 2491 4865 2497 4865 2483 4865 2492 4866 2498 4866 2484 4866 2484 4867 2498 4867 2490 4867 2493 4868 2499 4868 2485 4868 2485 4869 2499 4869 2491 4869 2494 4870 2500 4870 2486 4870 2486 4871 2500 4871 2492 4871 2495 4872 2501 4872 2487 4872 2487 4873 2501 4873 2186 4873 2186 4874 2501 4874 2187 4874 2187 4875 2501 4875 2188 4875 2488 4876 2502 4876 2493 4876 2496 4877 2502 4877 2488 4877 2284 4878 2503 4878 2283 4878 2283 4879 2503 4879 2494 4879 2489 4880 2504 4880 2495 4880 2497 4881 2504 4881 2489 4881 2490 4882 2505 4882 2496 4882 2498 4883 2505 4883 2490 4883 2491 4884 2506 4884 2497 4884 2499 4885 2506 4885 2491 4885 2492 4886 2507 4886 2498 4886 2500 4887 2507 4887 2492 4887 2502 4888 2508 4888 2493 4888 2493 4889 2508 4889 2499 4889 2494 4890 2509 4890 2500 4890 2503 4891 2509 4891 2494 4891 2188 4892 2510 4892 2189 4892 2495 4893 2510 4893 2501 4893 2504 4894 2510 4894 2495 4894 2501 4895 2510 4895 2188 4895 2496 4896 2511 4896 2502 4896 2505 4897 2511 4897 2496 4897 2497 4898 2512 4898 2504 4898 2506 4899 2512 4899 2497 4899 2507 4900 2513 4900 2498 4900 2498 4901 2513 4901 2505 4901 2508 4902 2514 4902 2499 4902 2499 4903 2514 4903 2506 4903 2509 4904 2515 4904 2500 4904 2500 4905 2515 4905 2507 4905 2502 4906 2516 4906 2508 4906 2511 4907 2516 4907 2502 4907 2503 4908 2517 4908 2509 4908 2287 4909 2517 4909 2284 4909 2289 4910 2517 4910 2287 4910 2284 4911 2517 4911 2503 4911 2504 4912 2518 4912 2510 4912 2512 4913 2518 4913 2504 4913 2513 4914 2519 4914 2505 4914 2505 4915 2519 4915 2511 4915 2506 4916 2520 4916 2512 4916 2514 4917 2520 4917 2506 4917 2507 4918 2521 4918 2513 4918 2515 4919 2521 4919 2507 4919 2508 4920 2522 4920 2514 4920 2516 4921 2522 4921 2508 4921 2509 4922 2523 4922 2515 4922 2517 4923 2523 4923 2509 4923 2518 4924 2524 4924 2510 4924 2189 4925 2524 4925 2190 4925 2190 4926 2524 4926 2191 4926 2510 4927 2524 4927 2189 4927 2511 4928 2525 4928 2516 4928 2519 4929 2525 4929 2511 4929 2289 4930 2526 4930 2517 4930 2290 4931 2526 4931 2289 4931 2512 4932 2527 4932 2518 4932 2520 4933 2527 4933 2512 4933 2513 4934 2528 4934 2519 4934 2521 4935 2528 4935 2513 4935 2514 4936 2529 4936 2520 4936 2522 4937 2529 4937 2514 4937 2523 4938 2530 4938 2515 4938 2515 4939 2530 4939 2521 4939 2516 4940 2531 4940 2522 4940 2525 4941 2531 4941 2516 4941 2517 4942 2532 4942 2523 4942 2526 4943 2532 4943 2517 4943 2518 4944 2533 4944 2524 4944 2527 4945 2533 4945 2518 4945 2524 4946 2533 4946 2191 4946 2191 4947 2533 4947 2192 4947 2528 4948 2534 4948 2519 4948 2519 4949 2534 4949 2525 4949 2529 4950 2535 4950 2520 4950 2520 4951 2535 4951 2527 4951 2530 4952 2536 4952 2521 4952 2521 4953 2536 4953 2528 4953 2522 4954 2537 4954 2529 4954 2531 4955 2537 4955 2522 4955 2532 4956 2538 4956 2523 4956 2523 4957 2538 4957 2530 4957 2534 4958 2539 4958 2525 4958 2525 4959 2539 4959 2531 4959 2290 4960 2540 4960 2526 4960 2293 4961 2540 4961 2290 4961 2526 4962 2540 4962 2532 4962 2322 4963 2540 4963 2323 4963 2323 4964 2540 4964 2293 4964 2527 4965 2541 4965 2533 4965 2535 4966 2541 4966 2527 4966 2528 4967 2542 4967 2534 4967 2536 4968 2542 4968 2528 4968 2529 4969 2543 4969 2535 4969 2537 4970 2543 4970 2529 4970 2538 4971 2544 4971 2530 4971 2530 4972 2544 4972 2536 4972 2539 4973 2545 4973 2531 4973 2531 4974 2545 4974 2537 4974 2540 4975 2546 4975 2532 4975 2322 4976 2546 4976 2540 4976 2321 4977 2546 4977 2322 4977 2532 4978 2546 4978 2538 4978 2541 4979 2547 4979 2533 4979 2192 4980 2547 4980 2193 4980 2533 4981 2547 4981 2192 4981 2534 4982 2548 4982 2539 4982 2542 4983 2548 4983 2534 4983 2535 4984 2549 4984 2541 4984 2543 4985 2549 4985 2535 4985 2544 4986 2550 4986 2536 4986 2536 4987 2550 4987 2542 4987 2537 4988 2551 4988 2543 4988 2545 4989 2551 4989 2537 4989 2538 4990 2552 4990 2544 4990 2321 4991 2552 4991 2546 4991 2320 4992 2552 4992 2321 4992 2319 4993 2552 4993 2320 4993 2546 4994 2552 4994 2538 4994 2539 4995 2553 4995 2545 4995 2548 4996 2553 4996 2539 4996 2547 4997 2554 4997 2193 4997 2549 4998 2554 4998 2541 4998 2193 4999 2554 4999 2194 4999 2194 5000 2554 5000 2195 5000 2541 5001 2554 5001 2547 5001 2542 5002 2555 5002 2548 5002 2550 5003 2555 5003 2542 5003 2543 5004 2556 5004 2549 5004 2551 5005 2556 5005 2543 5005 2552 5006 2557 5006 2544 5006 2544 5007 2557 5007 2550 5007 2319 5008 2557 5008 2552 5008 2318 5009 2557 5009 2319 5009 2553 5010 2558 5010 2545 5010 2545 5011 2558 5011 2551 5011 2548 5012 2559 5012 2553 5012 2555 5013 2559 5013 2548 5013 2556 5014 2560 5014 2549 5014 2549 5015 2560 5015 2554 5015 2557 5016 2561 5016 2550 5016 2550 5017 2561 5017 2555 5017 2318 5018 2561 5018 2557 5018 2317 5019 2561 5019 2318 5019 2551 5020 2562 5020 2556 5020 2558 5021 2562 5021 2551 5021 2559 5022 2563 5022 2553 5022 2553 5023 2563 5023 2558 5023 2554 5024 2564 5024 2195 5024 2560 5025 2564 5025 2554 5025 2195 5026 2564 5026 2196 5026 2561 5027 2565 5027 2555 5027 2555 5028 2565 5028 2559 5028 2317 5029 2565 5029 2561 5029 2316 5030 2565 5030 2317 5030 2315 5031 2565 5031 2316 5031 2556 5032 2566 5032 2560 5032 2562 5033 2566 5033 2556 5033 2563 5034 2567 5034 2558 5034 2558 5035 2567 5035 2562 5035 2559 5036 2568 5036 2563 5036 2565 5037 2568 5037 2559 5037 2314 5038 2568 5038 2315 5038 2315 5039 2568 5039 2565 5039 2566 5040 2569 5040 2560 5040 2196 5041 2569 5041 2197 5041 2197 5042 2569 5042 2198 5042 2560 5043 2569 5043 2564 5043 2564 5044 2569 5044 2196 5044 2562 5045 2570 5045 2566 5045 2567 5046 2570 5046 2562 5046 2563 5047 2571 5047 2567 5047 2568 5048 2571 5048 2563 5048 2313 5049 2571 5049 2314 5049 2314 5050 2571 5050 2568 5050 2570 5051 2572 5051 2566 5051 2566 5052 2572 5052 2569 5052 2567 5053 2573 5053 2570 5053 2313 5054 2573 5054 2571 5054 2312 5055 2573 5055 2313 5055 2311 5056 2573 5056 2312 5056 2571 5057 2573 5057 2567 5057 2198 5058 2574 5058 2199 5058 2569 5059 2574 5059 2198 5059 2572 5060 2574 5060 2569 5060 2310 5061 2575 5061 2311 5061 2570 5062 2575 5062 2572 5062 2573 5063 2575 5063 2570 5063 2311 5064 2575 5064 2573 5064 2310 5065 2576 5065 2575 5065 2574 5066 2576 5066 2199 5066 2572 5067 2576 5067 2574 5067 2575 5068 2576 5068 2572 5068 2200 5069 2576 5069 2309 5069 2199 5070 2576 5070 2200 5070 2309 5071 2576 5071 2310 5071 1630 5072 2308 5072 2231 5072 2294 5073 1899 5073 2292 5073 2202 5074 2577 5074 2201 5074 2201 5075 2578 5075 1629 5075 2577 5076 2578 5076 2201 5076 2578 5077 2579 5077 1629 5077 2203 5078 2580 5078 2202 5078 2577 5079 2580 5079 2578 5079 2202 5080 2580 5080 2577 5080 2579 5081 2581 5081 1629 5081 2580 5082 2582 5082 2578 5082 2578 5083 2582 5083 2579 5083 2204 5084 2583 5084 2203 5084 2205 5085 2583 5085 2204 5085 2203 5086 2583 5086 2580 5086 2581 5087 2584 5087 1629 5087 2582 5088 2585 5088 2579 5088 2579 5089 2585 5089 2581 5089 2583 5090 2586 5090 2580 5090 2580 5091 2586 5091 2582 5091 2584 5092 2587 5092 1629 5092 2581 5093 2588 5093 2584 5093 2585 5094 2588 5094 2581 5094 2582 5095 2589 5095 2585 5095 2586 5096 2589 5096 2582 5096 2587 5097 2590 5097 1629 5097 2206 5098 2591 5098 2205 5098 2583 5099 2591 5099 2586 5099 2205 5100 2591 5100 2583 5100 2588 5101 2592 5101 2584 5101 2584 5102 2592 5102 2587 5102 2589 5103 2593 5103 2585 5103 2585 5104 2593 5104 2588 5104 2590 5105 2594 5105 1629 5105 2586 5106 2595 5106 2589 5106 2591 5107 2595 5107 2586 5107 2592 5108 2596 5108 2587 5108 2587 5109 2596 5109 2590 5109 2207 5110 2597 5110 2206 5110 2208 5111 2597 5111 2207 5111 2206 5112 2597 5112 2591 5112 2593 5113 2598 5113 2588 5113 2588 5114 2598 5114 2592 5114 2594 5115 2599 5115 1629 5115 2589 5116 2600 5116 2593 5116 2595 5117 2600 5117 2589 5117 2590 5118 2601 5118 2594 5118 2596 5119 2601 5119 2590 5119 2597 5120 2602 5120 2591 5120 2591 5121 2602 5121 2595 5121 2598 5122 2603 5122 2592 5122 2592 5123 2603 5123 2596 5123 2599 5124 2604 5124 1629 5124 2600 5125 2605 5125 2593 5125 2593 5126 2605 5126 2598 5126 2601 5127 2606 5127 2594 5127 2594 5128 2606 5128 2599 5128 2602 5129 2607 5129 2595 5129 2595 5130 2607 5130 2600 5130 2596 5131 2608 5131 2601 5131 2603 5132 2608 5132 2596 5132 2208 5133 2609 5133 2597 5133 2209 5134 2609 5134 2208 5134 2597 5135 2609 5135 2602 5135 2604 5136 2610 5136 1629 5136 1629 5137 2610 5137 2232 5137 2598 5138 2611 5138 2603 5138 2605 5139 2611 5139 2598 5139 2606 5140 2612 5140 2599 5140 2599 5141 2612 5141 2604 5141 2600 5142 2613 5142 2605 5142 2607 5143 2613 5143 2600 5143 2601 5144 2614 5144 2606 5144 2608 5145 2614 5145 2601 5145 2609 5146 2615 5146 2602 5146 2602 5147 2615 5147 2607 5147 2232 5148 2616 5148 2235 5148 2610 5149 2616 5149 2232 5149 2603 5150 2617 5150 2608 5150 2611 5151 2617 5151 2603 5151 2210 5152 2618 5152 2209 5152 2209 5153 2618 5153 2609 5153 2604 5154 2619 5154 2610 5154 2612 5155 2619 5155 2604 5155 2613 5156 2620 5156 2605 5156 2605 5157 2620 5157 2611 5157 2606 5158 2621 5158 2612 5158 2614 5159 2621 5159 2606 5159 2615 5160 2622 5160 2607 5160 2607 5161 2622 5161 2613 5161 2608 5162 2623 5162 2614 5162 2617 5163 2623 5163 2608 5163 2609 5164 2624 5164 2615 5164 2618 5165 2624 5165 2609 5165 2235 5166 2625 5166 2236 5166 2619 5167 2625 5167 2610 5167 2616 5168 2625 5168 2235 5168 2610 5169 2625 5169 2616 5169 2611 5170 2626 5170 2617 5170 2620 5171 2626 5171 2611 5171 2621 5172 2627 5172 2612 5172 2612 5173 2627 5173 2619 5173 2622 5174 2628 5174 2613 5174 2613 5175 2628 5175 2620 5175 2623 5176 2629 5176 2614 5176 2614 5177 2629 5177 2621 5177 2615 5178 2630 5178 2622 5178 2624 5179 2630 5179 2615 5179 2626 5180 2631 5180 2617 5180 2617 5181 2631 5181 2623 5181 2211 5182 2632 5182 2210 5182 2212 5183 2632 5183 2211 5183 2618 5184 2632 5184 2624 5184 2210 5185 2632 5185 2618 5185 2619 5186 2633 5186 2625 5186 2627 5187 2633 5187 2619 5187 2620 5188 2634 5188 2626 5188 2628 5189 2634 5189 2620 5189 2621 5190 2635 5190 2627 5190 2629 5191 2635 5191 2621 5191 2630 5192 2636 5192 2622 5192 2622 5193 2636 5193 2628 5193 2623 5194 2637 5194 2629 5194 2631 5195 2637 5195 2623 5195 2632 5196 2638 5196 2624 5196 2624 5197 2638 5197 2630 5197 2236 5198 2639 5198 2239 5198 2239 5199 2639 5199 2241 5199 2633 5200 2639 5200 2625 5200 2625 5201 2639 5201 2236 5201 2626 5202 2640 5202 2631 5202 2634 5203 2640 5203 2626 5203 2212 5204 2641 5204 2632 5204 2213 5205 2641 5205 2212 5205 2635 5206 2642 5206 2627 5206 2627 5207 2642 5207 2633 5207 2628 5208 2643 5208 2634 5208 2636 5209 2643 5209 2628 5209 2637 5210 2644 5210 2629 5210 2629 5211 2644 5211 2635 5211 2630 5212 2645 5212 2636 5212 2638 5213 2645 5213 2630 5213 2631 5214 2646 5214 2637 5214 2640 5215 2646 5215 2631 5215 2632 5216 2647 5216 2638 5216 2641 5217 2647 5217 2632 5217 2241 5218 2648 5218 2242 5218 2633 5219 2648 5219 2639 5219 2639 5220 2648 5220 2241 5220 2642 5221 2648 5221 2633 5221 2634 5222 2649 5222 2640 5222 2643 5223 2649 5223 2634 5223 2644 5224 2650 5224 2635 5224 2635 5225 2650 5225 2642 5225 2636 5226 2651 5226 2643 5226 2645 5227 2651 5227 2636 5227 2646 5228 2652 5228 2637 5228 2637 5229 2652 5229 2644 5229 2638 5230 2653 5230 2645 5230 2647 5231 2653 5231 2638 5231 2649 5232 2654 5232 2640 5232 2640 5233 2654 5233 2646 5233 2214 5234 2655 5234 2213 5234 2215 5235 2655 5235 2214 5235 2213 5236 2655 5236 2641 5236 2641 5237 2655 5237 2647 5237 2642 5238 2656 5238 2648 5238 2650 5239 2656 5239 2642 5239 2651 5240 2657 5240 2643 5240 2643 5241 2657 5241 2649 5241 2644 5242 2658 5242 2650 5242 2652 5243 2658 5243 2644 5243 2645 5244 2659 5244 2651 5244 2653 5245 2659 5245 2645 5245 2646 5246 2660 5246 2652 5246 2654 5247 2660 5247 2646 5247 2647 5248 2661 5248 2653 5248 2655 5249 2661 5249 2647 5249 2648 5250 2662 5250 2242 5250 2242 5251 2662 5251 2245 5251 2245 5252 2662 5252 2246 5252 2656 5253 2662 5253 2648 5253 2649 5254 2663 5254 2654 5254 2657 5255 2663 5255 2649 5255 2216 5256 2664 5256 2215 5256 2215 5257 2664 5257 2655 5257 2658 5258 2665 5258 2650 5258 2650 5259 2665 5259 2656 5259 2659 5260 2666 5260 2651 5260 2651 5261 2666 5261 2657 5261 2660 5262 2667 5262 2652 5262 2652 5263 2667 5263 2658 5263 2661 5264 2668 5264 2653 5264 2653 5265 2668 5265 2659 5265 2654 5266 2669 5266 2660 5266 2663 5267 2669 5267 2654 5267 2655 5268 2670 5268 2661 5268 2664 5269 2670 5269 2655 5269 2662 5270 2671 5270 2246 5270 2656 5271 2671 5271 2662 5271 2665 5272 2671 5272 2656 5272 2246 5273 2671 5273 2249 5273 2666 5274 2672 5274 2657 5274 2657 5275 2672 5275 2663 5275 2667 5276 2673 5276 2658 5276 2658 5277 2673 5277 2665 5277 2659 5278 2674 5278 2666 5278 2668 5279 2674 5279 2659 5279 2669 5280 2675 5280 2660 5280 2660 5281 2675 5281 2667 5281 2661 5282 2676 5282 2668 5282 2670 5283 2676 5283 2661 5283 2672 5284 2677 5284 2663 5284 2663 5285 2677 5285 2669 5285 2216 5286 2678 5286 2664 5286 2217 5287 2678 5287 2216 5287 2664 5288 2678 5288 2670 5288 2673 5289 2679 5289 2665 5289 2665 5290 2679 5290 2671 5290 2666 5291 2680 5291 2672 5291 2674 5292 2680 5292 2666 5292 2667 5293 2681 5293 2673 5293 2675 5294 2681 5294 2667 5294 2668 5295 2682 5295 2674 5295 2676 5296 2682 5296 2668 5296 2669 5297 2683 5297 2675 5297 2677 5298 2683 5298 2669 5298 2670 5299 2684 5299 2676 5299 2678 5300 2684 5300 2670 5300 2671 5301 2685 5301 2249 5301 2249 5302 2685 5302 2251 5302 2679 5303 2685 5303 2671 5303 2680 5304 2686 5304 2672 5304 2672 5305 2686 5305 2677 5305 2218 5306 2687 5306 2217 5306 2219 5307 2687 5307 2218 5307 2217 5308 2687 5308 2678 5308 2681 5309 2688 5309 2673 5309 2673 5310 2688 5310 2679 5310 2682 5311 2689 5311 2674 5311 2674 5312 2689 5312 2680 5312 2675 5313 2690 5313 2681 5313 2683 5314 2690 5314 2675 5314 2676 5315 2691 5315 2682 5315 2684 5316 2691 5316 2676 5316 2677 5317 2692 5317 2683 5317 2686 5318 2692 5318 2677 5318 2678 5319 2693 5319 2684 5319 2687 5320 2693 5320 2678 5320 2251 5321 2694 5321 2253 5321 2253 5322 2694 5322 2254 5322 2688 5323 2694 5323 2679 5323 2685 5324 2694 5324 2251 5324 2679 5325 2694 5325 2685 5325 2680 5326 2695 5326 2686 5326 2689 5327 2695 5327 2680 5327 2681 5328 2696 5328 2688 5328 2690 5329 2696 5329 2681 5329 2682 5330 2697 5330 2689 5330 2691 5331 2697 5331 2682 5331 2692 5332 2698 5332 2683 5332 2683 5333 2698 5333 2690 5333 2693 5334 2699 5334 2684 5334 2684 5335 2699 5335 2691 5335 2695 5336 2700 5336 2686 5336 2686 5337 2700 5337 2692 5337 2219 5338 2701 5338 2687 5338 2220 5339 2701 5339 2219 5339 2687 5340 2701 5340 2693 5340 2688 5341 2702 5341 2694 5341 2696 5342 2702 5342 2688 5342 2689 5343 2703 5343 2695 5343 2697 5344 2703 5344 2689 5344 2698 5345 2704 5345 2690 5345 2690 5346 2704 5346 2696 5346 2699 5347 2705 5347 2691 5347 2691 5348 2705 5348 2697 5348 2692 5349 2706 5349 2698 5349 2700 5350 2706 5350 2692 5350 2693 5351 2707 5351 2699 5351 2701 5352 2707 5352 2693 5352 2702 5353 2708 5353 2694 5353 2254 5354 2708 5354 2257 5354 2694 5355 2708 5355 2254 5355 2703 5356 2709 5356 2695 5356 2695 5357 2709 5357 2700 5357 2221 5358 2710 5358 2220 5358 2222 5359 2710 5359 2221 5359 2220 5360 2710 5360 2701 5360 2696 5361 2711 5361 2702 5361 2704 5362 2711 5362 2696 5362 2697 5363 2712 5363 2703 5363 2705 5364 2712 5364 2697 5364 2706 5365 2713 5365 2698 5365 2698 5366 2713 5366 2704 5366 2699 5367 2714 5367 2705 5367 2707 5368 2714 5368 2699 5368 2700 5369 2715 5369 2706 5369 2709 5370 2715 5370 2700 5370 2710 5371 2716 5371 2701 5371 2701 5372 2716 5372 2707 5372 2711 5373 2717 5373 2702 5373 2257 5374 2717 5374 2259 5374 2259 5375 2717 5375 2261 5375 2708 5376 2717 5376 2257 5376 2702 5377 2717 5377 2708 5377 2703 5378 2718 5378 2709 5378 2712 5379 2718 5379 2703 5379 2713 5380 2719 5380 2704 5380 2704 5381 2719 5381 2711 5381 2705 5382 2720 5382 2712 5382 2714 5383 2720 5383 2705 5383 2715 5384 2721 5384 2706 5384 2706 5385 2721 5385 2713 5385 2707 5386 2722 5386 2714 5386 2716 5387 2722 5387 2707 5387 2709 5388 2723 5388 2715 5388 2718 5389 2723 5389 2709 5389 2223 5390 2724 5390 2222 5390 2710 5391 2724 5391 2716 5391 2222 5392 2724 5392 2710 5392 2719 5393 2725 5393 2711 5393 2711 5394 2725 5394 2717 5394 2712 5395 2726 5395 2718 5395 2720 5396 2726 5396 2712 5396 2713 5397 2727 5397 2719 5397 2721 5398 2727 5398 2713 5398 2722 5399 2728 5399 2714 5399 2714 5400 2728 5400 2720 5400 2715 5401 2729 5401 2721 5401 2723 5402 2729 5402 2715 5402 2716 5403 2730 5403 2722 5403 2724 5404 2730 5404 2716 5404 2261 5405 2731 5405 2262 5405 2717 5406 2731 5406 2261 5406 2725 5407 2731 5407 2717 5407 2726 5408 2732 5408 2718 5408 2718 5409 2732 5409 2723 5409 2224 5410 2733 5410 2223 5410 2223 5411 2733 5411 2724 5411 2727 5412 2734 5412 2719 5412 2719 5413 2734 5413 2725 5413 2720 5414 2735 5414 2726 5414 2728 5415 2735 5415 2720 5415 2729 5416 2736 5416 2721 5416 2721 5417 2736 5417 2727 5417 2730 5418 2737 5418 2722 5418 2722 5419 2737 5419 2728 5419 2723 5420 2738 5420 2729 5420 2732 5421 2738 5421 2723 5421 2724 5422 2739 5422 2730 5422 2733 5423 2739 5423 2724 5423 2731 5424 2740 5424 2262 5424 2725 5425 2740 5425 2731 5425 2734 5426 2740 5426 2725 5426 2262 5427 2740 5427 2265 5427 2726 5428 2741 5428 2732 5428 2735 5429 2741 5429 2726 5429 2736 5430 2742 5430 2727 5430 2727 5431 2742 5431 2734 5431 2737 5432 2743 5432 2728 5432 2728 5433 2743 5433 2735 5433 2738 5434 2744 5434 2729 5434 2729 5435 2744 5435 2736 5435 2730 5436 2745 5436 2737 5436 2739 5437 2745 5437 2730 5437 2741 5438 2746 5438 2732 5438 2732 5439 2746 5439 2738 5439 2733 5440 2747 5440 2739 5440 2224 5441 2747 5441 2733 5441 2225 5442 2747 5442 2224 5442 2226 5443 2747 5443 2225 5443 2734 5444 2748 5444 2740 5444 2742 5445 2748 5445 2734 5445 2735 5446 2749 5446 2741 5446 2743 5447 2749 5447 2735 5447 2736 5448 2750 5448 2742 5448 2744 5449 2750 5449 2736 5449 2737 5450 2751 5450 2743 5450 2745 5451 2751 5451 2737 5451 2738 5452 2752 5452 2744 5452 2746 5453 2752 5453 2738 5453 2747 5454 2753 5454 2739 5454 2739 5455 2753 5455 2745 5455 2740 5456 2754 5456 2265 5456 2748 5457 2754 5457 2740 5457 2265 5458 2754 5458 2266 5458 2266 5459 2754 5459 2269 5459 2749 5460 2755 5460 2741 5460 2741 5461 2755 5461 2746 5461 2227 5462 2756 5462 2226 5462 2226 5463 2756 5463 2747 5463 2742 5464 2757 5464 2748 5464 2750 5465 2757 5465 2742 5465 2751 5466 2758 5466 2743 5466 2743 5467 2758 5467 2749 5467 2744 5468 2759 5468 2750 5468 2752 5469 2759 5469 2744 5469 2753 5470 2760 5470 2745 5470 2745 5471 2760 5471 2751 5471 2755 5472 2761 5472 2746 5472 2746 5473 2761 5473 2752 5473 2747 5474 2762 5474 2753 5474 2756 5475 2762 5475 2747 5475 2269 5476 2763 5476 2271 5476 2757 5477 2763 5477 2748 5477 2748 5478 2763 5478 2754 5478 2754 5479 2763 5479 2269 5479 2749 5480 2764 5480 2755 5480 2758 5481 2764 5481 2749 5481 2750 5482 2765 5482 2757 5482 2759 5483 2765 5483 2750 5483 2751 5484 2766 5484 2758 5484 2760 5485 2766 5485 2751 5485 2752 5486 2767 5486 2759 5486 2761 5487 2767 5487 2752 5487 2762 5488 2768 5488 2753 5488 2753 5489 2768 5489 2760 5489 2755 5490 2769 5490 2761 5490 2764 5491 2769 5491 2755 5491 2756 5492 2770 5492 2762 5492 2228 5493 2770 5493 2227 5493 2229 5494 2770 5494 2228 5494 2227 5495 2770 5495 2756 5495 2757 5496 2771 5496 2763 5496 2765 5497 2771 5497 2757 5497 2766 5498 2772 5498 2758 5498 2758 5499 2772 5499 2764 5499 2759 5500 2773 5500 2765 5500 2767 5501 2773 5501 2759 5501 2768 5502 2774 5502 2760 5502 2760 5503 2774 5503 2766 5503 2761 5504 2775 5504 2767 5504 2769 5505 2775 5505 2761 5505 2762 5506 2776 5506 2768 5506 2770 5507 2776 5507 2762 5507 2771 5508 2777 5508 2763 5508 2271 5509 2777 5509 2272 5509 2272 5510 2777 5510 2275 5510 2763 5511 2777 5511 2271 5511 2764 5512 2778 5512 2769 5512 2772 5513 2778 5513 2764 5513 2229 5514 2779 5514 2770 5514 2230 5515 2779 5515 2229 5515 2773 5516 2780 5516 2765 5516 2765 5517 2780 5517 2771 5517 2766 5518 2781 5518 2772 5518 2774 5519 2781 5519 2766 5519 2767 5520 2782 5520 2773 5520 2775 5521 2782 5521 2767 5521 2768 5522 2783 5522 2774 5522 2776 5523 2783 5523 2768 5523 2769 5524 2784 5524 2775 5524 2778 5525 2784 5525 2769 5525 2779 5526 2785 5526 2770 5526 2770 5527 2785 5527 2776 5527 2771 5528 2786 5528 2777 5528 2777 5529 2786 5529 2275 5529 2275 5530 2786 5530 2276 5530 2780 5531 2786 5531 2771 5531 2772 5532 2787 5532 2778 5532 2781 5533 2787 5533 2772 5533 2773 5534 2788 5534 2780 5534 2782 5535 2788 5535 2773 5535 2774 5536 2789 5536 2781 5536 2783 5537 2789 5537 2774 5537 2775 5538 2790 5538 2782 5538 2784 5539 2790 5539 2775 5539 2776 5540 2791 5540 2783 5540 2785 5541 2791 5541 2776 5541 2787 5542 2792 5542 2778 5542 2778 5543 2792 5543 2784 5543 2231 5544 2793 5544 2230 5544 2779 5545 2793 5545 2785 5545 2307 5546 2793 5546 2308 5546 2230 5547 2793 5547 2779 5547 2308 5548 2793 5548 2231 5548 2788 5549 2794 5549 2780 5549 2780 5550 2794 5550 2786 5550 2781 5551 2795 5551 2787 5551 2789 5552 2795 5552 2781 5552 2782 5553 2796 5553 2788 5553 2790 5554 2796 5554 2782 5554 2783 5555 2797 5555 2789 5555 2791 5556 2797 5556 2783 5556 2784 5557 2798 5557 2790 5557 2792 5558 2798 5558 2784 5558 2793 5559 2799 5559 2785 5559 2307 5560 2799 5560 2793 5560 2306 5561 2799 5561 2307 5561 2785 5562 2799 5562 2791 5562 2794 5563 2800 5563 2786 5563 2276 5564 2800 5564 2279 5564 2786 5565 2800 5565 2276 5565 2787 5566 2801 5566 2792 5566 2795 5567 2801 5567 2787 5567 2788 5568 2802 5568 2794 5568 2796 5569 2802 5569 2788 5569 2789 5570 2803 5570 2795 5570 2797 5571 2803 5571 2789 5571 2798 5572 2804 5572 2790 5572 2790 5573 2804 5573 2796 5573 2799 5574 2805 5574 2791 5574 2791 5575 2805 5575 2797 5575 2306 5576 2805 5576 2799 5576 2305 5577 2805 5577 2306 5577 2304 5578 2805 5578 2305 5578 2792 5579 2806 5579 2798 5579 2801 5580 2806 5580 2792 5580 2802 5581 2807 5581 2794 5581 2800 5582 2807 5582 2279 5582 2794 5583 2807 5583 2800 5583 2279 5584 2807 5584 2281 5584 2281 5585 2807 5585 2282 5585 2803 5586 2808 5586 2795 5586 2795 5587 2808 5587 2801 5587 2796 5588 2809 5588 2802 5588 2804 5589 2809 5589 2796 5589 2805 5590 2810 5590 2797 5590 2797 5591 2810 5591 2803 5591 2304 5592 2810 5592 2805 5592 2303 5593 2810 5593 2304 5593 2798 5594 2811 5594 2804 5594 2806 5595 2811 5595 2798 5595 2801 5596 2812 5596 2806 5596 2808 5597 2812 5597 2801 5597 2809 5598 2813 5598 2802 5598 2802 5599 2813 5599 2807 5599 2803 5600 2814 5600 2808 5600 2303 5601 2814 5601 2810 5601 2302 5602 2814 5602 2303 5602 2810 5603 2814 5603 2803 5603 2811 5604 2815 5604 2804 5604 2804 5605 2815 5605 2809 5605 2806 5606 2816 5606 2811 5606 2812 5607 2816 5607 2806 5607 2807 5608 2817 5608 2282 5608 2813 5609 2817 5609 2807 5609 2282 5610 2817 5610 2285 5610 2808 5611 2818 5611 2812 5611 2814 5612 2818 5612 2808 5612 2302 5613 2818 5613 2814 5613 2301 5614 2818 5614 2302 5614 2300 5615 2818 5615 2301 5615 2809 5616 2819 5616 2813 5616 2815 5617 2819 5617 2809 5617 2816 5618 2820 5618 2811 5618 2811 5619 2820 5619 2815 5619 2812 5620 2821 5620 2816 5620 2818 5621 2821 5621 2812 5621 2299 5622 2821 5622 2300 5622 2300 5623 2821 5623 2818 5623 2285 5624 2822 5624 2286 5624 2286 5625 2822 5625 2288 5625 2819 5626 2822 5626 2813 5626 2813 5627 2822 5627 2817 5627 2817 5628 2822 5628 2285 5628 2815 5629 2823 5629 2819 5629 2820 5630 2823 5630 2815 5630 2821 5631 2824 5631 2816 5631 2816 5632 2824 5632 2820 5632 2298 5633 2824 5633 2299 5633 2299 5634 2824 5634 2821 5634 2823 5635 2825 5635 2819 5635 2819 5636 2825 5636 2822 5636 2820 5637 2826 5637 2823 5637 2298 5638 2826 5638 2824 5638 2297 5639 2826 5639 2298 5639 2296 5640 2826 5640 2297 5640 2824 5641 2826 5641 2820 5641 2825 5642 2827 5642 2822 5642 2822 5643 2827 5643 2288 5643 2288 5644 2827 5644 2291 5644 2296 5645 2828 5645 2826 5645 2295 5646 2828 5646 2296 5646 2826 5647 2828 5647 2823 5647 2823 5648 2828 5648 2825 5648 2827 5649 2829 5649 2291 5649 2828 5650 2829 5650 2825 5650 2292 5651 2829 5651 2294 5651 2825 5652 2829 5652 2827 5652 2291 5653 2829 5653 2292 5653 2294 5654 2829 5654 2295 5654 2295 5655 2829 5655 2828 5655</p>
        </triangles>
      </mesh>
    </geometry>
  </library_geometries>
  <library_materials>
    <material id="mat_finger_body_shape003" name="finger_body_shape003">
      <instance_effect url="#effect_finger_body_shape003"/>
    </material>
  </library_materials>
  <library_visual_scenes>
    <visual_scene id="myscene">
      <node id="node0" name="node0">
        <instance_geometry url="#geometry0">
          <bind_material>
            <technique_common>
              <instance_material symbol="ref_finger_body_shape003" target="#mat_finger_body_shape003"/>
            </technique_common>
          </bind_material>
        </instance_geometry>
      </node>
    </visual_scene>
  </library_visual_scenes>
  <scene>
    <instance_visual_scene url="#myscene"/>
  </scene>
</COLLADA>
